Barcode_ID,Collection type,Barcode,Mixed positions,Unknown positions
J0010103_1412,Fingerprick,TGGGTGGXCNAXTXGTAAXAAATAAGTGXAGAGGCCATAGTTGXCGTGCGATXNAXAAAGATCXTCACTCAGGTAGXACAANACTTGXAXAGCANNTGCTX,5,13
J0010107_1506,Fingerprick,TXXXXXXXXXXXXXGNXGXXXXXNXXXAXXXXXACXXXXXCTXXXXCXXXXXXNXXXXTGXXXTCXXXTXXXCXAAXAXXTXXXCXXXXAXXXXXXAXXTX,3,75
J0010107_1511,Fingerprick,XGGCTGGXTXAXTXGGAAXXGXATAXTGCAXXGXGCXCAGCCAXTATXCTATXTAXGXAGXTCXXXXTCXAGGTAACAXGAAXCTTCXACAAXXGATCXTX,0,31
J0010112_1511,Fingerprick,TGGGXXGXTXAXXXGTAAXXNAAAAXTNXAXAXXCNXNGGTTXXCACAXXATXTAXXGTGXNCXXXXTNXGXCXAACGTXTXXTTXGXAAXXTXAAAGTCX,6,39
J0010118_1506,Fingerprick,TGXGCXNXTXXXXXXGXNXXAAAXAXXNXAXAXXCTXTAGCCXXTGCXXXXCXCGXXATGXCCXXXXXCXGGCXAXXGXXTXXTNXGXXXXXTXGXNCTTX,5,52
J0010120_1412,Fingerprick,TGGNTXXTXTXXXXXGAGXXXAXTAGXGXAXXXXGNXXXXTNAXNXNXXXXCXNXXXGXAXXCXCXXXTXXXCTAAXGXATXXTTXXXXAXXXXXXAXNCX,7,58
J0010129_1412,Fingerprick,XGXGXAGXTXAXXXXGAGXAAAAAGXXAAAGAGGCTACGXXCGXTACAXTACXTGXAGTGATCXCCATTCAGCXAAAAXGXXCTCTGXTXXXTAAGACCCX,0,28
J0020202_1412,Fingerprick,XAGXCXGTTTAXXXXXAAXAAATAAXXAAAGGXGGTXTGXXTAXTACAXTCXXCAXXAAAACCXXXXTCXGXCTTXXXXXTAXTTTXXTXAXXXAAXXCCX,0,42
J0020208_1412,Fingerprick,TGXCNAXTTTAXXXXXAXXAXAAXAGTXAAGGXXXCACGXXCXXTACAXGCTXXAXXNXXACXXTXXXXXAGGXXAAXTGTACTTCXXTXNGTAXXXCNCX,4,43
J0020301_1412,Fingerprick,TGANXAAXNCAXTXGXXNXXGAXXAGTGXAGXXGCNXTAGXXXXCGNGXXAXXCAXANXGACNXCXXTCXXXCXXAAAXXAXXTNTGXTCXXCCAAAXXTX,8,42
J0020302_1506,Fingerprick,XGGCTAGXTCAXTXGGAGXGAAAAAGTAAAGGAGGTACAGCCAXCACGCGACXTAXAGTAACCXCCACCTAGCTTAAACGTXCTCTGXTAAXCAGGACTTX,0,13
J0020310_1512,Fingerprick,TXXXXGGTXXAXTXGTAXXAXATXXXXACXXAXACXGXXXXXXXXXCGCGATXXAXXAAXXXCXXCXCCXXXGTTXXXXXAAXXTCCXXAAXCAXGAXXXX,0,56
J0020313_1412,Fingerprick,XXXXXXAXTXAXXXXXXXXAXAAXXXXAXAXAXXXXXXXGXTXXTAXXXTATXXXXAATXXCXACXXXXXXGCXXACXCGTGXXXCGXAXAAXAXGXCXXX,0,63
J0020317_1412,Fingerprick,TXXXXXXXTXXXXXGGXGXXXXXAXXXAXXXXXACXXXXXCXXXXXCXXXXXXCAXXXTGXXXXCXXXCXXACXAXCAXXTXXXCTXXXXXXXXXXAXXTX,0,74
J0020322_1511,Fingerprick,XGXCXGXTNTAXXXXGAAXXAAXXXAXGXCGAXXNTXCXGTXXXTXCNXXCTXTGXAATGXXXXXXXCTXAGGXXGCXXXXXXTCTGXTXXGXXAAXCXCX,3,51
J0030406_1701,Venous blood,XGGGTGXTTTAXTXXTAGXAXXTXAGCGAAGAGGGCGTAGXCAXTACGCXXTXXXGAGXAACCXTCATTCAAGTTGCXCATACXCCGXXAAACAAAXCTTC,0,23
J0030406_1702,Venous blood,XGGGTGGXTTAXTXXXAXXAGXTXAGCGAAGAGAGCGTAGXCAXTACGCTATXXXXAGTXACCXXCATXCAAGTXGCXCAXACTXCGXXXAACAAAXCTXX,0,30
J0030406_1704,Venous blood,XGGGTGXXTTAXTXXXAXXAXXTXAGXAAAGAGACCGTAGXCAXTACGCTXTXXXXAGXAACCXTCATCCAAXTTGCXCATACXTXGXTAAACAAAXCTTX,0,29
J0030406_1705,Venous blood,TGGGTGXXTTXXTXGTAGXAGXTAAGCGAAGAGAGCGTAGXCAXTACGCTXTXCXXAGTAACCXCCATCCAAGTAGCXCATACTTCGXXXAACAAAACTTC,0,18
J0030407_1512,Fingerprick,TGAGTGNXTTAXTXGTAAXNGANAAXCGAAGAGXCCATAGTTAXNNCGXTATXTAXAGTGACNXCTANTCAGGTNANATGANCTNXNXTAAXXAANANNNX,16,16
J0030409_1610,Venous blood,TGGGTAATTCAXGXGTAGXAXXATAGCGCAGAGXNTACAGNCGXTACGCTXTXCAXGGTACCTTCCXCCTGGCTNACNCANGATNTGXAXAATAGAACTCT,6,13
J0030417_1412,Fingerprick,TGGGTGGTTNAXTXXGAGXANAAAAGTAAAGAAAGCNTNGTCAXTGCGCTATXTGXAGTGATTXTCATCCGGGTAACGTATNCTTTGXTXAANAGGACCCX,6,11
J0040504_1511,Fingerprick,XAXGXGAXTXXXTXXGAAXXACTXXXCGXAGXAXGTXXAXXXXXXXXXXXXXXXXXXXTGXXXXXXXXXXXAGXXAAGXGTXXXTCXXXXXAXAAXAXXTX,0,65
J0050605_1511,Fingerprick,XGXGTGGXTTAXTXXGXNXXAAAAAACNXXGXAXGTANAGCCXXNNCNXXANXTAXAGXNATCXXXXTNXXNNXNGXAXATAXTCTGXAAXACXNGANXTX,14,35
J0050607_1412,Fingerprick,TGGCTAGTTTAXTXXTAAXGAATAAGTGAAGAAXGTATAGCCGXTGCACTACXTAGGGXAATXTTCACCCGGGTTGAACATAXTTTCXTXAGXAGGACTTX,0,14
J0050611_1611,Fingerprick,TGGGCGXATTXXTXTTAAXGXXAAAGXGCAGGGGGTATAGTCAXCACGCGXTXCXXAGTACTCXCCATCCAGCTTACACGAGATTCGXXAAATAGGTCTTC,0,16
J0050616_1512,Fingerprick,XGGGCAGTTTAXTXGGAGXAAATAAGCAAAGAAXGCACAGTTAXTACACGATXTGXAGTGACCXTCATTTAGCTAAAACATGCTCTGXAXAACAAGTCTTX,0,12
J0050617_1611,Venous blood,AGGCTAXXTTAXTXXTAAXAGXAAAGXGAAGNGGGCNTAGCTAXCACACGXNXCGXANNGACTXNCATNCAGCTTAAATATGCTCCGXXAANTAAGTCTTX,8,16
J0050618_1610,Venous blood,TGXXTXXXTTAXTXXGAGXGGXTAAXXGXAXXGGGTXXAXCCXXXACGCGXTXTXXAGTACCTXTXXTCXXXCXXAXACXAGACTCGXTXAAXXAGACXTX,0,41
J0060701_1511,Fingerprick,TGGGCGGTTTAXTXXGAGXGAAAAAGTGANGAAXGNATNGTNAXTACGXGATXTGXANTGATNXCCXTNCNGGTANCGTATACTNTGXAXNATAGGNNNNX,15,14
J0060704_1511,Fingerprick,XXXGXXGXXXXXXXXGXXXXAAXXAGXAXXXXXXCXXCAGXXXXTAXXXXXXXXAXXAXXXXXXXXXXXXAGCXAXCAXAAAXTXTXXXCCGTXXXXXXTX,0,69
J0070804_1610,Venous blood,AAGGTAXXTCAXGXXTAGXXGXAAAGXGAAGGGAGTATGGTXXXTACACTXCXCAGAAAAAXCACCATTTAGGTAAXAXGTACXCTCXTAAATXAATXCTX,0,22
J0080906_1511,Fingerprick,TGGGTGGXTTAXTXXGAGXGAATAAXCAACGGGAGCACAGTCAXCACGCTACXTAXAGTGATCXCCACCCAGCTTACAXATAATCTGXACAXXAAGTCTTX,0,15
J0091005_1603,Fingerprick,TGGGTGATTCAXTXGTAAXGAATAAGTGCAXAAGGTACAATCGXTACACGATXCAXAGTAACCXCTATTCGGCTAACGCGAAATTCGXTACACAAAACCTX,0,10
J0101103_1701,Venous blood,TGGCTGATTTAXTXTTAXXGGXTAAGCGAAGAAGGTATGGTCAXTATGCTXCXCAGGGTGATCXTTACTCGGCTTACACGTAACCTGXAACGCAAGACTTT,0,10
J0101103_1702,Venous blood,XGGCTGXXTTAXTXXXAGXGGXTXAGXGAAGAAXXTATGGXCAXTATGCTXCXXAGGGXXATCATTACCCGGCTXACACGAAACXTGXAACGCAAGACTXT,0,24
J0101103_1703,Venous blood,TGGCTGXXTTAXTXGGAAXGGXTAAGXGAAGAAGCTATGGCCAXTATGCTXCXTXXGGAAATCACTACTCGGCTAACACGAAXCCTGXACCGCAAGTCTTT,0,14
J0101103_1704,Fingerprick,AGGCXGXXTTAXTXGTANXGXATXAXXAAAGAAGCTXTAGXCAXCATGCTXTXTGXXGAAACCXTNXNTXAGCXNGCACXTXACNNXXNACXCXANXCTTT,8,28
J0101103_1705,Venous blood,XGGNTGAXTNAXXXTXAXXGGATXAGXNNAXAXAXTXTGGXCAXTATGCTXCXXAXGGXXACCATTXTXXGGXTXACXCXXXACXTGXAXCACAAGXNTXX,5,37
J0111208_1610,Venous blood,XGGGCGXATTAXTXXXAXXGXXAXAGXXCAGGGXXTATAGXCAXCACGCGXTXXXGAGXXCTCAXCATXCAGCTXACXCGXGAXXCGXTXAAXAGGXCTXX,0,36
J0111209_1412,Fingerprick,TXXCTXXXXXXXTXXTAXXGAATAAXTGXAGAXXXXXXXXXXXXXGXXXXXCXXAGXGXAATXTTCXCCCGGGXXGAACATAXXTXCXXXXXXXXGTXXXX,0,56
J0111211_1412,Fingerprick,TGGGTAATTCAXTXGGXGXAAAAAAGTACAGAXXGCXTGGTTXXTACACTATXTAGAAXGACCXCCATCXAGCXXACXXGTGXCCCGXAXAACAAXTCTCX,0,22
J0121309_1412,Fingerprick,XXXXCAGTTTAXTXXXXGXXAXAXXGTXXAGGAXXTXTXXCCXXTAXACGCXXXAXXGTXXCXXTXXTCXXGCXXXXXXXXAXTXXGXXXXXTXAAXXXXX,0,59
J0131404_1511,Fingerprick,TGGGCGGTCCAXTXGGAAXGAAAAAGTAAAGAAXGTATAGTTAXTACGCGATXCAXAGTGACCXCXATCCXGGTTACACGTGCTTCGXTACGXAAAAGCTX,0,13
J0131406_1512,Fingerprick,AGGGTGATNCAXTXGGAAXGAATAAATGAAAGAGGTGCAGTCAXCGCNCGATXTAXAGXAATCXCCXTNXAGGTAACACATGXNNTGXAXAANAAGACTCX,6,14
J0141502_1412,Fingerprick,XXXXXXGXTXXXXXGXAXXGAAXXXGXXXXXXAXGCAXXXXCXXXAXAXXAXXCXXXXAGXXXXCXXTXXGXGTTXXXXXXXATTXGXXXXGCXXXXXCXX,0,69
J0141503_1511,Fingerprick,TGGNTNGXTTAXTXGGAAXANNAAAGNAAAGGAANNACAGTTAXTANACNACXTGXANTGACNXTCATCCNGCTAAAACAANCTNCGXNANGTANNTCNCX,19,10
J0141506_1506,Fingerprick,TGGCTAGXTCAXTXGGAGXGAAAAAGTGCAGGGACTACAATCGXTGTGCTACXCGXAGTGACCXCCXTCCGGCTAACATGTAXCTTCXTCAGTAGAAGCCX,0,12
J0141506_1511,Fingerprick,TGGNTGGXTTAXTXGGAAXANNNAAXTACAGGAACNACAGXNAXTATNCNANXTGXANTGCCNXTCATCCAGCTAANNCAAGXTNCGXNANGTAGNTCTCX,17,13
J0141509_1412,Fingerprick,TGGCTAGTTCAXTXGGAGXGAAAAAGTGCAGGGXCTACAXTCGXTGTGCTACXCGXAGTGACCXCCTTCCGGCTAACATGTAXCTTCXTXAGTAGAAGCCT,0,12
J0151608_1701,Venous blood,TGGGTGXTTTAXTXXGAAXAXXAAAACGAAGGAGGCGCGATCAXTACGCTCCXTXXAGAAATTXTCATTCAAGTTGCACAAGCTTCCXXXAATAAATCTTC,0,15
J0151608_1703,Fingerprick,TGGGTXAXTCAXTXGNAGXAXXATAGCGAAXGAGCTXCAXCTXXTACGXXXXXCAXAGNAXCCTCXXTCXAXGTAAXNCANACXNTCXTAAACAXATGXNT,6,28
J0151608_1704,Fingerprick,AGGCTGXXNTAXTXXTAGXNXXNTAGCGCAGNXAGNANNGXNNXTACNCNXNXCGXAGAAANNXTCXNTCNGCTTACXNNAGNXCTGXAXAGCAAAXCTTT,19,21
J0151609_1512,Fingerprick,TGAGTXGXCCAXTXXGAAXAGAAAAXXGACGGAAGCXCGGTXXXCATGXXAXXTAXAGTGXXTXCXXTTXGGGATACGCAAAXTTTGXTCXXTXGXACTCX,0,30
J0151616_1412,Fingerprick,TGGCTGATCTAXTXGGAGXAGATTAGTGAAGGAGCTACAXTCAXTACACGACXTAXGGTAATCXTCATCCGGGTAACGTGAACCCTGXAXAACAAATCTCX,0,11
J0161702_1603,Fingerprick,TAGGCNNXTTAXTXGGAAXNANNANGTANAGAAGGCNTAGTTNXCACACTATXCNXGGTGANNXCCTCTNNGGTANCGTNAAATTTGXTAAGCANNACCCX,18,10
J0161706_1412,Fingerprick,XGXXXXXXXXXXXXGXXGXAAAXXAXXXAXGXNAGCXXAXXTNXXXXACXAXXTXXXXXGACXXXXXTCXXXXXXXXAXXXGACCXXXXCAXXAXXXXXXX,2,68
J0161708_1412,Fingerprick,XAGCCXXXXXAXTXXXAGXGAAXXXXXAAXXAXXGXATGXCCXXTACAXGCXXXAGXXXAACCXCXAXCXGGCXXXXAXGXAXTTTXXXXAGXXAAAXXXX,0,52
J0161710_1412,Fingerprick,XXXXXXGXXXXXXXXXXXXXAXXXXXTAXAGAXXXTXXXXCCXXXACXXXCXXXXXAXXAXXXAXXXXXXXXGTTXXXXXXAXXTXXXXXXGXXXXXXXXX,0,79
J0161711_1603,Fingerprick,AGGCTGATTCAXTXGGAAXAAAAAAGCAAAGGGGGCATAGCCAXTACACGACXTGXAGAGACCXCTATTXAGGATGCATGTACTTCGXAAAATAAGAGCTX,0,10
J0171802_1611,Venous blood,AGGCTAXXTTAXTXXTAGXAGXAAAGCGAAGAGAGCATAGTTAXCACACGXTXCAXAGTAACTXCCATTCAGCTTAAATAAGCTTCGXTAAGTAAGTCTTT,0,13
J0171803_1511,Fingerprick,TGAGTGGXTCAXTXGTAAXAAAATAGTGAAGGXGCCGCAGTCAXTACACTACXTGXAGTGATTXCCATCXGGGTAAAAXAAAXTCCGXTXAXXAAGTGCTX,0,17
J0171804_1412,Fingerprick,XGXGCAAXNXAXTXXGAGXNNAAANNTAANGXXXNNXNAXCNGXNGCAXTANXCAXNATAATCXTXXTCXGGGXAAXXCXTAXNNTGXTXAXTXAAACCTX,15,31
J0171804_1610,Venous blood,XAGGXAXXTCAXTXXTAGXXGXAAAGCGAAGGGXGTATGGXCAXTACGCTXCXCXXAAAAXTCXCCXTTTAGGTAAXAXGTAXCCTCXXAAXXAAATGCTX,0,28
J0171805_1611,Venous blood,ANGGTGXTTCXXTXXTAAXGGXAAANCGAAGGGGGCGTGGCTNXNACGCGXNXCXXNAAGACTTTCACCCNGCTTACAXATAATCCNXAANACAANTGCTC,10,14
J0171806_1511,Fingerprick,TGGGTGATTTAXTXXGAGXAAATAAXTGAAGAAGCTGCAXTTGXTACGCGXTXTGXAAAGACCXCCTCTCAGGTAAAACAAGCTCCGXAAAGTXAGAGTCX,0,14
J0181907_1412,Fingerprick,XAXCXXGXTXAXXXXXAGXAAATXXGCAAAGXXXCCXCAXXCXXCGCXXXATXTGXAAXGATXXXXXCCXAGGXXACXTGXNXTTTXXAAAXTXAAXCXTX,1,46
J0181910_1511,Fingerprick,XGNNTGATNTAXTXXTAAXAGATAAGTNCAGAXAGCNTAGNTAXTGCGXGATXNGXAGNGACCXCXXCTXAGGTTNCATXANCTTXCXAAAGCXANAGTNX,12,19
J0181911_1611,Venous blood,AGGGCGXATTAXTXXTAAXXGXAAAGXGCAGGGGGTATAGCXAXCAXGCGXCXCAGXGAGCTCXTCATCCAGCTTACACXTGACCTGXTAAAXAGGTCXTC,0,19
J0181912_1412,Fingerprick,XAGGXAGXTXAXTXXGAGXAAATAAACACNGXAXGTANGXXCXXTACGCTANXNAXAGAAXTCXCTXCCCNGCTTAXAXGTAATCTGXAXAGXXAATCNCX,6,26
J0202102_1412,Fingerprick,XGGGCXXTTTXXXXXXAXXXXAXXAXXXCAXXGXXCATGXXCXXCACXXXXXXXGCXGXXXXCXXXXXXXAACTXAXXTXXGXXXXXXXXXXXXXXXXTXX,0,68
J0202107_1412,Fingerprick,TGGGTGGTCTAXTXGTAAXAAATAAGTGCAGAGGXCATAGTTGXCGTGCGATXTACAXXGATCATCACTCAGGTAGCACAAGACTTGXAXAGCAAXTGCTX,0,12
J0212203_1412,Fingerprick,TGGNNAATTTAXTXGGANXNAATTNNTAAAGNAXGTACAXCCAXNACGCTANXTAGAGAGATCXCCANNTAGCTNAAACNNGATCTGXTXANTANGACTTC,16,10
J0212204_1412,Fingerprick,XXXXXAXXXXAXTXXXXGXXAXXXXXXXXXXXGXGXXTAXXXXXXGXACXAXXCAXXGXXAXXXXXXXCXAAXXXXXXTGXXXTXXXXTXXXTXXXXXXCX,0,75
J0222301_1511,Fingerprick,TGGCTGAXCTAXTXGGAAXAAATTAXTGXAGGXGGTXCAGTCAXTACAXGACXCAXXGTXAXXXTXXTCXGGGTAACGTXAAXTCTGXAXAGXAAAXCTTX,0,27
J0222302_1701,Venous blood,XGGCNGAXTNAXTXTXAXXNXATXAGXAACGGXACTATNGXTAXTANGCGXCXTAXGGAXANCXXCXCCCGGCTTNCXCAXNCCXTGXAXCACAGATNNTT,10,25
J0222306_1412,Fingerprick,XGXCTAGXXXXXTXXXAGXGXATXAXXGAAXGXXXCXXXXXTXXXACXXXXXXXAXXGXXXXCXCXXXCCGXCXXAXAXXXAXTTTXXXAXXXXXXAXTTX,0,63
J0232404_1511,Fingerprick,TGGCTNAXCTAXTXGGAAXXGAAAAGNGAAGAAGGCATAGTNAXTATAXXACXNGXGGTGXTCXCCATTXAGGTANCACGTXCCTTGXTXAXCAAATCNTX,6,18
J0232410_1511,Fingerprick,TGGNCNAXNXAXTXGTANXANATTAXTGAAXXXGCTANAGXCAXTACAXGACXNAXXGTAXTCXTXATCXGGGTAACGXXNAXTCTGXAXAGXNAATNTNX,11,26
J0242509_1611,Fingerprick,TGGGTGXTTTXXTXTTAGXAGXTAAGCGCAGAGAGCACAGXCGXTACGCTXTXTGXAGAACCTXCCACCTGGGTTACACAAACTCTGXAAAXTAAAXCTTC,0,15
J0242517_1611,Venous blood,TGGGTGAXTTAXTXTTAAXGGXTANXCGXAXAAGGTXTANXXAXNACNCGXTXCGXANTGANCATCXTTCAGCTTNXACAAACXCCGXTAANNXNATCTTC,10,20
J0242520_1412,Fingerprick,TGGGXAATTCAXTXGGAGXAAAAAAXXAAAGAAAGCATGGTTAXTACACTATXTAXAATGXCCACCATCCAGCTAACGXGTGXCCCGXACAACAAGTCTCX,0,14
J0252609_1412,Fingerprick,XGGGTAXXTXAXTXXXXGXAAXAXAXXAAXXXXXGCXTGGXTGXTGCXXGAXXTGGXXTGACXTXXXXXXAGCXXACXXXXXACXXGXXXXXCAAGXGXXX,0,53
J0252610_1611,Venous blood,TXGCXGXTNTGXTXGNANXAGXATXGXNCXXGGGCTXTXGXCXXTGCAXGXXXNGXXANNATXXNXXTNXAGCXNACNTAAGACNTXXTAAGCXXAANTTT,13,32
J0252620_1511,Fingerprick,XGXGXXNXTCAXTXXXXNXGAAAXAXXGXAXXXGCTXCAXTXXXTACAXXXXXNAXXGTGXXXXCXXCTXGGGXAACACXTXXCCTGXACAATAAATXTCX,3,44
J0262707_1412,Fingerprick,TGGCTGGXTTAXGXGGAAXAACTAAGCGCAGGGGGCGTAGTCAXTGCGCGATXTAXGGAGATCTTCTCTTAGGTAGCGTGTACCCTGXTACATAAATCCTX,0,9
J0262707_1506,Fingerprick,TGXCTGXXTXXXGXXGAXXAACXXAGCGXAXGXXGCXXXGTCXXTXCGXXXTXXAXXNXGATCXXXTCTXGXGXTGCGTGTXXXCTGXXXCXTXAAXCCTX,1,46
J0262710_1511,Fingerprick,XGGGTGAXTXAXTXGGAXXAGAAXAXXGAXGAAXGXXTAGTCAXTACGCTATXTGXAGTGACCXCCXTTXAGXTAAXGXATAXCTTGXTXXACXXAACXCX,0,31
J0262712_1412,Fingerprick,TAGCCXGTTTAXTXGGAGXGAATAGGTAAAXGAGGTATAXCXAXTGCACGXTXCAGAXAAXCCXCXXXCCAGCTTACAXGTACTTTGXAXAGTAAATCCCX,0,20
J0262723_1511,Fingerprick,TGAGCAGTTCAXTXXTAAXGGATTGGCAAAGAGACCATAGTTAXTACGCGATXTAXAGAAACCXCCACCTGGGTAACGTATAATTTGXACAACAAGTCCTX,0,10
J0262731_1412,Fingerprick,TGGGXGGTTXAXTXXGAGXAXAAAAGTAAXGAAXGCXTAGTCAXTGCGCTATXTGXAXTGATTXTCATCCGGGTAACGXATXCTTTCXXAAACAGGACCCX,0,20
J0262739_1412,Fingerprick,XXXCXXXNTXAXXXXXXXXAXXTXXAXXAXXAXGXXAXAXCCAXXGXXXGXTXXNGXXAXACXXXXAXXXAGXXXXAXTGXNCXXTCXAXNNXAXXXNXCX,6,62
J0262741_1412,Fingerprick,XXXXXXXXTXXXXXXXXXXXAXXXXXXXXXXXXXGXXXXXXXXXXACXXXXXXTXXAXXXXXXXXXXTXXXXCXXXXXXXXXXTXXXXXAXXXXXXXXXXX,0,90
J0262744_1611,Venous blood,AGGGTGXXTTAXTXTTAAXAGATTAGCGCAGAGGGCACAGXCGXTACGCTXTXCGXAGTGCCTTTCACTTGGXTTACACATACXCTGXAAAXXAAAACTTX,0,16
J0272802_1412,Fingerprick,TGGGTAATTCAXTXGGAGXAAAAAAGTAAAGAAAGCATGGTTAXTACAXTATXTAXAATGACCXCXATCCAGCTAACACGTXACCCGXAXAACAAGTCTCX,0,13
J0272803_1512,Fingerprick,TGNGTNAXXNXXTXGGANXXAAXNAGNNXNGXXAGCXNXXCNGXNXCGCXNXXCXXAGTGXXCXNCXTNCXXGTAAXAXXTXXTNXGXXAXXTXNNAXNNX,19,40
J0272804_1511,Fingerprick,AGGGTGAATTAXTXGGAAXAGAATAGTAXCGAGACCGTAGTCAXCACGCTATXXAXGGTGXCCXCCATTTGGCTAGXGXATXXCTTGXTACXCAGATCTTX,0,17
J0272805_1412,Fingerprick,TGGCTXXXTTAXXXXXXGXXXAAXAXXGXAXAXXCCXXAGTCXXTANXXXXCXTGXXGXAXCXXXXXXXXGGCXAACXCXXAXXXXXXTACAXXXXAGCCX,1,55
J0272809_1611,Venous blood,TGGGTGGXTTXXTXTTAGXAGXTAAGCGCAGAGAGCACAGXCGXTACGCTATXCXXAGAAXCTTCCACCTGGGTTACACAAACTCTGXAAAGTAAAACTTC,0,13
J0272809_1612,Fingerprick,XGGGTGXXTTAXTXTXAGXAGXTXAGCGCAGAGGCCACAGXCGXTACGCTXTXCGXAGXACCTTTCACXTGGXTNACACAAACXCTGXACANXAAATCTCC,2,20
J0272810_1506,Fingerprick,XGXGTXAXTXAXXXXGAGXXAAAXAGCAXAXXXXNTXTAXXCXXTGCAXXACXCGXXAXGXCTXXXXTCXGXNXAXCGXXTXXNTXXXTAXXTXAXTCXTX,3,50
J0272812_1611,Fingerprick,AGGGTGXTTTAXTXTTANXAGXTAAGCGCAGAGNGNACAGTCGXTACGCTXTXCGXAGNACCTXNCACNTGGGTTACACAAACXNTGXAAAAXAAATCTTC,7,13
J0272813_1610,Venous blood,AGGGTGXTTTAXTXXTAAXAGXTAAGCGCAGAGGGCACAGTCGXTAXXCTXTXCGXAGTACCTXCCACCTGGGTAACGXAAAXTTTGXAAAGTCAAACTTC,0,16
J0272813_1612,Venous blood,AGGGTGXXTTAXTXTXAXXAGXTXAGCXCAGAGAGCACAGXCGXTACGCTXTXXGXAGXACCTXXCACXTGGXTXACXCAXACXXTGXAXAGXAAAXCTXX,0,32
J0272813_1701,Fingerprick,AGGGTGXXTTAXTXTXAXXAGXTXAGCGCAGAGACCACAGXCGXTACGCTXTXXGXAGAXCCTXTCACXTGGXTTACACAXACXTTGXACAGXAAAXCTTC,0,24
J0272813_1702,Venous blood,XGGGTGXTTTAXTXXGAAXAGXTAAGCACAGAGXCCACAGXCGXTACGCTXTXXGXAGAACCTTXCACXTGGGTAACXCAAACXCTGXAXAGXAAAACTTC,0,21
J0272813_1703,Venous blood,XGGGTGXTTTAXTXXTAGXAGXATAGCGCAGAGXCCACAGCCGXTACGCTXTXCGXAGTACCTTCCACCTGGGTAACGCATGCTTTGXAAAGTAAATCTCX,0,14
J0272813_1704,Venous blood,AGGGTGXXTTAXTXTTAAXAGXTTAGCACAGAGGCCACAGXCGXTACGCTXTXCGXAGAACCTXTCACCTGGXTTACACAAACXCTGXACAGXAAATCTTX,0,17
J0272813_1705,Venous blood,XGGGTGXXTTAXTXXTAGXAGXTAAGCGCAGAGGCCACAGXCGXTACGCTXTXXGCAGTACCTXXCACTTGGGTTACXCATACTTTGXAAAGTAAATCTTC,0,17
J0272815_1611,Venous blood,TGGGTGXXTTAXTXTGAGXAAXAAAGCACAGAGGCCACAGXCGXTACGCTXTXCGXAGTAXCTXCCACCTGGGTTACACATGCTTTGXAAAGTXAAACTTX,0,16
J0272815_1701,Venous blood,AGGGTGXXTTAXTXGTAAXAXXAAAGCACAGAGACCACAGXCGXTACGCTXTXCGXAGAACCTXXCACTTGGGTAACGCAAGCXCTGXACAGTAAATCTTC,0,16
J0272815_1702,Venous blood,XGGGTGXXTTAXTXTTAXXAGAAXAGCGCAGAGACCACAGXCGXTACGCTXTXXGXAGTXCCTTTCACCTGGGTTACXCAAGCTCTGXAAAGTAAAXCTTX,0,19
J0272815_1703,Venous blood,AGGGTGXXTTXXTXXTAGXAGXTTAGCGCAGAGACCACAGCCGXTACGCTXTXCXXAGTACCTXCCACCTGGXTAAXGCATXCXTTGXAAAGXAAATCTCC,0,20
J0272815_1704,Venous blood,XNGNNGXXTTAXTXXXAXXNXXAXAGCGNAGNNXCCANNGXCGXTACGCTCTXXGXAGXXNCNXXNACXTGGCTXACXCAXNNXXTGXAXAGXAAAXCTXT,14,33
J0272815_1705,Venous blood,AGGGTGXXTTAXTXTGAXXAXXAXAGCXCAGAGAGCACAGXCGXTACGCNXTXXGXAGXXCCTXTCACXTGGGTTACGCAXGCTCTGXAAANTAAAXCTXT,2,24
J0282915_1511,Fingerprick,TGXXTAGXXXXXTXXGAGXXAAXAAXXGXCXXXXGXXTXXXXXXTACGXGXXXTXXXXTXXXTXCXATCXXXXXAAXXXATAXTTXXXXXAXTXGGXXCCX,0,59
J0282916_1701,Venous blood,XGGCTGATTCAXTXXXAXXGGXTXAGXXAAGGAXXTACAGXXGXTAXGCGXCXXXGGAXAATTXXCACXCNGCTTACXNNTGNXCTNXAXANXAAAXCXXC,6,33
J0282916_1702,Venous blood,XGGCTGATTCAXTXXXAXXGXXTXAGXXAAGAGXGTATAGXTGXCATACGXCXXXXGGXXATTXXCATXCGGGTAACXCAAACXCTGXXAAGTAAAXCTTC,0,30
J0282916_1703,Venous blood,AGGCTGATTCAXTXGTAAXGGXTAAGCGAAGGAAGTACAGTTGXXACGCGXCXCGXXAAAATTXTCAXCCAGCTTACGCGAGATCTCXAXAATAAATCTTC,0,14
J0282916_1704,Venous blood,TGGCTGATTCAXTXXTAAXGGXTXAGCGAAGAXXCTATAGXTGXCATACGXCXCXXGGAAATTXTCATTCXGXTTACACATACCCTGXAAAGXAAAACTCX,0,20
J0282916_1705,Venous blood,AGGCTGXXCCAXTXGGAAXGXATAAXXGAXGAGACTATAGXTAXTATACGXCXCAXGXAAXXXTTCATCCGGXTAXCXCATACXTTGXTAAGXAAAACTTX,0,25
K0010101_1611,Venous blood,TGGGTGAXTTXXTXXTAGXGXATTAGCGCCGGGGGTATAGXTAXTACGCGXTXTXXAAAGATCACCXTCCGGCTTGCATAAACTTCGXXXAACAGATCTTX,0,18
K0010105_1412,Fingerprick,XNGNNGGTTNAXTXGGNAXGAAATANNACAGAAGNNACAXTCAXNGCNNGATXTAXGNXGATCXCCANTXAGGTTACAXNTGNNTTGXAXAGNAGNTNCCX,20,15
K0010105_1504,Fingerprick,AAGXXGATTTAXTXGGCAXGAATXAGTAAAGAAACTACAGTCAXTACACTATXTAXGGAXATCACCACTCAGGTXACACAAGCCTTCXACAGTAGATGTTX,0,13
K0010105_1506,Fingerprick,XXGGCGAXTTAXTXGGAAXGAAXAAXTAAAGAAXCTACAGTCAXTGCACTATXTAXGGAGATCXCCACTCXGGXTACAXAAGCCTTCXAXAXTAGATGTXX,0,21
K0010105_1607,Fingerprick,TGGGTXXXTTAXTXXTAAXXAAAAXXXGXAXAXGCXXCXGXCAXCATGXGXTXTAXXATAATXXXCACCXAXCTAACACAAAAXTTXXTXAAXAAATCCTX,0,35
K0020203_1511,Fingerprick,TGGCTGAXCTAXTXXXAGXAAATTAXXGXAXGAGCTXCAGXCAXTACAXGACXCAXAGTXATCXXXXTCCGGXTAACXXXXXCTCTGXAXAXTXAATCTTX,0,32
K0020204_1512,Fingerprick,TAGCTGGTTCAXTXGGAGXAAATAAGCAAAGGAXCCACAGTCAXCACGCTATXTGXAAXGATTXCCACCTAGGTAACACGTGCTTTGXAAAGTAAATCTTX,0,11
K0022008_1512,Fingerprick,XGGGTGAXNTAXTXGNAGXGAAAAAGTGNAGAAXGNGNNGTCAXNACACGACXTAXANXGACCXTNANTCGNCTANCATAAANTTNGXNXNGCAAGACTCX,16,14
K0030301_1504,Fingerprick,TGGGXGGXTTAXTXXGAXXGAAAAAGTGAXGAAAGCATAGTCAXTACGCTATXTAGAGTGACCXTCATCCGGGTAACGTATGCTTTGXACXATAGGACCCX,0,14
K0030302_1511,Fingerprick,TGGGTGGTTTAXTXXGAGXGAAAAAGTAAAGAAXCTXTAXTCAXTACGXTATXTAXAATXATTXCCATCCGGGTAACACAAGCTTCCXAXAACAAGTCTTX,0,16
K0030302_1512,Fingerprick,TGGGTGGTTTAXTXXGAGXGAAAAAGTAAAGAAXCTGTAGTCAXTACGCTATXTAXAATGATTXCCATCCGGGTAACACAAGCTTCCXAXAACAAGTCTTX,0,12
K0030302_1610,Venous blood,TGGGTGATTTAXTXXTCGXAGAATGAXGAAGAGXCTATAGXCAXTGCGTTXCXCAGAANNACTXCCACCCGGGTTGAGCGAACTTTGXAAAGTAAGTGTTT,2,12
K0030302_1611,Venous blood,XGGGTGXXTTAXTXXGAGXNXXNXAGXACCGNNXGNNTAGXNAXCACGCNXTXXGXGNXAANCAXCATXNGGCTTGCXCAXACCXTGXXXAACAGAXCTCC,11,28
K0030302_1612,Venous blood,TXXCXXATTXAXXXTTAGXGXXATXGCGXCGGXACXXXAGXTXXTAXACXCTXCXXXXAAATXXCXXTTXXXCTTXCGCATAXXTTGXXAXAXAXATCXTC,0,43
K0030303_1511,Fingerprick,TGGGCGAXTTAXTXGTAAXAXAAAAGTAAAGAAACCATGGTTAXCACACGATXTAXAGAGATCXTCATCCGGXTAACGTATXCTTCGXACAGTAAAAGTCX,0,13
K0030303_1512,Fingerprick,NGGCTGAXXCXXTXGTANXXNAXNAGTAXAGXXACCXTXXTCAXTXCGCXAXXTXXAGTNXXCXTCXTTCXXCTAAXAXXTXXTTXCXXAXXTXNANXNTX,8,40
K0030303_1603,Fingerprick,TGGNNGAANTAXTXGTAGXAAAAAAGTACAGGGXCNNTAGTNAXNANACGATXTAXANTNACNXCNATCCAGGTAACACANGCTTTCXTAAGTAAATGNTX,14,10
K0030303_1605,Fingerprick,TGGGCXATXTAXTXGTAAXAAAAAAGTAAAGAAXCCATGGTTAXCACACGATXTAXAGTGATCXTCATCCXGXTAACGXATGCTTTGXAXAXTAAAAGTCX,0,17
K0030303_1607,Venous blood,TGGCTGXACCAXTXGTAAXAGXAAAGCGCAGAXAGCGTAGTCAXXGCGCGXTXCAXXATAAXCXTCATCTAGCTAACACATGAXTTCXXXAXCAAAAGCTX,0,20
K0030303_1612,Venous blood,TGGGTGAXTTAXTXXGAGXGXXTAAGCGCCGGGGGTATAGXTAXTACGCGXTXCAGAATAATCXTCATCCGGCTAGCATAAACTTCGXTXAACAGAACTTC,0,14
K0030305_1511,Fingerprick,XXXXXXAXTXAXXXXXXGXXAAXXAXTAXCXXGXGCATXGCXXXTXCAXTAXXXAXXGAXXCCXXXAXCXAXCTAACXCXXXXTCXGXXACXCXXGACCCX,0,54
K0050502_1512,Fingerprick,TGGGXAAXXTXXTXGTAAXXGAXAAGTAXAGXXGCCXTXXTCAXCXCGCXAXXTXXAGXGXXCXCXXCCCXXCTAXXAXXTXXTTXGXXCXXXXAATXXCX,0,46
K0050508_1603,Fingerprick,TGGXTGGXTXAXTXGGCAXGAATTAGTGXAGGGXGCACAGCTAXCATGCGATXTAXAGAGACCXTXXTTTAGGTAACGCATGXCTXGXTCAXTAAGTCCTX,0,19
K0050512_1611,Fingerprick,TGGGTAGXTCAXTXXTAAXAGXTAAGTGAAGGGGGTGCAGXTGXTACGCTATXCGXGATAACCXCCACCCAGGTTGCACGAGCTTCGXTAAGTAAATCTTC,0,12
K0050516_1511,Fingerprick,TAGGTAGXCXAXTXGGAAXAAAAAGGTACAGAGGGTACAXCTAXTATXCGATXTGXAAXXXXCXCCACTCGGGTAGAGCXTAXTTTGXAAAGCAAAXCCTX,0,20
K0060609_1511,Fingerprick,TGGGCGAXTTAXXXGTAAXAAANNAGXAAAGAXXCCATAGTTAXCACGXGATXTGXAGAGXTCXTXATCCXGCTAANGXATAXTTXGXACXXCAAXAGTCX,3,24
K0060609_1605,Fingerprick,TGGGCGAXXXXXTXGTAAXXAAXAAGTAXAGXXACCXTXXTXAXCXCGCXAXXTXXAGAGXXCXTCXTCTXXGTAAXGXXTXXTTXGXXXXXTXAAAXTCX,0,43
K0060614_1511,Fingerprick,TGAGCAGTTCAXTXXTAAXGGATTGGCAAAGAGXCCATAGTTAXTACGCXATXTAXAGXAACCXCCACCCGGGTAACGTATAATTTGXAXAACAAGTCCTX,0,14
K0060617_1511,Fingerprick,TGGGTGAXNXAXTXGGAGXNAANTAGNGCCGNAXGTANAGTCGXNNCNXTANXTGXAGTAACCXCXATTCNGCTANCGCATAXCTTGXTAAXXAGAACTCX,12,17
K0060617_1512,Fingerprick,TGGGNGAATNAXTXGGAGXNNNNNNGNGANGNAXGNANAGTCGXNACGCTATXTAXANTNACCXCCATTCNGCTNNCNXNTACNTTGXTAANCANANCTCX,25,11
K0060617_1603,Fingerprick,NGGGTGAXTCAXTXGGAGXGNNNNNGNGANGGAAGNANAGTCGXNACNCTATXTAXANTNACCXCCATTCNGCTNNCNCNNACNTTGXTAAXCANANCTCX,23,11
K0060617_1605,Fingerprick,AGGGTGATNCAXTXGGAGXNNNNNNXCGNNGNAXGTANAGTCGXTNCNCTXNXTNXNNTNACCXCCNTTCAGCTNNCANNNACCTTGXTAAXXANANCTCX,26,14
K0060617_1607,Venous blood,XGGGTGAXTTAXTXXXAXXAGXAXAXXXXCGAGXXTXTAXXCGXTGCAXTXTXXGCGGXXACCTXCXTXXAGCTXGXXCAXACCXTGXXXCACAAAXXXXX,0,43
K0070713_1610,Venous blood,TGGGTAAXXXGXGXXGAGXXGXAAAGXACAGXXGCTACXGTCXXTACGCTXTXCXXGATAXCXXCCXCCTGGCTTXCAXXTXXXTTGXAAXXXXGAACTTX,0,35
K0070714_1611,Venous blood,AGGCCGXTTTAXTXTTAAXAGXAAAGXGCAGGGGGCGCAGCCAXTGTACGXTXCAGAAAGACCXTCACCTAGCTTACACGTACXCCGXTAAAXAGATCTTC,0,13
K0080809_1612,Venous blood,ANGGTGXTNNAXTXTTANXAGXTTNACGNCGNXGCNGCGGTCGXNGTGCTXNXCGXANTNACNXCCXTNCNGCTNACNCNTGCXNTNXTAAGCAAGANTTX,21,15
K0080809_1702,Fingerprick,TGGCXGAXTTAXTXXTAAXAXANAAGXGACGAGXGTANAGXTAXNACACGXNXCAXAGAAATCXTCATCCNGCTTGCACAANCXCTGXTAANCAAATCTTX,7,18
K0090902_1607,Venous blood,TXXCTGXXTCXXTXGNAAXXGXANXNCGXAGXXACXXCXXCTGXTXCGXXXXXTXXGATAXXTXCCXTNCXGCXAXXGXXTXXXCTNXXAXXCXAGTGTNX,6,46
K0090903_1511,Fingerprick,XGGGTAAXTTAXTXGGAGXAANTANGCAACGGGACNANXGCTGXTACGCGATXNAXGGTGXTTXCCANNCGGGTAGXACGTXXNNTGXTAAXXAAATCCTX,9,18
K0090903_1512,Fingerprick,NGGGTAAXNCAXTXGNAGXGACTANNNACNGGGACTATAGNNGXTACGCGATXNAXNGTGATTXCNANTCGGGTANCACNNGCCCTGXTAAXTAAATCCTX,16,11
K0090903_1603,Fingerprick,TGGGTAAXCCAXTXGNAGXGGAAAAATAANGGGACNATGGCTGXTACNCNATXNAXGNTGATTXCTANTCNGGTAAAACNTGACCNGXTAAATAAAACNTX,12,10
K0090903_1605,Fingerprick,TGGGCAAXCCAXTXGGAGXAGAAAAATAACGGGACCATGGCTGXTACACTATXCAXGATGATTXCTATCCGAGTAXCACGTGACCXGXTCAXTAAAACCTX,0,13
K0090903_1607,Fingerprick,AGGGTAXXCCAXTXGTAGXGGNAAAXXAXAGGGACNXTGGCTGXTANGCGXTXTAXNGTGXTTXCTXCTXAGGTANNACANGACCCGXTXAATXAAACTTX,7,21
K0090903_1610,Fingerprick,AGGGTAXTCCXXTXGTAGXGGXAAXAXAAAGGGACTATGGCTGXTAXGCGXTXTAGGGTGATTTCTACTCAGGTAAAACATGACCCGXTXAATAAAACTTX,0,15
K0090905_1607,Fingerprick,TGAXTXXXTCAXTXGGXGXAGXAAAXXGXAGXXXCTATXGXXAXTGCGCTXCXTAXAXTGACXXXXXTTXAGXXAXCATXTXCXTTXXTXXGCXXGXGTTX,0,43
K0090906_1504,Fingerprick,TGAGNGGNTTAXTXGNANXANATAAGCNNAGANANCATAXNNAXTGCGCGANXNAXAGTGACCACCANTTAGGTNNCNCGAACTNCGXAAANCAANNGTNN,23,8
K0090906_1506,Fingerprick,TXXXTXXXCXAXTXXXAXXAGXTXXXXGXXGAXAXTXXXGTCXXTGTGCTXCXXXXAXXXXCCXCCXTXXAGGXXXXXXAAXCTXXXXAAXAXAAAXXTXX,0,57
K0101005_1512,Fingerprick,TGGGTAGTTCAXTXXGAAXAAATTAGTGXAGGAXGCGCGGCCGXTGCGCTCTXTAGAGXGATTXTCXTTCGGGTAGCGCATACTTTCXAXAACAGAAGCCX,0,14
K0101005_1702,Venous blood,AGXXCGXXTTAXTXTGAAXGGXATXXXGCCXGXGCTXTAGXCAXTATGXTXTXTXXXGTAACCXTTXTTCGGCTTAXAXAAAXXCTGXXAAACXAAACXTX,0,33
K0101007_1412,Fingerprick,TGGCTGAATTAXTXGGAGXAAATTAGTGCAGGAGCTACAGTCAXTACACTXCXTAXGGAGATCXCCATCCAGGTAACGTGAGCTTTGXTAAGTAAATCTTX,0,10
K0111111_1611,Venous blood,AGAGTGXTTCAXTXXTAAXAGCATAGXGCCGGAGGTACAGTCGXTACGCGXTXCXXGAAAACCXTCATCCAGCTTGCACAAGCTCCGXXACGTAAATCTTX,0,15
K0121201_1511,Fingerprick,XGXGXGAXNXAXXXXGXGXXNAAAAXXAXAXXXXNTXNAGXXXXTNCAXXATXNNXXXTGXTXXXXXTCXGNCXAACNXXXXXNCXGXTXXXXXAXNCNNX,13,52
K0121209_1412,Fingerprick,XXXXXXGXXXXXXXXXXXXXAXXXXXTXXAXXXGXXXXXXCNAXXAXAXXCXXCXXXXXAAXXXXXXTXCGXCXTXXAXXTGXXTTXXXCXXXXXXXXXXX,1,76
K0141403_1504,Fingerprick,TGGGTGGTTTAXTXGGAAXAGAAAAGTAACGAAXCTGTAGTCAXTGCGCTATXTAXAATGATTXTCATCCGGGTAACACAAACTTTGXAXAATAAGTCCCX,0,11
K0141403_1506,Fingerprick,TGGGTGGXTTAXTXGGAAXAGAAAAGTAACGAAACTGTAGTCAXTGCGCTATXTAXAATGATTATCATCCGGGTAACACAAACTTTGXACAATAAGTCCCX,0,9
K0141403_1511,Fingerprick,TGGGTGGATTAXTXXGAGXGAATAAACAACGGGAGCACAGTCAXCACGCTACXTAXAGTGATCXCCACCCAGCTTACACXTAATCTGXACAAXAAGTCTTX,0,12
K0141403_1512,Fingerprick,TGGGTGAATTAXTXGGAAXAGAATAGTGACGAAXGTATAGTCAXTACGCTATXTGXAGTGACCXCCTTTXAGCTAGCGCATACCTTGXTAAACAGAACTCX,0,11
K0141404_1511,Fingerprick,XGGGTGAXTTAXTXGGAGXAAAATAXTGCCGAGGGTACNGXNNXCACGXTACXTGXNGTGXCNXXCXTTTNGCTAGCGCATAXCTTGXTACXCNGAANTCX,8,19
K0151503_1412,Fingerprick,TNNGTGGNTTAXTXGGAAXANATAAGCNAAGAGXNCNTAXCTAXTGCNCGATXNAGANNGACCXCTACTCAGGTNAAATGNNCTTCCXAAAGCAAGANNNC,17,9
K0151508_1612,Fingerprick,TXGGTGXXTCXXTXTTAAXGGXTTAACACXGXXGGCGXGGTTXXXGCXXTXTXCGXAAAAATTTCXXXTXXGGTTGXAXGTXCXCTGXXCAXXAAAAGCTC,0,33
K0151509_1610,Fingerprick,TGAXXXGTTTXXTXXTAGXGAXAXXXXGXXGAXXGCXCXAXXXXTAXACGXCXTGGXXTXACXXCXXTCXAGGTAACGTAAGATCTGXXXCACXXATCCCX,0,40
K0151511_1610,Venous blood,XGGGTAATTTAXTXXXCXXAGXAXGACXAAXAXXXTXTAGXCAXTGCGTTXCXXXXAAXXACTTXCXCXCGGGTXGAXCGXACXXTGXAAAGXAAGXGTXX,0,37
K0151512_1412,Fingerprick,TAAGXXAXTXXXTXXGXAXXAAAXXXXGCXGXXXGCXTAXXCXXTXCXXXCTXCAXXGXXXXXXXXXTXXGXGXXACGXGTAXTTTXXXAXATXXGAXTTX,0,55
K0161621_1506,Fingerprick,TGXGXXXTTXAXTXXXAAXAGAXAXXTAXCXXXXXTXTXXXCGXTXCGCXAXXXGXXATGXXTATCXTCXXGGXXACAXXNAXTTXCXXXXXXXXXACXCX,1,53
K0171707_1412,Fingerprick,TNNGNGGNNTAXTXGTAAXAGATAAGXNCAGANXNCNNAXTTAXTGCNCXATXNAXANTGACNXCCACTXAGGTNNANCGANCTTCGXTAAGCAANANNTX,21,14
K0171716_1612,Fingerprick,TGGGTGXTTTAXTXTTCAXGXXTTAGXGAAGAAAGCGCAGXTAXCGTGCTXTXCGXXGTGACCXTCACTTAGCTTGCGCGAACXCCGXTXCGXAAAACCTX,0,19
K0171716_1701,Fingerprick,TGGGTGGTTTAXTXGTCAXGGXTAAGTAAAGAAACCGCAGCTAXCGTGCTATXXGXAGAAACCXCCACCTAGCTAGCGCGAACTCCGXXACGTAAAACCTC,0,11
K0171716_1702,Fingerprick,XGGGXGXTTTAXTXXXCXXGGXTXAGXXAAGAAXXCGCAGXTAXCGTGCTXTXXGXXGXXACCXXCACXTAGCTXGCXCGXXCXCCGXTXCGXAAAXCCXX,0,38
K0171716_1703,Fingerprick,TGGGTGXXXTXXTXGNCAXXXXXAAGXGXAGXXGNCXCXXNTAXCXTGCXXXXNXXAGNAXXCTNCXCNTXXCTAGXAXXNXXXNXGXXXXXTXAANXCTX,10,46
K0171719_1701,Fingerprick,TGGGTGATTTXXTXXTAGXGGXAAAGXACXGGGGCTATAGXTAXTACACGXTXTAXAAAAATCXTCATTCGGXXTGCAXAAACXCTGXAAAACAGAACTTC,0,19
K0171719_1705,Fingerprick,XNGNTGAATNAXTXXTAXXAAXAXANCGANGGXAXNXCAAXTNXNNNGCNATXXXXANXXXCCXXCXTXCGGGTXAAXXAXACTXTCXTXAXCAAAXGNXX,13,35
K0171722_1512,Fingerprick,AAGCTGGTTCAXTXGGAAXAGATAAGTAAAGGGAGTGCAGTCAXTGCACGATXTAXAATAATCXTCATTTAGCATGCACATACCTCGXACAACAGAACTTX,0,9
K0171723_1412,Fingerprick,XNGXNGGNNNAXTXXXAXXANATXAGCXAAGAXXXCNTAXXTAXTGCGCGATXXAXAAXXACCXXCACXCAGGTXNAXCGXACTXNCXNXAGNANGXGCXT,12,32
K0171724_1611,Fingerprick,TGXXTXAXTTGXTXXGCGXGXXTAAXCACXXXGGCTXXGXXXAXTACXCGXCXCAXXXTAATXXXCXTXXAACXTAXXXXTAXTTXGXTAXGCXAXXCXTX,0,46
K0171728_1512,Fingerprick,TGGGCGATTCAXTXGTAAXAAAAAAGTAAAGAAACCATAGTTAXCACACGATXTAXAGAGACCXTCATCCGGCTAACGTATACTTCGXACAATAAAAGTCX,0,9
K0171728_1605,Fingerprick,TGGGCAAXTTAXTXGTAAXAGATTAGTAAAGAAXCCATGGTCAXCACGCGATXTGXAGAGATCXTCATCCGGCTAACGXATGCTTCGXAXAXCAAAAGTCX,0,14
K0171730_1603,Fingerprick,XGGGCAAXTCAXTXXTXAXAAATXAGXAXNGAAXCNXNGGTTAXCACGCGATXTAXAGTGXTCXXXATCCGGCTANCAXXTXXTTCGXXXAAXAAANGTCX,5,28
K0171732_1511,Fingerprick,TGGCTGAXCXAXTXGGAGXXAATTAGCGXAGGXGCTXCAGXCAXTACAXGACXCAXAXTAXTCXXXXTCCGGXXAACGTGAAXTCTGXAXAGCXAXTCTTX,0,28
K0171732_1512,Fingerprick,TGAGTAAATCAXTXGGAAXAAAAAAGTGCCXAAAGCATAGCCGXTGCGCTCTXCAXAGAGAXCXCCTTTTGAGTAACGCGTACTTTGXTAAATAGGACTTX,0,11
K0171732_1612,Fingerprick,TGGCTAAXTTAXTXTTAAXGGCATAGXGAAGGGAGCGTAGXCGXCGCACTXTXCXXAGTGACCXTCACTCAGXTTACGCAAGCXCCGXACCGCAAGACTTC,0,15
K0171738_1412,Fingerprick,TGGCTGAXCTAXTXGGAGXAGATTAGTGAAGGAGCTACAGTCAXTACACGACXTAXGGTAATCATCATCCGGGTAACGTGAACCCTGXACAACAAATCTCX,0,9
K0171742_1612,Fingerprick,XGGGTGATTTAXTXXXAXXAAXAXAGCXCAGNXXXTGNAGXCAXCGCACGXTXXAXXAXXANCXXCXCXCAGXTXGCXCGXXCXXTNXAACGCXGGXGCTX,4,37
K0171742_1701,Venous blood,XGGGTGXTTTAXTXXXAGXXXXAAAGCGCAGXXXGTXTAGXCAXCGCACGXTXCXXAGAAACCXCCXCCCAGXTTGCACGTACXCTCXXACGCAGGACCTX,0,27
K0181809_1512,Fingerprick,TGGGTGNXTTAXTXGGAGXGAAAAAGNAAAGAAXGNGNAGTCNXTGCNCTACXCGXAAXGACNXTCANCCGGGTAACGCATACTTTGXTXAATAAATCTTX,8,13
K0181810_1412,Fingerprick,TNGNNAGTTTAXTXXGAGXNNATANGNAAAGXXGNNATGXCNAXTGCACXNTXNAXAGXAACCXXTXNNCNGGTTAAAXGNAXTTTGXTXAGNAANNNCNX,21,20
K0181810_1612,Fingerprick,TGGGXGXTCTAXTXXTAGXGGXAXAAXGACGAAGGCGTAGXTAXTATACGXTXTAXGATAACCATCATCTAGXTTGCATGAXCXTTGXTXAACAAAXCTTC,0,20
K0181810_1705,Venous blood,TGGGTGXXCTAXTXGTAAXGGXATAGXGACGNAGGCGTAGXTAXTATACGXTXCAXGNAAACCXCCATCNAGXTTGCGXGNACXTTGXTXAGCAAAACTTC,4,18
K0191907_1511,Fingerprick,TGXGTAGXTXAXXXXGXAXXAAXAAXXAXAXAXXCTXNXXTXXXTNXAXXXNXTAXXNTXXCXXXXXTCXXXCXAAAXCXAXXTTXXXAAXXTXGXNCTCX,5,53
K0202002_1512,Fingerprick,AGGCTGAXTTAXTXGGAAXGAATAAGTGXAGAAGGCATAGCCGXTACACTATXTAXAGXGACCXCCACTXAGCTAGCACGTACTTCCXTXAXTAAATGCTX,0,15
K0202008_1605,Fingerprick,TGGCTGGXTXAXTXXTAAXAAATAAXTAAAGAAXCTXCAGCXAXCXCGXTATXCAXXGTGXXXXXCAXXCGGGTAACAXATAXCCCGXAXXAXAAGAXXTX,0,32
K0212102_1512,Fingerprick,TGGGTGAXTTAXTXGGAAXGAATAAGTGCAGAXGXCATXGCTAXTXCACTATXTAXAGAGACCXCCACTTAGCTAGCACXTACTTCCXTCAXTAAATGCTX,0,16
K0212109_1504,Fingerprick,TGGCTXGXTCAXTXGTAAXXAAAXAGTGXXGXXXGCXTAGTCXXTACGXTAXXTAXAGAAATTACCXCTCAGXTXACATAAXCTTXGXAXCGXXGATCXCX,0,30
K0212109_1506,Fingerprick,TGGCTAGXTCAXTXGTAAXGAAAAAGTGAAGGGGGCXTAGTTAXTACGCTACXTAXAGAAATTXCCXCTCAGGTAACAXAAGCTTCGXACCGTAGATCCCX,0,13
K0212110_1512,Fingerprick,TGGGCGAXTTAXTXGTAAXAGATTAGTAAAGAAXCCATAGTCAXCACACGATXTAXAGXGATCXTCATCXAAGTAAXGXATGCTTCGXAXAACAAAAGTCX,0,16
K0212205_1603,Fingerprick,XGXCXGGTTXAXTXXGAAXAAXTXAXXGAXGAXXGCXXAGXCAXXAXXTTATXXGXXXTXXCTXXCACCCGGGTAGCXXATXXTTTXXAXAXXCAXXGXCX,0,44
K0222204_1506,Fingerprick,XGXGXXAXCXAXXXXTAGXAANTAAACAXAXXXXCNXTAGTNGXTACGXXAXXNAXXGTGXTTXXXXCNXGGGXAGXGXXAGXCNTGXTAAXXXAATCXTX,6,41
K0222208_1611,Venous blood,AGGCTGXTTCAXTXTTAAXAGXTTAAXGCAGAAGGTGTAGXCGXCGTGCGXTXCGXXAAAATCXCCTTCCAGXTTACACGAGCCTCGXTACAXAGATCTTC,0,16
K0222213_1612,Venous blood,TGGGXGAXXXXXXXXTAAXGXXAAAGXGXAGAAGGTATAGTCGXTAXGCGXTXCGXXATGXCXATCACTCGGGTTACAXAAXATCTGXAAAACAAGTCTTC,0,25
K0222213_1701,Venous blood,XGGGTGATTTAXTXXTAXXGXXTXAGXXNCXGGXXTXNAGXCAXTACGCGXCXXXXXAXXATCNXCTTXCANCTXGCXTAXACXXNGXAXXACAGAXCTXT,5,37
K0222213_1702,Venous blood,TAXGXNAXTTXXXXXTAGXGAXTXGXXGCCXXXXCXNCXGXTAXTNCGCGXCXCXXXATAANCXCXXXCCXGGTNGXATXNAXXNXGXTXAXCAAXNCTNX,9,41
K0222213_1705,Fingerprick,XGNCTGXTTTAXTXTTAAXGXXAAAGCGCAGAXGGNACGGXTNXNACACGXCXCGXGNNGATTXTCXTCCGGGTTACXCANACTCTNXXAAGCAAAXNTTX,9,20
K0222315_1511,Fingerprick,XGXGCXAXTXAXTXXTAAXXXAAAAXTAAXGAXACCGTXGTXAXCXCGCGXXXXXXXGAGATCXTXXTCCGGGTXAXGXXTXXTTXXXAXAXTAAAAGTCX,0,40
K0232412_1612,Venous blood,TAGCTGXATCAXTXTTAGXAXXAAAAXGCAGGGAGCGCGGXCAXTGCGCTXTXCXCXAAAACTXCCATCCAGCTTAAAXAAACXCTCXXAAGXCAAACTTC,0,19
K0232412_1701,Venous blood,TAGCTGXATCXXTXTTAAXAXXATAXCGCAGGGAGCXCGGXCAXTGCGCTXTXTXXXAAAACTTTCTTTCAGCTTAAGTAAACXCTCXXXAGXCAATCTTX,0,22
K0232412_1703,Venous blood,TAGCTGGATCAXTXTTAAXAAAATAACGCAGGGACCGCGGTCAXCGCGCTATXTAGAAAAACTTCXTTTCAGCTTAAGTXAACTTTCXTAAGTCAATCTTX,0,9
K0232412_1704,Venous blood,XNGCTGXXTCAXTXGXAGXAXAAXAACGCAGNAAGCGCGGXCAXNGNGCTXTXXXXAAXAACTTTCXTCCAGCTTAAATAAACXCTCXXANGXCAAXCTTX,5,24
K0232412_1705,Venous blood,TGGGTGXXTCAXTXXTAAXGXXATGGCGCAGAXGCTACGGXCAXTGCACTXTXCAXAAAAACCTTCATCXAXGTTACACAAGCXTTCXAAAGTCAGACTTT,0,18
K0242508_1412,Fingerprick,TGXGCXGTTXAXXXXTAAXXNAXXXNXNXAGXXXNCATGXTCXXCACGXXATXTGXXGXXXTXXXXXNXXNGCXAXXXXXTGXTTXGXAXXXXXAXXGTCX,6,52
K0242508_1512,Fingerprick,TGGCXAATCTAXTXGGAAXGGAATAGTGAAGXGGGXATAGTCAXTATACXACXTGXAGTGATCXTCATTTAGGTAACACGTACXCTGXTCAGTAAATCTTX,0,14
K0242508_1605,Fingerprick,TGGCNAAXCTAXTXGGAAXGGAATAXTAAAGAAGCNATAGTCAXTACACGATXTGXAGTGXTCXCCANTTAGGTAACAXATACNTTGXTCAXTXAATCTTX,4,15
K0242508_1607,Venous blood,TGGXCAAXCXAXTXGGXAXGGXAAXXXGXAXAAGGCXTAGXXAXTATACGACXTGGAGTGACXXCXXTTXAGGTAACACXTACTCTGXTXAXTXAATCTTX,0,29
K0242512_1607,Fingerprick,TXGXXXGXTXAXTXXGAGXAAXXAXXXAXAGAXXCCXTXAXTXXTACAXTXCXXAXXATGACCXXXXXTXXGXXAGCXTXAXXTTCXXXXCGXAXAACTCX,0,49
K0242515_1412,Fingerprick,TGXXTXAXXXAXXXXGXXXXAXAXAGXGXXGXXXGTGTXXXXXXXACXXXXXXTGXXATXXXXTXCXTXXXXCXXACXXXXXXTXXXXXXXXXAAAAXXXX,0,68
K0252706_1506,Fingerprick,XGGGCXAXTXAXXXXTXNXXAAXXAXXAXAXAXACCXTNXXXXXNACAXXATXTAXXGXGXCCXXXXNNXXXCXXACGCXTXXTTTXXAAXGTXAXAGTCX,5,49
K0252713_1512,Fingerprick,XGXCTGAXTXAXTXXGAAXGAATAAGTGXAGXAGGCAXAGCCGXTACACTATXTAXXGXXXCCXCCXCTXAGXTAGCAXXTAXTTXXXTXAXTXAAXGCTX,0,33
K0252717_1511,Fingerprick,XGGCTGGXTTAXTXGGAGXAAAATAXCAAAAGAAGCGTAATCAXTACGCTATXTAXAGAGACCXTCXTCCGGGTAACGXAAGXTTCGXTCAGTAAAACCTX,0,15
K0252717_1512,Fingerprick,TGGCTGGXTTAXTXXGAGXAAAATAGCAAAAGAXGCGTAATCAXTACGCTATXTAXAGXGACCXTCATCCGGGTAACGCAAGCTTCGXTXAGTAAAACCTX,0,14
K0252724_1412,Fingerprick,TGXGCXXXTXAXXXXXXXXXNAAXXXXACAXXXXNTXCAXXCXXCAXXXXATXTAXXNTAXXXXTXXXXXXGNXXXXXXGAAXTTXGXTAAXCXAAXXXNC,5,58
K0252805_1506,Fingerprick,TXXGXGAXXXXXTXXXAXXXAXXXXGNXXXGXXXGXXTXXXXXXXACAXXAXXXXXAXXXXXXXXXXCXXXXCXXXXXXXXXXTXXCXXXXXTXAATXXXX,1,76
K0252808_1611,Venous blood,TGGGTNXATTAXTXXTAXXNXXTXAGCGANAGAAGCACAGXTAXTGCGCNXNXXAXAAXNXTCTXCACCCGGGTXNCXCATXCTTTCXXXAACAGGXNTTX,8,26
K0252808_1701,Fingerprick,XGGCTGXTTTAXTXXTCXXGXXTXGGXGAAGAAXCTGCAGXTGXTGTACGXTXCAXAAAGACCXCCACTCGGGTAACGCGTACTXCGXTAAATAAGTCCTC,0,20
K0252808_1702,Fingerprick,XGGCTGXXTCAXTXTGAXXGXXTXAXCGAAXXXAGTXTAGXTGXCATACGXCXTXXGGAAATTTTCXXTCGGXXAACGCXTACXCTGXXCAGXXAXTCXCX,0,34
K0262902_1511,Fingerprick,TGGCTXATCTAXTXGGAAXGGAAAAGXGAAGAAGGCATAGTCAXTATACTACXTGXGGTGATCXCCATTTAGGTAXCACGXGCXTTGXTAAACAAXTCTTX,0,15
K0262913_1611,Fingerprick,TGANTGXXTTAXTXTTANXGXXNAAGCGAAGNAGGCATAGXTAXCACACGXTXCGXNATAANCXCCATCNNGNTTAAATAAACTTTGXTAAGCAAATGCTX,9,15
K0262922_1612,Venous blood,AGACTGXTTCAXTXTTAAXAXCTAGACGCAGAAGGTACAGCCAXTGTGCTXTXCAXGGAGACCXTTACCCAGCTTGCATATAAXCTGXTAAACAAATGTTC,0,12
K0262922_1701,Venous blood,AGACTGXTTXAXTXTXAXXAGCTXGGCXCAGAXAGTXCAGXCAXTNTGCNXTXXGXAGTXNCCXXTXCXNAGGTTGCXTAXNCTXTGXAXANTAAAXGTXX,6,30
K0262922_1702,Venous blood,TGACTGXTTCAXTXXXAAXAXCTAGACGCAGAAAGTACAGTCAXTGTGCTXTXTXXGGTAACCXTTACCCAGCTTGCXTAAAAXCTGXTAAACAAATGTTC,0,16
K0262922_1703,Venous blood,TGACTGXXTCAXTXGTAAXAXCTTGAXGCAGAAGGTACAGTCAXTGTGCTXTXTXXGGTGACCXCTACCCAGCTAGCGTAAAATTTGXTAAACAAAAGTTT,0,14
K0262922_1704,Venous blood,AGACTGXXTCAXTXTTAGXAXCTXGACGCAGAAACTACAGXCAXTGTGCTXTXTAXGGAAACCXCTACTCAGCTTGCGTAAAAXCTGXTCAACAAAAGTTT,0,15
K0262922_1705,Venous blood,TGACTGXXTCAXTXXXAXXAXCTXGXXGCAGAAAGTACAGXCAXTGTGCTXTXCAXGGXAACCXTTACTCAGCTTGCXTATAAXTTGXTAAACAAAXGTTC,0,23
K0262932_1611,Fingerprick,AGAGCAATCTAXTXXTAGXXGXAAAGCGAAGGAGGTGTAGTCGXTACGCGXTXCGXAGAAACCXTCATTXAGGTTXCATAAACXTTGXAXAGXAAATGCTT,0,17
K0262935_1612,Venous blood,AXGGTGATTTAXTXTTAAXXXXTAAGXGCCGGGGGTATAGCTAXTACGCTXTXCGXAAAGATCXTCXTCCGGCTTGCATATACXCTGXXAAACAGATCTTT,0,17
K0262935_1702,Venous blood,TGGGTGXTTCAXTXXTANXAXXTAAACGAAGAXXCCATNGXNNXTATGCTXTXCGXXGAAACTATCXTTCNGXTNACGNGANCXTTCXTAAGCAAATGTCX,8,20
K0262939_1412,Fingerprick,XXXXTGGXTXXXXXXGXGXAAATTAGXACAXXXGGNXNAXXNAXTGCAXTCXXXNXXAXGXXCXXXXTTXXXGXXACXXXXXXNXXGXTXXXXXGAXXXTX,5,57
K0262940_1511,Fingerprick,TGAGCAGXTXAXTXGGAGXGAAATAGTAACGAXACTACAGCTGXTACGCTATXTXXAGTGXCTXCCACCCGGCTAGCGXGAAXCTTGXTXAXXAGAACTTX,0,19
K0262940_1512,Fingerprick,TGAGCAGXTTAXTXGGAGXGAAATAGTAACGAXACTACAGCTGXTACGCTATXTXXAGTGCCTXCCACCCGGCTAGCGXGAACCTTGXTCAXCAGAACTTX,0,14
K0262940_1603,Fingerprick,TGAGCAGXTTAXTXGGAGXGAAATAGTAACGAXACTACAGCTGXTACGXTATXTGXAGTGCCTXCCACCCGGCTAGCGCGAACCTTGXTCAACAGAACTTX,0,12
K0262940_1605,Fingerprick,TGAGCAGXTTAXTXGGAGXGAAATAGTAACGAAACTACAGCTGXTACGCTATXTXXAGTGXCTXCCACCCGGCTAGXGCGAACCTTGXTCAAXAGAACXTX,0,15
K0262940_1612,Venous blood,AGXGTXXXXXXXTXTTXAXAAXTAAXCGAXXAXGGCXXAGCTGXXXXGCXATXCGXXGAGCTTXTXTCCXGGXTTGCAXXTXCCCXXXXAAGXXXXTXXTT,0,43
K0262940_1701,Venous blood,AGAGCAXTTTAXTXTXAXXGXAAXAGXXCCGNNAGTXXAGXTNXTACGCTXTXXGXAGTNCCTATCACXCGGCTTGCGCNXXCCXTGXTCAAXAGAXCNXC,6,26
K0262940_1702,Venous blood,NGAGCAXNTNAXTXTXAXXGGAAAAGXXACGAAAGTANAGXTGXTACNCTXTXXGXAGNGCCTXXCACXCGGCTAGCGCGTACCXTGXTCAACAGANCTTC,7,19
K0262940_1703,Venous blood,TGAGCAXTTTAXTXGTAAXGXXATAGXGACGAAGGTACAGXTGXTACGCTXTXTGXAGTGCCTACCACCCGGCTAGCGCGAACCTTGXTAAACAGAACTTX,0,14
K0262940_1704,Venous blood,XGAGCGXTTTAXTXXXAAXAXXTXAGCGNAGANXGCACAGXNNXTACNCTXTXTGXAGXXCCTXXCANXTGGCTTACXCNAACXXTGXAAANXAANXCTTX,9,28
K0262941_1702,Venous blood,XGXGTGXXTTXXTXXTAGXAGXAAANXGNNGXXXCTNTAGXCGXXACGCTXCXTAXXAAAAXXXXXXCNCAXXTTGAAXGTAXXCTGXAAAGCXANACTTX,6,35
K0262941_1705,Fingerprick,XNGGTGXXTCXXTXXTAGXAGANXAACGAAGGXGCCACGGXTNXTNCNCGXXXXAXGAXAACNXXCXTCXXGCTAACXCAAAACCCGXAANACAAGTXNTX,8,27
K0263004_1511,Fingerprick,TGGGTGAXTTAXTXXTAAXAAAAAAGTGAAGAGGCTGCAGCCAXCACGCGATXTAXAATAXTCXTCACCCAGCTAACACAAAATTCGXTXAXTAAATCCTX,0,14
K0263004_1512,Fingerprick,TGGGTGAATTAXTXXTAAXAAAAAAGTGAAGAGGCTGCAGCCAXCACGCGATXTAXAATAATCXTCACCCAGCTAAXACAAAATTCGXTXAATAAATCCTX,0,12
K0263004_1603,Fingerprick,TGGGTGAATTAXTXXTAAXAAAAAAGTGAAGAGGCTGCAGCCAXCACGCGATXTAXAATAATCATCACCCAGCTAACACAAAATTCGXTXAATAAATCCTX,0,10
K0263008_1612,Venous blood,TGGGTAXXTCAXTXGTAGXGXXATGGCGCAGAGAGTATGGXTAXTGCACTXTXCAGAANNACCATCXTCCAGGTTACGCAAGCXNTGXAAAGTCAGACTTX,3,15
K0263008_1702,Venous blood,TGGGTAXATCAXTXXTAAXGXXAAGGCGCAGAGXGTATGGCTAXTGCACTXTXTXXAAAAACCXCCATTCAGXTTACACAAGCXCTGXAXAGXCAGACTCX,0,20
K0263008_1703,Venous blood,TGGGTAXATCAXTXXTXAXGGAATGGCGCAGAGXCTATGGXTAXTGCAXTXTXTAXAAAAACCXCCXTTCAGGTTACGCAAGCTTTGXAAAGTCAGTCTTX,0,17
K0263008_1704,Fingerprick,AGGGXAXXTCAXTXTXAXXGAXAXGGCGCAGAGAGTATGGXTAXTGCACTXTXXXXAAXXXCCXTCATXCAGGTTACXCAXGCTXTGXACAGTCAGXCTXX,0,29
K0263008_1705,Venous blood,TGGGXAGXTCAXTXGTAGXGAXAAGGCGCAGAAGGTAXGGTTAXTACACTATXCXXAAAGACCACCATTCNGGTNACACAAXCTNTNXAAAGTCAGANTTX,5,14
K0263111_1612,Fingerprick,TXXGTGXATTXXTXTTAAXGGXAAXAXGXXAAXGGTXCXGTXXXXAXGCXXXXCXGGGAAXXTXCXXCTXGGCXTAAATGTACXCXCXXXAXXAGGTCTTC,0,39
K0263111_1705,Fingerprick,XGGNCGAXNNAXTXXTAGXGXATANGCACAGXXGCTATAGXCAXCATACXXCXTAXGGAAATCTTCXTCCXGGTTACNXNTAAXTTGXTAXGTAGATCTTX,6,22
K0273207_1511,Fingerprick,XGGCTGXXTTAXTXGGXAXXGAAAAXXAXAGAAXCXATAXCXXXCATAXTCXXTXXXXXGXXXXXXXCCXXXCXXGXAXXTXXCTXGXXAXXCXAXAXTTX,0,51
K0273207_1605,Fingerprick,TGGCTGAXTTAXTXGXAAXGGAAAAXTACAGAAXCCGTAGCCGXCATACTCTXTXXGGXGATCXCCACCXAGCTAGCACATACCTCGXAAAGCAAAAXTTX,0,17
K0283310_1511,Fingerprick,TGGCTGAXCTAXTXGTAGXGAAAAAXCAAAXAAGGCGCGGCCAXTACGCTCCXTAXAAAAACCXTCXTCXAGCXAGCGXXAXCCTTGXTAAXCAAATCTTX,0,19
K0283406_1512,Fingerprick,TGGGTGGATTAXTXGGAGXGAATAAACAACGGGXGCACAGTCAXNACNCNACXNAXAGTGATCXCCACCCAGCTTACACANAATCTGXAXAXXAAGTCTTX,5,13
K0303507_1603,Fingerprick,TGNGTNAXNNAXTXGGANXGAANNAGNNXNGAAAGCNNAGCNGXNNCGCNNTXCAXAGTGACCXNCXNTCGGGTAACNCNTACTNTGXXAAXTANNANNNX,27,14
K0303507_1605,Fingerprick,TGGCCGGXTTXXTXXGAAXGAAXTAGXGXAGGGXGTAXGGTTAXTACGCTATXTGXAXXGXTCXTCATXCAGCXXAAXXATGCTTCGXTXAAXXAATCTCX,0,28
K0303507_1607,Fingerprick,TGXXCXGTTTAXTXXTAAXGAXATXXXGCAGGXAGTATGGXTAXTAXGCTATXTGXXGAGXTXXTCATCXAGCTAAAAXATGCTTCGXXXAATAAATCTCX,0,27
K0323702_1611,Venous blood,AGGGCAXTTCAXTXGTCAXAXXAAAGCGAAAAAGCCGCAGCTGXTACGCGXCXCGXAGAAACCXTCACTCGGGAAGAGTGAGCXCTGXACAACAAAACTTC,0,13
K0323703_1701,Venous blood,AAGCTGXXTCAXXXGTAAXXXXTXAGCGAAGGAXCCACAGXCAXCACGCTXTXTGXAAAGATTXTCXCTXAGGTXACACGXGXXCTGXAAAGXAAATCTTX,0,26
K0323703_1704,Venous blood,TGGNNXXTNTAXTXXGAXXNXXNXAGCNCAGNXXGNGNNGXNAXTACGXTXCXXGXAGXXXNNXTCXNXXGGXTXNCGCGAGCXXTGXAAAGXAAAACTXX,15,34
K0323705_1506,Fingerprick,XXXCXXAXTXXXXXXXXXXXAAAXAXXGXAXXXXGCXXAGXXXXCXCAXGXXXTAXXGXAACCXXXXXXXXXCXXXXXTXXAXTXXXXXXXXXCXXXXXTX,0,71
K0323717_1412,Fingerprick,XGXGXXAXNXXXXXXXXXXXAATNAXXNXAXXXXGCXTXXXTXXNGCGXXATXXAXAXXXXCCXXXXTXXNGNXXAXXXXXXXTCXXXXAXXXXNXXCXCX,7,65
K0323719_1511,Fingerprick,TXGGCGGXXCXXTXXXAGXXGAXAAACAXAGXXXGCXTXXTCGXTXCACXAXXTXXAGTGXXCXCCXTTCXXGTTAXGXXAXXTTXGXXXXXTXAGAXCCX,0,45
K0323725_1511,Fingerprick,TGGGXGGXTTAXTXXGAGXGAAAAAGTGAAGAAXGCATGGTCAXTACGXGATXTGXAATGXTTXCCATTCGGGTAGCGXATACTCTGXAXAATAGXTXCXX,0,20
K0323730_1511,Fingerprick,TGXGXGGXTTAXTXXGAGXXNAAAAGTACCGAXXGCXNGGTCAXTACAXGATXTGXAGTXATTXCXXTCXGGCTAACGTXTXCCTTGXAAAANCGNACCCX,4,24
K0344010_1511,Fingerprick,XXXGXXXTNXXXXXXXXGXXAXXXXXXAXXXXXXGXXXXXXXXXXNXXXXXXXXNXXXXXXXXXXXXXXCGNXXXACXXXXGXXNXGXXAXXCXXXXNXNX,7,80
K0344032_1512,Fingerprick,TGGGCAATTTAXTXGTAAXAAAAAAGTAAAGGAACCATAGTNAXCACGCGATXTGXAGAGATNXCCACCXAAGTAACANATACTTNGXACANCAAATNCNX,7,10
K0344102_1511,Fingerprick,XGXGCAAXTXAXTXXGAAXAGXXAAXTAXAXAXXCCXTGGXTXXCACAXGAXXTAXAGAGATCXXXXTCCGXCTAACGCXTAXTCTCXXCCXCXGAACTCX,0,35
K0344110_1506,Fingerprick,XGAXXXXXTXXXXXXTXXXXXXAXXXXAAXXXXXXXXXGXXXXXXXXXXXAXXTXXXXAXXXXTXXXXXXXXCXXXXXXXXXXXTXXXXXXXXXXXXXXXX,0,87
K0344111_1511,Fingerprick,TGAGTAAXTCAXTXGGAAXAAAAAAGTGCCXAAXGCATAGCCGXTGCGCTCTXCAXAGXGACCXCCTTTXGAGTAACGCGTACTTTGXTAAXTAGGACTTX,0,15
K0364309_1511,Fingerprick,TGGGXGGXTXAXTXXGXGXGAAAAAXXGCCXAAAGCXTGGTXXXTACGXGXTXTGXAXTXCTTXCXXTCXGXGXAACGTATXXTTTGXACAXXXGGACCCX,0,34
K0364311_1511,Fingerprick,TGGGTGGTTCAXTXGTAGXAAATAAGCAXAGGAXCTGTGGTCAXTGCACTATXTGXAATGACCXCCACTCGGGTAAAATAAACTCCGXAXCGTAAGTGTTX,0,12
K0364312_1511,Fingerprick,TGGGTXXXTTXXTXXGAAXGGAAAGGTAACXGGGGTXTXGCCXXTGCGXTAXXTGXAATGACCXCXATCXGGXXXAAXCGAAXTCCGXAXAGTAXGTGCCX,0,29
K0364312_1607,Venous blood,TGACTGAXTCAXTXXTAAXAGXATAGCNCAGNNXGTNNGGXCAXCGNGCGACXCAXAGAAACCTCCXTCCAGGTTACXTGAGCNCNGXTXAGCAAGTNCTX,9,16
K0364312_1612,Venous blood,TGGXTAXTTTAXTXXTAAXAXXTTAGCGAXGXAGGTATAGXTGXTACGCTXTXTXXAGAAACCATCATCXXGXTTGCATGTAXCTTGXXAAACAAATCTCX,0,23
K0364314_1612,Fingerprick,TGGGXGXXCCAXTXTXAXXXGXTXAGCGCAGAXACTGCAGXCAXTACGXGXCXTXGAGTGATCAXCXCTTGGGTTACXXGXXCTTCXXXAXACAGGTCTTX,0,29
K0364314_1701,Venous blood,AGGGTGXACCAXTXXXAAXAXXTTAGXGCAGAAACTGCAGXCAXTACGCGXCXCACAGAXATCXTCACCTGGGTAACGCGAGCXCCGXTXAACAGGTCTTX,0,19
K0364319_1511,Fingerprick,AGGCTGAXTCAXTXGGAGXGAAATAGTGAAGGGGGCATAGTTAXCACACTATXTAXAGTAACCXCCATTCGGGTAGCACGAACTTCGXTCAACAGATGTTX,0,10
K0364319_1612,Venous blood,TAGCTGATTTAXTXXTCGXAXXTTGGXGAAGGGACCATAGXTGXTGCGCGXTXCXXAAAAACCXCCTCTCAGGTTGCGCATACXTXCXXACACAGGTCTTX,0,19
K0364320_1506,Fingerprick,XXXXXXGXXXXXTXXXXXXXAXXXAXXXXXXXXXXXXCXXXXXXXXCGXXAXXXXXAXTXXXXTXXXTXXXXGXXXXXXXXAXNCXGXXXXXTXAGXXCXX,1,80
K0364324_1612,Venous blood,TNGCTGATTCAXTXXTNAXGGXTXAGXGAAGAXGCNXTAGXTGXNATACXXCXCAXANTGATTXCCXTTCGGXTTACACATXCXTTGXXAAXCAAAACTNX,6,24
K0364324_1701,Venous blood,TGGXTGXXTTAXTXXTAAXGGXTXAGXGCCXGXXXTATAGXTAXTACGCGXCXXAXGXXXACCXXCATCCGACTTGCXTAXACXXCGXTXAACAGAXXXTX,0,35
K0364329_1511,Fingerprick,TGGCTGATCTAXTXGGAGXAAATTAGTGAAGGAGCTACAGTCAXTACACGACXCAXAGTAATCXTCATCCGGGTAACGTGAACTCTGXACAGCAAATCTTX,0,9
K0374406_1612,Venous blood,XGGGCAXTTTAXTXXTAAXAXCAAAACGAAGAAGGTATGGXCAXCGTGCGXCXTXXGGAAACCXTCACCCAGGTTGCAXGAACXCTGXAXAGCAAGACCTC,0,18
K0374406_1701,Venous blood,TGGCCAAXTTAXTXXGAAXXXXTXAGXXACXGXGGTACAGXTAXTACACGXXXCXGGGAAXXCXTCXCCCGGCTTGCXXATXCXCCGXAAXACAGAACTTX,0,30
K0374406_1702,Venous blood,TGGCNGATTNAXTXTTAGXNGCTAGGNGNANAXAGTXNAGXNAXNATACNCNXCAXAGAAACNXTCTCTCGNCXTACGCXANCCCTGXTACANXANTCXTX,16,16
K0374406_1705,Fingerprick,XGGGTGXTCTAXTXXTAGXGGXAXANCGACGAAAGCGNAGXTAXTATACGXTXTAGGNTAACCXTCATCNAGXTTGCGTGTACXCTGXTAANCAGAACTTC,5,16
K0374408_1412,Fingerprick,TGGNTNGXTCAXTXGGAGXANAAAAGTAAAGANXGCNNAGTCAXTGCGCGANXNAXANTNATNXCCATCCGNNTAACNCANACNNTGXAXAANAGGACCCX,18,12
K0374413_1611,Fingerprick,ANGNTGXXTNXXTXTTAAXGGCTANGXGNNGNNGGTACAGTCNXTACNCNXTXCXXGNAAACNXTNANCCAGXTTNCACAAGCXCTGXXANGCAANTCTTX,18,18
K0374502_1412,Fingerprick,TGGGXGGXTCAXTXXGAGXGGAAAAGTGAAGAAXGCATGGTCAXTACGCTATXTGXAGTGACCXCCATCCGGGTAACGTATACTTCCXAAAACAGGACTTX,0,13
K0374502_1612,Venous blood,AGXCTGXXCTAXTXTXAXXGXXTXAGXXAAGAAAXCGTAAXCGXTATACGXTXXGXGGXAXTTXTCATXCAGXTXACXXAXXAXTCGXAXAGCAGGXGTXT,0,35
K0374502_1705,Fingerprick,XGGGTGATTCAXTXXGAGXGGXNAGGCGAAGAAGXTNTAGXCAXCATACNXTXXGXAGXXACCXXCACTCAGCTTAAXTAAGCTXTGXNACACAAAXCTCT,4,21
K0384601_1701,Venous blood,XGGGTGXTTTAXTXXXAGXXGXTXAGCXCAGAAGGCGXAGXCGXTACGCTCTXXGXAGTACCTTXCXCXXGGGTTGCXCGAAACXTGXAXAGTAAAXGTTX,0,27
K0384601_1702,Fingerprick,AGGGTNXXTTXXTXXTAXXAXXATAGCANAGGGGCNANAGXCAXTACACGXTXCXGAATNACCXXCXTXCGAXTTGCXXATXCXCCGXXXAACAAAACTTX,5,28
K0384602_1512,Fingerprick,AGGGCGAATCAXTXGGAGXAAAATAGTGACGAAAGTATAGTCGXCACGCTATXCAXAGTGACCXCCATTTGGCTAGCGCXTAXCTTGXTAAACAGAACTCX,0,11
K0384604_1511,Fingerprick,XGGGTGGXTTGXTXXGXGXAGXTXAGTAAAGGAGGTAXXGTXXXTACAXGACXTAXAATGXCTXXXATTCAGCTAACGCXAAXTTTGXAXAGXAAGACCCX,0,27
K0384611_1612,Venous blood,XGGXTGXXTCAXTXXTAAXAXXTAAAXGAAGAAACCGTNXCCAXTACGCTCTXTAXAXTAACTXCCTCNXGGNTAGXGCGAAACCTGXTAAGCAAATGCTT,3,20
K0384611_1701,Venous blood,XGGGTAAXTTAXTXXXAAXXXXTXAGXXXCXXXXXTACAGXXGXTACGCGCTXXGGAGXAACCTXXXTXXGAXTTACXCXXXCXXXGXXXAACAGGXCCXX,0,44
K0384611_1702,Fingerprick,AGGGTAXXTTAXTXTXAXXAXXTXAGXXAAGGGACCACAGXCGXTACACGXTXXGXAGXAACCTTCATXTGAXTTACGCAXGCXCCGXXCAACAAGXCCXT,0,27
K0394906_1611,Venous blood,AGGGTGAXTTAXTXTTAGXGXXTAAGXGCCGGGACTATAGXTAXTACGCGXTXCXXAAAAATCXTCATCCGGCTAGCATAAACTCCGXXAAACAGAACTTC,0,16
K0394917_1611,Venous blood,TGGGTGATCTXXTXXTAGXGXXXXAXXGCAXAAGGTXXAGXTGXTGCXCTXCXCAXXGAAXCCXTCXTTXGGGXTGCACATAAXCCGXTAAATAXATCXTT,0,30
K0394923_1610,Venous blood,TGGGTAXTTCAXGXGTAGXAXXATAGXGCAGAGACTACAGTCGXTACGCTXTXCAXGGAACCTXCCACCTGGCTXACACAAGAXCTGXAXAAXAGATCTTC,0,17
K0394934_1610,Fingerprick,AGGGTGAXTTAXTXXTCGXAGXAAGAXAAAGAGXGTATAGTXAXTGXGTTXCXTAGAXAGACTTTCACCCGGGTAGAGCAAACTCTGXAXAGTAAGTGTTX,0,17
K0394938_1611,Fingerprick,TGGCTAXATCAXTXXGAGXAXXAAAGXGAAGGGGGTACGGXCAXTGCACTXCXXAXAGTAACCXTCATCTGGGTAACACGAACTTTGXTXCATAAGAGCTC,0,17
K0405016_1611,Fingerprick,AGAGCGXXXCXXGXTTAAXXXXXAAGCGXAGXXGGNXCXXXTAXNXTGCXCXXCXXAGAGXXCXTCXCCCXXGTTAXAXXTXXCCXGXXAXXCXGGTXTTX,2,44
K0415108_1701,Fingerprick,XGGGCAXTTTAXTXXXAXXGXATTAGCXCAGGAXXTACAGXXAXTACGCGXTXXAGAAXAATCAXCXTXCGGCTXGCXXAXAXXXCGXTXAXCAGAXCTXT,0,34
K0415108_1702,Fingerprick,XGGCTGATTTAXTXXXAXXGGATXAGCGNNGGNAXTANNGXTAXTACACNXCXXGXNGXXATCXXCATXCNNCTTNNXTNXGCTXTGXAXANCNGATCTXT,14,26
K0415109_1603,Fingerprick,TGGNTGAXTCAXTXGGAGXNGAATAGTGCCGAGXNNNNAGTNAXCACGCTACXTGXNGXAACNXCCTTTCGGNTANCGCATACCTTGXTANACANAAGTCX,13,12
K0425208_1512,Fingerprick,TGXGTGGTTCAXTXGGAAXAAAAAAGTGCCXGAXGCATAGCCGXTGCGCTCTXCAXAGXGATCXTCATXTGAGTAACGCGTACTTTGXTXAACAAGTGCTX,0,15
K0425208_1605,Fingerprick,TGNCNGGATTAXTXGGAAXNAAANNXXNCNGNNAGCANAGTTNXTACGCNXTXTAXAGTGANCXTCNTNCANCTAANATNTNCTNCGXTXAATAANTNNNX,24,13
K0425216_1511,Fingerprick,XGXCCXGXTXAXXXXXAAXANATNAGXNXAXXXGCNXNAGTCGXTNCAXGAXXCAXXNAXXTCXXXTTTXAGGXXNXAXXXXXCCCGXXAXNXAGAACXTX,9,43
N0050505_1610,Venous blood,XGGGXGAATTXXTXTXAXXAXXAXAGCXXAGXAAXNXTAGXCXXTACGCGXTXXGXGAXGACCATXATXTGNCTTACGCATACCTTGXACXACAGAXCTXT,2,30
N0111111_1607,Venous blood,XGGGTXAXTCXXTXGGAGXAAXTTAGXAAAGAAXCTXTGGXTXXTGCACTAXXCGGAXAGXTXXXXATCXAGXXAACXTATGCTXCGXAXCAXXAAAGTCX,0,32
N0111112_1610,Venous blood,TGGCTGGXTTXXTXXTAGXAXXNTNGCGAAGXXXNTXTGGXCAXCGCGXXXCXCXXAGTNNNCXCCXTCCAGGTNAXNCANGCTNTCXXXXXXXGAACTCX,10,31
N0111114_1611,Fingerprick,TGGGTGXTTTAXTXXTAGXGGATAGNCGAAGANNGNACGGTNAXTNCGCGCCXTAXAGTGACTATCANCCNGGTTACGTNNACCCCCXAAAACAAAACCTC,10,9
N0121205_1611,Fingerprick,TXAXXAXATTAXTXXTAAXAGXATAGCGAAXGAGGCXCAGCTAXCXCACGXCXCAXGATGACCXTCXCTCAAXTTXCATAAACXCTGXAAAACAGAACCTT,0,22
N0131303_1612,Venous blood,XGGGXXGXTCXXTXTGNXXAAXTXNGCACNXAXAGTXCAGXTNXTGCACTCTXXXXAAXXACCXTCXTXCAGGTXGCXCAXGCCXTGXXAANCAAAXCTXX,5,34
N0131303_1701,Venous blood,XGGCTGXTTTAXTXGTCXXGXXTAGGCGXAGAAXGTGCAGXTGXTGTACGXTXTXXAATAACCXCCACCCGGGTTACACGAACXCCGXTAAAXAAGTCCTC,0,20
N0131303_1703,Fingerprick,TGXXXXXXXTAXXXGTCGXXXXTAAGXGXAGAAAGTGCAXTXXXTXTACGXTXCXXAAAAXXCATCXXTCGGXTTACATGAACXCCGXTCAAXXAXTXXCX,0,38
N0131303_1705,Venous blood,TGGGTGXATCAXTXTGAAXAAAAAANCNAANGXGGNXCAAXCGXNATGCTXTXTGXAGNAACTXTCXTTCGGGTAACACAAACTCTCXTXAACAAAAXTTX,6,17
N0131310_1611,Venous blood,XGGCXXXXTXAXXXTXAXXAGXTXAXXGCAGAXAXTXXAGXCAXCGTGCXXTXXGXXAXXATCXTXXTCCXGXXXACXCXXGCCXXGXTXCATXXAXCTXX,0,49
N0131318_1611,Venous blood,XGGCTGXXCCXXTXGTXGXAXXTAAACGCAGAGXGXATAGTCAXCAXACGXTXCXGAGAAATTXTCACTCAGCTTGCATATGCCCTGXXAAATAAATCXTX,0,22
N0131318_1701,Venous blood,XGGNXGGXNTAXTXXXAXXAGXNXANCGCNGAXXXCXNAGXCAXNNTNCTAXXXXXNGAXACCXTCXNXCGNNTXGCXXAXNCNTTGXAXAGNAANXCTXX,17,35
N0131323_1610,Venous blood,TGGCTAAXTTAXTXXTCGXAGXAAGGCGACGGAXGTATAXXXXXTACGCGXTXCXXAXAAATTXCCXCCCGGGTTACATXAACTCCCXTACACAAGAGTTX,0,22
N0141403_1612,Venous blood,AGGGTGAXCTAXTXXTAXXAGXTXAGXGAAGAAGGTATAGXTAXTACGCGXCXXXXGGAAATCXTCATTCGGXTTACXTATACXTTGXXAAGTAAGACTXX,0,24
P0010104_1611,Venous blood,TGAGTGXXTNAXTXTTAGXAXXAANGXGACGANGGCNCGNTNAXNNCNCNXCXCGXGGAAANCXTCACTXAGXTTACACATGCXCTGXTAAACAGATNTTC,12,17
P0010112_1611,Venous blood,AGGNTAAXTNAXTXTTAAXGAATTAXCGCCGGGGGTANNGXTAXTNCGCNXNXCAXAAAAANCNCCXTCCGGCTTGCANNAACTTTGXTANACAGNTNTTX,14,13
P0010116_1607,Venous blood,TGGGCXAXTCAXTXGTAAXAGXTTAXXAAAGAAXCCATAGTXAXCACGCGATXTAXAGAGACXXTCXTCXGGCTAACGTATACTTCGXAXAACAAAAGCCC,0,19
P0010121_1607,Venous blood,TGGGTAGXTCAXTXGGXGXAGXTAXGXAAAGAAGGCATGGTXAXCATGCGXTXTAXAXAGATXXTCATTCGGCTAACACATXCTCTCXTXAACAGAACTCX,0,20
P0010121_1611,Venous blood,TGGCXGXXTXXXTXTTAAXGXXTAAGCGXAGAXAGTATXGCXGXCGXACTXXXCGXXXANCXTXCXXCTCXGNXAAXNXXAAATCXGXXAAGTXANTXXTX,4,38
P0010123_1610,Venous blood,TGGCCXXXTTGXTXGTAAXXGXXAAAXGXCXANACTXTXGCNAXNXCGXGXXXNXXXNTACXCXCXXXNCANCXAXXNXXAXXXCXXXXXAXTXXNTXTTX,9,46
P0010126_1611,Venous blood,TGXCXGGATTXXXXGTAAXGAXXAXGCGCCGAAAGCATAGXCXXTXXXXXACXCGXXXAAXTCXCXACTCXGXTTXCAXXAAXTCXGXXCXATAGGACTTX,0,36
P0010127_1610,Venous blood,TGGCTGXXTCAXTXXTAGXGXXTAANCGNNGNAXGTATAGTTAXCANACGXTXNXXNAAAATNXCCACCCNGCTTAAACNAGCXCCGXXAAACAANNNCTX,13,19
P0010137_1610,Venous blood,TXXGTAAXXCXXGXXGAAXAAXAAGGXGCAXAXAGTACAGXCGXXACGCTATXCXGGGAGCCTTCCXCXTGGXXAACACAAGXTTTGXXXAXXXGAACTTX,0,30
P0020206_1607,Fingerprick,XGXGTGATCTXXTXGGXGXAAXTTAXXAXAGXXXGCXCXGXXXXTGTGXTXCXCGXXXAGXXXXXCATTXXXGAAACXTXAACXXXGXTXAATCAGXCCTX,0,43
P0020206_1701,Venous blood,TGGCTGXTTNAXTXXTCGXGGXTXGGXGAAGAAAXTNCAGXTGXTNTACGXNXCXXAAXAACCAXCACTCGGCTTNCGCGAACXCCGXXXAAXAAGXNCTC,6,23
P0020206_1702,Venous blood,XGGNCGAXTCAXTXXXAXXNGCTXGGCXNAGANXXTNNAGXCAXNNTACNCNXXXXAGXXNCCXXCNCXCNNCTAAAXCAXACCXTGXNXCANAAAXCTXT,16,30
P0020206_1703,Venous blood,XGGGTNATNNAXTXXGAGXNGAAANGCGAAGAAXGTNTAGXNNXNATACNXNXTGXNNAAANCXTCACCCAGCTTNNANAANCXTCGXAANACAAATCNTX,20,15
P0020206_1704,Venous blood,AGGCCGATTCAXTXTXAAXAGCTXGGCGNAGAAGGTNNAGXCAXNATACNCTXCXXXGTAACCXCCACTCNNCTTAAXCATNCCTTGXTACACAAAXNTTX,9,16
P0020206_1705,Venous blood,XGGGTGAXTCAXTXXTAGXGGXATGGCXAAGAAGGTXTAGTCAXCATACTXTXCGXAGXAACCXXCACXCAGCTAAAXTAAGCXTTGXXXCACAAAACTTX,0,23
P0020208_1607,Fingerprick,TGGCTGAXCTXXTXGGAGXAAXTTXXXGAAGGXGCTACXGTXAXTAXACGACXCXGAGTAXTXATCATCCGGGTAACGXGAXCTCTGXAXAGCAAATCTTX,0,23
P0020213_1612,Venous blood,XGGGTGAATCXXTXXGAXXAGXAXAGCXAAGGAXXTACAAXTAXTACGCTXTXXXXAGTXACCXXCATXCGGGTXAAXCAXACTXTCXXXAACAAAXGTXX,0,33
P0020213_1701,Venous blood,TGGGTGAATCAXTXGTAAXAGXAAAGCGAAGGAGGTACAACTAXTACGCTXTXCAXAGAAACCXCCATTCGGGTTAAACAAACTCTCXTAAACAAAAGTTC,0,10
P0020213_1704,Venous blood,XGGGTGAXTCAXTXXXAGXAGXAXAGCGAAGGAACTACAAXTAXTACGCTXTXXAXAGXXACCXXCATXCGGGTTAAXCATACCXTCXTXAACAAAXGTXX,0,27
P0020213_1705,Venous blood,XGGGTGAATCAXTXXXAAXAGXAXAGCXAAGGAXXTACAAXTAXTACGCTXTXXAXAGXAACCXXCATXCGGGTTAAXCAXACXTTCXTXAACAAAAGTXT,0,27
P0020214_1607,Venous blood,XGGGTGAXTTXXNXGGXAXANXAAXGCGANGNGXCTANAGTTGXCATNCTATXTGXAGAGANXXNCATCXGGGTAGCACGTXCTNTGXTXAGNAAAACTCX,10,20
P0020214_1612,Venous blood,XGGGTXXXCTAXXXXXAXXAGXTXAGCXAAXAXXCTATAGXTAXTACGCGXCXXXXGGXXATCXXCXTXCGGXTXACXTXXXCXXTGXTXAGXXAGXCTTC,0,43
P0020214_1701,Venous blood,TGGGTGXXCTXXTXXTAAXAGXTAAGXGAAGAAACTATAGXTAXTACGCGXCXTXXGGAAATCXTCATTCGGXTTACATAAACXCTGXXXAGXAAGACTCX,0,23
P0020215_1607,Venous blood,AXXXXGXTTXAXTXGTXGXGGXATXACACXGAXAGXXXAGCXXXXAXGXTXCXCGXGXAAATXXCXXTCCGGCXTXCGXATACXTCXXXXAACAAGACXTX,0,41
P0020215_1612,Venous blood,TGGGTGAXTCAXXXXXAAXGGXAAGGCXAAGAXXXTXTAGXCAXCATACTXTXXGXAGAXACCXTCXCXCAGCTXAAXXAAGCXTTGXXACACAAXXCTXX,0,33
P0020215_1701,Venous blood,XGGGTGATTCAXTXXXAXXGGXTXAGXXAAGAAXCTATAGXCAXCATACTCTXXGXAGXXACTXXCACXCGACTXACXCAXGCXXCGXXXAACAAAXCCXX,0,33
P0030304_1607,Venous blood,AGGNTGAXTCAXTXTTAGXAGXATAGXGAAGAAACTNCAGCCAXCACGCTXTXCAXNGTAATCTCNXNCTAGGTAACGTATGATTTGXTACATAAATCTCX,5,13
P0050504_1611,Fingerprick,AGGGTGXXTTAXTXTTAAXAXCAAGGXGCCGAAGGCGCGGTTAXTACGCTCTXTGXAGAAACCXTTACCCGGXTTACATAAAAXCCGXTXAGCAAAACTTX,0,16
P0050505_1611,Fingerprick,AGGGXXXXXCAXXXTTXGXAGCTAXGXGCAXAXAGTXXXGCCXXXGXXXTXXXCGCXAAAXXXXCXTCTXXGGXAGXAXXTAXTCXXXXAXGXAXATCTTX,0,47
P0050514_1611,Fingerprick,TGGCTGXXCTAXTXXTAAXAXXAAAGXGAAGAAGGCGTAGXCAXTACACGXTXCGXXATAATTXCCATCCAGCTTGCATAAGAXTTGXXAAGXAAATCTTX,0,21
P0050519_1701,Venous blood,AGACTGXTTTAXTXGTAAXGXXAAAGXGCAGAXGGCXCGGTCGXTATACGXCXTGXGGAAATCXCCXTCCGGXTTACACAAXCXCTGXXAAGCXAAACTTX,0,22
P0050519_1703,Venous blood,TGACTGXTTTAXTXGGAAXGXXAAAGXGCAGAAGCCACGGCCGXTATACGXCXTGXGGAAATCACCTTTCGGGTAACACAAXCTCTGXXXAGCAAATCTTX,0,16
P0050519_1704,Venous blood,TGACTGXTTNAXTXXNAAXGXCNANGXGCAGAAACCNCNGXCNXTNTACNXCXCGXGGAAANCXTCNNCCNGGTTNCACATANTTTGXTAANCAAAANTTT,17,14
P0050519_1705,Venous blood,TGACTGXTTTAXTXGTAGXGXXAAAGCGCAGAAXCCACGGXCGXTATACGXCXCGXGGAAATCAXCTTTCGGGTTACXCATACXTTGXTXAGCAAAACTTX,0,18
P0060606_1607,Venous blood,ANGNNGXXTNAXTXXTAGXAXXTAAGCGAAGAAGCCANAGCCAXCACGCNXTXTGXANAAATTATCXNCTANGTAACGNNANCXCTGXAXANXAAAANTTC,14,17
P0060609_1611,Venous blood,AGGCTGXXTCXXTXXTAAXGXXTTGAXGAAGGXGGTATXXXCGXCATACGXCXCXXAGAAATTXTCACCCAGGTTAAAXGAGCXXCGXAAXACAAATCCTC,0,25
P0060616_1611,Venous blood,AAGGTGXTTTAXTXXTCAXGXXAAXGXGCAGGAGGCGCAGXCAXTACACTXTXCAGGGAGACCXTCACTCGGCTTGCACAXGCCTTGXAACAXAAGACTTC,0,17
P0060620_1611,Venous blood,ANGNTGXTCNAXTXGTAAXAGXATAACGCCGAAGGNGCNGXNNXNGTNCNXCXCXCGNANACCXCCTTCCGGCTTACGCAAGCCCTGXXAAGCAAGTCNTC,13,13
P0060622_1611,Venous blood,TGGGTGXTTCAXTXXTAGXAAXTTAACGAAGAAGGCATAGXCGXTATGCTXTXCGXAGTGACTXTCATTCAGXTTACATGAACXCTCXXAAGCAAAAGTTT,0,16
P0060623_1607,Venous blood,AGGGTGAATTAXTXXTAAXAGXAAAGCGAAGAGGCTXCAGCCAXCACGCGXTXCXXAATAATCACCXCTCAGCTAACACATAAXCCGXXXAAXAAATCCCX,0,18
P0060623_1612,Venous blood,TNGGTGXXNCAXTXGGAGXAGXTANNCANCGNNGCCNCGGXCGXNGTGCTXNXCGXGNTAACCXCCNTCCNGCTTACACATGCXTTNXTAAGCAAGANTTT,15,14
P0060623_1701,Venous blood,AAGGXNXXTNAXXXTTAAXAGXTTAAXGCAXAAAGCXCAGXNGXNGTGCTXTXCGGGGAAACNXNCTTTCNGCTNACXXGAGNXCTGXTCAXXAGGXGCTT,9,23
P0060623_1702,Venous blood,TGNCTGXTNCAXTXTGAAXNGXNXAACNCNGAAGNCNCNGXNAXCGXACGXTXXGCGAXAACCXTCNTTCNGCTTACXCATGCCCTNXTXAGCANGANTTC,15,17
P0060623_1703,Venous blood,AGGGTGXTTCAXTXGGAGXAXXTAAACGAAGAAAGCATAGTCGXTATGCTXTXTGXXGAAACTXTCATCCAGXTTACATGAACXTTCXTAAGCAAATGTTX,0,16
P0060623_1704,Venous blood,TGGCTGXTCCAXTXXGAGXGGXAAAACACAGAAGCXXCAGXTAXCGCACGXTXCACGAAXACCXXCTTCCXGCTAACXTATGCCCTXXTAAGCAGGXCXTC,0,21
P0060623_1705,Venous blood,AGGGTGXXTCAXTXTXAAXAGXTXANCXAAGAAAXCATNGXNNXTATGCTXTXXGXAGXGACTXXCANXCNGGTTACGNGTNCTTTCXTCAGCAAAXGTXT,8,23
P0070701_1611,Fingerprick,XGGGCAXTTCAXTXXXCXXAXXAXAGCGAAAAAGGCGCAGXTGXTACGCGXCXXGXAGTAACCAXCACCCGGXAXGAXTGAGCXTTGXAAAACAAAXCTTC,0,24
P0070705_1611,Fingerprick,TGGXXAXXTCAXTXTTAAXAGXAAAGCGAAGGXGGTGTAGTTAXXACGCGXTXCGXGXTAATTXCCACCCAAXTTGCACAAGAXTTGXXAAXXAAATCTTX,0,23
P0070707_1610,Venous blood,TGGGTAXACTAXTXGNANXAXATTAGXNAXGAAGCTNTAGNCAXCNTACTXTXTGXAGNAATTTNCXCNCAGCTNAXNCAAAXCCCGXAAAACAXAACXTX,11,18
P0070710_1607,Venous blood,AGGGCGAXTTAXTXXTAGXAGXATAGXGAAGAAACCNTAGCCAXCACGCGXTXCGXANTAANCACCXTCNNNCTAACGNATANTTCGXAAANTAAATGTCX,9,14
P0070711_1611,Venous blood,XNGNTGAXNNAXTXXXAXXGGXNXANXXCCNNXXXCXCAGXNAXNGNNCNXCXXXXNAXXANCXXCXNXCGGCTAAAXCAXGCTXTGXTXAGCXGGXCTXX,16,38
P0070722_1612,Venous blood,AGGCTGXXTTAXTXTTAXXGXXAAAGCGCCGAAACCATAGXCGXTACATTXCXTGXAGXAATCXXCACXCGGCTTACXCATACXCCGXTCAAXAAGACTTT,0,21
P0070722_1701,Venous blood,XGGCTGXXTTAXTXGTAXXGXXAXAGCXCCGAAAGCATAGXCGXTACATTXCXXGXAGXXATCTXCACXCGGCTXACXCAXACXXCGXTXAAXAAGXCTXX,0,32
P0070722_1702,Venous blood,XGGCTGXTTTAXTXXXAXXGXXAXAGCXCCGAAXXCATAGXCGXTACATTXCXXGGAGXXATCXXCACXCGGCTXACXCAXACTXCGXTXAATAAGXCTXT,0,32
P0070724_1610,Fingerprick,XGGNTAXXTCAXTXXTAAXAXXTAGGXGAAGGXXNTATAGTCAXCACACGXNXCAXGGTXANTXXCXCNCAGCTAXNXCNANCXCCGXAAAATXAAACCTT,8,25
P0080805_1612,Venous blood,XGGCTGAXCTAXTXXXAXXAXXTXAGCXCAGGAXXTATGGXCAXTACACGXTXXGXAGXXATCAXCATXCAGGTXACXTGXACTXCGXXXAGCAAAXCTXX,0,34
P0080805_1701,Venous blood,XGGCTGXXCTAXTXXXAXXAXXTXAGXXCAGGAXXTATGGXCAXTACACGXTXXGXXGXXATCAXCATXCAGXTXACXTGXACXTCGXXXAGCAAAXCTTX,0,37
P0080805_1702,Venous blood,XGGCTGAACTAXTXXTAAXAXXTAAGXGCAGGAXGTATGGXCAXTAXACGXTXCGXAGAAATCATCATCCAGGTAACXTGTACCCXGXTAAGCAAATCTCX,0,19
P0080805_1704,Venous blood,TGGCTGAXCTAXTXXTAGXAXXTAAGXACAGGAGCTATGGTCAXXACACGXTXCGXAGAAATCACCATCCAGXTAACGTGTACXCCGXXAAGCXAAACTTX,0,19
P0080805_1705,Venous blood,TGGCTGXXCTAXTXXTAGXAXXTXAGXGCAGGAAGTATGGXCAXTACACGXTXTGXXGTGATCATCATCCAGXTTACXTGAACXCCGXXAAGCAAAACTTC,0,21
P0080811_1701,Venous blood,XGGCTGAXCTAXTXTTAAXAGXTXAGXGAAGGXAGTACAGXCAXTACACGXCXXXXGGXAATCAXCATCCGGGTAACXTGXACCCTGXAXAXCAAAXCTTX,0,25
P0080811_1703,Venous blood,AGGCTGAXCCAXGXGGAGXGGXTAAGXGAAGGXAGTNCAGXTGXTANGCGXCXTGXGAAAATCXTCXCCCAGCTTACANXANACTNCXAAAAXAAATCTNX,6,18
P0080811_1704,Venous blood,XGGNTGXXTNAXTXXXCGXGGXTXAGXXNAGAAXGTGTAGXCAXCNTGCTXTXXGXGGAAACCTXNXCCXAGCTTGCXCGXACCNTGXXXCGCAAAXCNXX,7,30
P0080824_1607,Venous blood,TGGGTXGATCAXTXGGXAXAAXTAXGCAAAGAAGCCATAATXGXTAXGCTXTXTAGAXAGACXXTCXTCCGAGTTACACGTACTTTGXAXAATAAATCXTT,0,19
P0080835_1705,Fingerprick,TNGCCGXNTCAXTXGGAAXNXXTTAGXNAAGNXGCTANAGCCAXCATACNXTXCAXGNAGACCXCCATCXGGCTTACAXAANAXCTGXTXAGXAAAACCCC,9,19
P0080836_1612,Venous blood,AGGCTGXXTTAXTXTXAXXGXXAXAGCXCCGAAAXCATAGXCGXTACATTXCXXGXAGXXATCXTCACXCGGCTXACXCAXACTXCGXXCAATAAGXCTTX,0,30
P0080836_1701,Venous blood,XGGCTGXTTTAXTXXXAXXGXXAXAGCXCCGAAAGCATAGXCGXTAXATTXCXCGXAGXAATCXTCACXCGGCTTACXCAAACXCCGXXXAAXAAGTCTTX,0,28
P0080840_1611,Venous blood,TGGGTXXXTTAXTXXTAAXGAXTAAGTGCXGGGGGTXTXGXXAXTACGXGATXCAXAATGAXXATXTTTXXXCXTGAATXAAXXCCGXXAAACXXATCXTX,0,33
P0080842_1607,Venous blood,XGGGCAAXTCAXTXXTAGXAGXTAANCGAAGAAGCCATGGXTAXCACNCGXTXTXCAGAAANCATCATCCGGCTAACGTAAGCTCCGXAXAACAANAGTTT,4,14
P0080842_1612,Venous blood,XGGCTGXTTTAXTXXXAXXAXXTXAGXXCAGGAXXTATGGXTAXTAXACGXTXXGXAGXGATCXXCATXCAGGTXACXTGXACTXTGXTXAGCAAAXCXXC,0,35
P0080842_1701,Venous blood,XGGCTGXXCTAXTXTXAXXAXXNXAGCXCAGGNAXTANAGXCAXTACACGXCXXGXAGTXATCAXCATXCGGCTXACXTAXACTTTGXTXANCAAAXCTXC,4,29
P0080842_1703,Venous blood,XGGCTGXTXTAXTXGTAAXXGXTAAGXGCAGGXXGTATGGTTAXTACACGXCXCGXXGAAATCATCATCCGGXTTACGTGAXCXCTGXXXAGCAAATCTTX,0,23
P0080842_1704,Venous blood,TGGCNGXXNTAXTXGTAAXNXXAAAGCGNAGGNGGTATGGCTAXTACNCNXNXTGXAGAAATCXTCATTCNGCTTANNTGAGCCCTGXAXAGCAAAACTTC,11,14
P0080842_1705,Venous blood,XGGCTGXTCTAXTXXXAXXAXXNXAGCACAGGNAXTACAGXNAXTACACGXTXXGXAGXXATCXXCATXCGGXTXACXTNXACXXTGXTXAAXAAAXCTCX,4,34
P0080843_1611,Fingerprick,AGGCTGAXCTAXTXTTAGXAXXAAAGCGAAGAAAGCGTAGXCAXTACACGXTXCGXAATAATTXTCATTCAGCTTGCATAAGAXTTGXTAAGTAAATCTTC,0,14
P0080854_1611,Venous blood,TGGGTGXXTTAXTXTTAAXGXXTAAGXGCCGGGGGTATAGTTAXTACGCGXTXCXXAATGATCATCATTCGGCTTGCATAAACXCCGXTAAACAGATCTTC,0,15
P0080857_1702,Venous blood,XGGNTGATNTAXTXTGAAXGXATTAGXXCCGGNAGTATNGXNAXTACGCGXTXXANANNAATCATCATCCNGCTTGCATNXACTCCGXTCAACAGATCTTC,10,14
P0080858_1607,Fingerprick,TGGGTGXTCTXXTXGGAGXAGXTTXXXAXAGAAGCTATXGXTAXTAXXCGACXTAGXGAGATXXXCATCXGGGTAACATATXXTTTGXTXAGTAAGTCTCX,0,26
P0080867_1607,Fingerprick,TGGGCGATTCAXTXXTXAXXGXTTXXXAXAXAAXCCXTGGTTXXCAXAXGXTXTAGAGAGXTXXTCXTCXGGCXAACGTATGATTCGXAXAXCXAAAGTCX,0,31
P0080880_1612,Venous blood,XGACTGXXTCAXTXXXAXXAGXTXAXCXCAGAAXXCACAGXCAXCGCACGCTXXGXGAXXACCXXCTTXCAAGTXACXCAXGCCCCGXTXAGCAAGXCCXT,0,32
P0080880_1702,Venous blood,AGGCTGXXTTAXXXGGAAXNGXTAAXCGNAGGXGCTNTNGXCAXTNCNXGXNXCGXXNAAATCTTCXTCCAGXTTXXATGAACCCXGXTXAXXXAAACTTX,8,27
P0090904_1610,Venous blood,TGGXTXXXTXXXTXXTCGXAGCXNGXXGCCGXXGGTATAGXXXXCACXXXXTXTGXGGNGATCXNCACCCXGCXNXAACAANAXTXXXTXAAXCXGNXXTT,6,38
P0090907_1701,Venous blood,AGGCNGXXTTAXTXTXAXXGGXAXXGXXCAGNXANNXCAGXNAXNGTNCXXTXXXXGNXGACCXXCXCXNANCTTNCGXXTACXXXNXXCAXXAGAXCTTX,12,38
P0111104_1611,Fingerprick,XGGCTGAXCTXXTXTTAAXAXXAAAGCGAAGAAGGCGTAGXCAXTACACGXTXCGXAATAATTXXCATCCAGCTTGCATAAGAXTTGXTAAGXAAATCTTX,0,19
P0111105_1701,Fingerprick,TGGGTGATTTXXGXGTAAXAGXTTAGCGCCGGAACTATAGCTAXTACGCGXTXCXXAAAAATCXTCTTCCGGGTTGCAXAAACTXTGXXAXXCAGXACTTX,0,19
P0111106_1611,Fingerprick,AGGGCAAXCTXXTXGTAAXGGXTAAACGAAGAAGGTACAGXCAXTACACTXTXCXXAGAGACCXCCACCCGGGTTGCATAAACTTTCXXAAGTAAATCTTX,0,16
P0121204_1612,Venous blood,AGGGTGXATTAXTXTGAXXAGXAXAGXAAAGAGAGTGCAGXCAXCACGCGXTXXAXAATAATCACCACXCAGCTTACACATAAXCCGXTCAAXAAAACCTC,0,18
P0121204_1701,Venous blood,XXGGTGXATTAXTXXGAXXAGXAXAGXXAAGAGAXTGCAGTCAXCACGCGXTXXAGXAXXATCXTCACXCAGCTXACXCAXAAXXCGXTAAAXAAAACCXX,0,31
P0121204_1703,Venous blood,TGGGTGXATTAXTXXTAAXAXAATAGXGAAGAGXCTGCAGXCAXCACGCGXTXTAXAAAAATCXCCACTCAGCTTACGCAAAAXTCGXTAAACAAATCCTX,0,17
P0121204_1704,Venous blood,XGGGTGAXTTXXTXXXAXXAXXATAGXAAAXAGXCTXCAGXCAXCACXCGXTXXXXAAXXATCAXCXCXCAGCTXAXXCAXXXTXCGXXXAATAAAXCCTX,0,40
P0121204_1705,Venous blood,TGGGXGAATTAXTXXGAAXAGAAXAGCAAAGAGGGTGCAGXCAXCACGCGXTXCAXAATAATCAXCACCCAGCTTACACAAAATCCGXTXAATAAAXCCTC,0,15
