Type,Name,AAsen,Sample,Combinedmarker,ShortMarker,Phenotype
Barcode,CRT,K,J0010103_1412,TK,T,Mixed
Barcode,CRT,K,J0010107_1511,K,K,WT
Barcode,CRT,K,J0020302_1506,T,T,Resistant
Barcode,CRT,K,J0020313_1412,K,K,WT
Barcode,CRT,K,J0030406_1701,T,T,Resistant
Barcode,CRT,K,J0030406_1702,T,T,Resistant
Barcode,CRT,K,J0030406_1704,T,T,Resistant
Barcode,CRT,K,J0030406_1705,T,T,Resistant
Barcode,CRT,K,J0030409_1610,T,T,Resistant
Barcode,CRT,K,J0030417_1412,T,T,Resistant
Barcode,CRT,K,J0050607_1412,T,T,Resistant
Barcode,CRT,K,J0050611_1611,T,T,Resistant
Barcode,CRT,K,J0050616_1512,T,T,Resistant
Barcode,CRT,K,J0050617_1611,T,T,Resistant
Barcode,CRT,K,J0050618_1610,T,T,Resistant
Barcode,CRT,K,J0060701_1511,T,T,Resistant
Barcode,CRT,K,J0070804_1610,K,K,WT
Barcode,CRT,K,J0080906_1511,T,T,Resistant
Barcode,CRT,K,J0091005_1603,T,T,Resistant
Barcode,CRT,K,J0101103_1701,T,T,Resistant
Barcode,CRT,K,J0101103_1702,T,T,Resistant
Barcode,CRT,K,J0101103_1703,T,T,Resistant
Barcode,CRT,K,J0111208_1610,T,T,Resistant
Barcode,CRT,K,J0111209_1412,K,K,WT
Barcode,CRT,K,J0111211_1412,K,K,WT
Barcode,CRT,K,J0131404_1511,K,K,WT
Barcode,CRT,K,J0141503_1511,T,T,Resistant
Barcode,CRT,K,J0141506_1506,K,K,WT
Barcode,CRT,K,J0141506_1511,TK,T,Mixed
Barcode,CRT,K,J0151608_1701,T,T,Resistant
Barcode,CRT,K,J0161702_1603,K,K,WT
Barcode,CRT,K,J0161711_1603,T,T,Resistant
Barcode,CRT,K,J0171803_1511,K,K,WT
Barcode,CRT,K,J0171804_1610,K,K,WT
Barcode,CRT,K,J0171805_1611,T,T,Resistant
Barcode,CRT,K,J0181911_1611,T,T,Resistant
Barcode,CRT,K,J0222301_1511,T,T,Resistant
Barcode,CRT,K,J0242509_1611,K,K,WT
Barcode,CRT,K,J0242517_1611,T,T,Resistant
Barcode,CRT,K,J0252609_1412,K,K,WT
Barcode,CRT,K,J0252620_1511,K,K,WT
Barcode,CRT,K,J0262707_1412,T,T,Resistant
Barcode,CRT,K,J0262707_1506,TK,T,Mixed
Barcode,CRT,K,J0262710_1511,K,K,WT
Barcode,CRT,K,J0262723_1511,K,K,WT
Barcode,CRT,K,J0262731_1412,T,T,Resistant
Barcode,CRT,K,J0272802_1412,K,K,WT
Barcode,CRT,K,J0272803_1512,T,T,Resistant
Barcode,CRT,K,J0272804_1511,T,T,Resistant
Barcode,CRT,K,J0272809_1611,K,K,WT
Barcode,CRT,K,J0272809_1612,K,K,WT
Barcode,CRT,K,J0272813_1610,K,K,WT
Barcode,CRT,K,J0272813_1701,K,K,WT
Barcode,CRT,K,J0272813_1702,K,K,WT
Barcode,CRT,K,J0272813_1704,K,K,WT
Barcode,CRT,K,J0272815_1611,K,K,WT
Barcode,CRT,K,J0272815_1701,K,K,WT
Barcode,CRT,K,J0272815_1702,K,K,WT
Barcode,CRT,K,J0272815_1704,K,K,WT
Barcode,CRT,K,J0272815_1705,K,K,WT
Barcode,CRT,K,J0282915_1511,T,T,Resistant
Barcode,CRT,K,J0282916_1701,TK,T,Mixed
Barcode,CRT,K,J0282916_1702,T,T,Resistant
Barcode,CRT,K,J0282916_1703,K,K,WT
Barcode,CRT,K,J0282916_1705,T,T,Resistant
Barcode,CRT,K,K0010105_1504,K,K,WT
Barcode,CRT,K,K0010105_1506,K,K,WT
Barcode,CRT,K,K0020203_1511,T,T,Resistant
Barcode,CRT,K,K0020204_1512,K,K,WT
Barcode,CRT,K,K0022008_1512,T,T,Resistant
Barcode,CRT,K,K0030301_1504,T,T,Resistant
Barcode,CRT,K,K0030302_1512,T,T,Resistant
Barcode,CRT,K,K0030302_1610,T,T,Resistant
Barcode,CRT,K,K0030302_1611,T,T,Resistant
Barcode,CRT,K,K0030303_1511,K,K,WT
Barcode,CRT,K,K0030303_1512,K,K,WT
Barcode,CRT,K,K0030303_1603,K,K,WT
Barcode,CRT,K,K0030303_1605,K,K,WT
Barcode,CRT,K,K0030303_1607,K,K,WT
Barcode,CRT,K,K0030303_1612,T,T,Resistant
Barcode,CRT,K,K0050502_1512,K,K,WT
Barcode,CRT,K,K0050508_1603,K,K,WT
Barcode,CRT,K,K0050512_1611,T,T,Resistant
Barcode,CRT,K,K0050516_1511,T,T,Resistant
Barcode,CRT,K,K0060617_1511,K,K,WT
Barcode,CRT,K,K0060617_1512,K,K,WT
Barcode,CRT,K,K0060617_1605,K,K,WT
Barcode,CRT,K,K0070713_1610,T,T,Resistant
Barcode,CRT,K,K0070714_1611,T,T,Resistant
Barcode,CRT,K,K0080809_1612,T,T,Resistant
Barcode,CRT,K,K0080809_1702,T,T,Resistant
Barcode,CRT,K,K0090902_1607,T,T,Resistant
Barcode,CRT,K,K0090903_1511,K,K,WT
Barcode,CRT,K,K0090903_1512,K,K,WT
Barcode,CRT,K,K0090903_1610,K,K,WT
Barcode,CRT,K,K0090906_1506,K,K,WT
Barcode,CRT,K,K0101005_1512,K,K,WT
Barcode,CRT,K,K0101007_1412,T,T,Resistant
Barcode,CRT,K,K0111111_1611,T,T,Resistant
Barcode,CRT,K,K0141403_1504,T,T,Resistant
Barcode,CRT,K,K0141403_1506,T,T,Resistant
Barcode,CRT,K,K0141403_1511,T,T,Resistant
Barcode,CRT,K,K0141403_1512,K,K,WT
Barcode,CRT,K,K0151508_1612,T,T,Resistant
Barcode,CRT,K,K0151511_1610,T,T,Resistant
Barcode,CRT,K,K0171716_1612,T,T,Resistant
Barcode,CRT,K,K0171716_1702,T,T,Resistant
Barcode,CRT,K,K0171716_1703,T,T,Resistant
Barcode,CRT,K,K0171719_1701,T,T,Resistant
Barcode,CRT,K,K0171719_1705,K,K,WT
Barcode,CRT,K,K0171722_1512,T,T,Resistant
Barcode,CRT,K,K0171724_1611,T,T,Resistant
Barcode,CRT,K,K0171728_1512,K,K,WT
Barcode,CRT,K,K0171728_1605,K,K,WT
Barcode,CRT,K,K0171730_1603,T,T,Resistant
Barcode,CRT,K,K0171732_1512,T,T,Resistant
Barcode,CRT,K,K0171732_1612,T,T,Resistant
Barcode,CRT,K,K0171738_1412,T,T,Resistant
Barcode,CRT,K,K0181809_1512,K,K,WT
Barcode,CRT,K,K0181810_1612,K,K,WT
Barcode,CRT,K,K0181810_1705,T,T,Resistant
Barcode,CRT,K,K0202002_1512,T,T,Resistant
Barcode,CRT,K,K0202008_1605,T,T,Resistant
Barcode,CRT,K,K0212102_1512,T,T,Resistant
Barcode,CRT,K,K0212109_1504,K,K,WT
Barcode,CRT,K,K0212109_1506,K,K,WT
Barcode,CRT,K,K0212110_1512,K,K,WT
Barcode,CRT,K,K0222213_1612,T,T,Resistant
Barcode,CRT,K,K0222213_1701,T,T,Resistant
Barcode,CRT,K,K0222213_1702,T,T,Resistant
Barcode,CRT,K,K0222213_1705,T,T,Resistant
Barcode,CRT,K,K0232412_1612,T,T,Resistant
Barcode,CRT,K,K0232412_1704,T,T,Resistant
Barcode,CRT,K,K0232412_1705,T,T,Resistant
Barcode,CRT,K,K0242508_1512,K,K,WT
Barcode,CRT,K,K0242508_1605,K,K,WT
Barcode,CRT,K,K0252717_1511,T,T,Resistant
Barcode,CRT,K,K0252717_1512,T,T,Resistant
Barcode,CRT,K,K0252805_1506,T,T,Resistant
Barcode,CRT,K,K0252808_1611,K,K,WT
Barcode,CRT,K,K0252808_1701,T,T,Resistant
Barcode,CRT,K,K0262902_1511,K,K,WT
Barcode,CRT,K,K0262913_1611,T,T,Resistant
Barcode,CRT,K,K0262922_1612,T,T,Resistant
Barcode,CRT,K,K0262922_1701,K,K,WT
Barcode,CRT,K,K0262922_1702,T,T,Resistant
Barcode,CRT,K,K0262922_1703,T,T,Resistant
Barcode,CRT,K,K0262922_1704,T,T,Resistant
Barcode,CRT,K,K0262922_1705,T,T,Resistant
Barcode,CRT,K,K0262935_1612,T,T,Resistant
Barcode,CRT,K,K0262935_1702,T,T,Resistant
Barcode,CRT,K,K0262940_1511,T,T,Resistant
Barcode,CRT,K,K0262940_1512,T,T,Resistant
Barcode,CRT,K,K0262940_1603,T,T,Resistant
Barcode,CRT,K,K0262940_1605,T,T,Resistant
Barcode,CRT,K,K0262940_1612,T,T,Resistant
Barcode,CRT,K,K0262940_1701,T,T,Resistant
Barcode,CRT,K,K0262940_1702,T,T,Resistant
Barcode,CRT,K,K0262940_1703,T,T,Resistant
Barcode,CRT,K,K0262940_1704,T,T,Resistant
Barcode,CRT,K,K0262941_1702,T,T,Resistant
Barcode,CRT,K,K0263004_1511,K,K,WT
Barcode,CRT,K,K0263004_1512,K,K,WT
Barcode,CRT,K,K0263004_1603,K,K,WT
Barcode,CRT,K,K0263008_1612,T,T,Resistant
Barcode,CRT,K,K0263008_1702,T,T,Resistant
Barcode,CRT,K,K0263008_1703,T,T,Resistant
Barcode,CRT,K,K0263008_1704,T,T,Resistant
Barcode,CRT,K,K0263008_1705,T,T,Resistant
Barcode,CRT,K,K0263111_1612,K,K,WT
Barcode,CRT,K,K0263111_1705,T,T,Resistant
Barcode,CRT,K,K0273207_1511,T,T,Resistant
Barcode,CRT,K,K0273207_1605,T,T,Resistant
Barcode,CRT,K,K0283310_1511,T,T,Resistant
Barcode,CRT,K,K0283406_1512,T,T,Resistant
Barcode,CRT,K,K0303507_1603,T,T,Resistant
Barcode,CRT,K,K0303507_1605,K,K,WT
Barcode,CRT,K,K0323702_1611,T,T,Resistant
Barcode,CRT,K,K0323719_1511,K,K,WT
Barcode,CRT,K,K0323725_1511,T,T,Resistant
Barcode,CRT,K,K0323730_1511,T,T,Resistant
Barcode,CRT,K,K0344032_1512,K,K,WT
Barcode,CRT,K,K0344102_1511,K,K,WT
Barcode,CRT,K,K0344111_1511,T,T,Resistant
Barcode,CRT,K,K0364311_1511,K,K,WT
Barcode,CRT,K,K0364312_1607,K,K,WT
Barcode,CRT,K,K0364312_1612,T,T,Resistant
Barcode,CRT,K,K0364314_1701,T,T,Resistant
Barcode,CRT,K,K0364319_1511,T,T,Resistant
Barcode,CRT,K,K0364319_1612,T,T,Resistant
Barcode,CRT,K,K0364320_1506,K,K,WT
Barcode,CRT,K,K0364324_1612,T,T,Resistant
Barcode,CRT,K,K0364324_1701,T,T,Resistant
Barcode,CRT,K,K0364329_1511,T,T,Resistant
Barcode,CRT,K,K0374406_1612,T,T,Resistant
Barcode,CRT,K,K0374406_1702,T,T,Resistant
Barcode,CRT,K,K0374406_1705,K,K,WT
Barcode,CRT,K,K0374408_1412,TK,T,Mixed
Barcode,CRT,K,K0374502_1412,T,T,Resistant
Barcode,CRT,K,K0374502_1705,T,T,Resistant
Barcode,CRT,K,K0384601_1702,K,K,WT
Barcode,CRT,K,K0384602_1512,K,K,WT
Barcode,CRT,K,K0384604_1511,K,K,WT
Barcode,CRT,K,K0384611_1612,T,T,Resistant
Barcode,CRT,K,K0384611_1701,K,K,WT
Barcode,CRT,K,K0384611_1702,K,K,WT
Barcode,CRT,K,K0394906_1611,T,T,Resistant
Barcode,CRT,K,K0394923_1610,T,T,Resistant
Barcode,CRT,K,K0394934_1610,T,T,Resistant
Barcode,CRT,K,K0394938_1611,T,T,Resistant
Barcode,CRT,K,K0405016_1611,T,T,Resistant
Barcode,CRT,K,K0415108_1701,T,T,Resistant
Barcode,CRT,K,K0415108_1702,T,T,Resistant
Barcode,CRT,K,K0415109_1603,T,T,Resistant
Barcode,CRT,K,K0425208_1512,T,T,Resistant
Barcode,CRT,K,K0425208_1605,KT,T,Mixed
Barcode,CRT,K,N0050505_1610,T,T,Resistant
Barcode,CRT,K,N0111114_1611,K,K,WT
Barcode,CRT,K,N0131303_1612,K,K,WT
Barcode,CRT,K,N0131303_1701,T,T,Resistant
Barcode,CRT,K,N0131303_1703,T,T,Resistant
Barcode,CRT,K,N0131303_1705,T,T,Resistant
Barcode,CRT,K,N0131318_1701,KT,T,Mixed
Barcode,CRT,K,N0131323_1610,T,T,Resistant
Barcode,CRT,K,N0141403_1612,T,T,Resistant
Barcode,CRT,K,P0010112_1611,T,T,Resistant
Barcode,CRT,K,P0010116_1607,K,K,WT
Barcode,CRT,K,P0010121_1607,K,K,WT
Barcode,CRT,K,P0010123_1610,T,T,Resistant
Barcode,CRT,K,P0010126_1611,T,T,Resistant
Barcode,CRT,K,P0010127_1610,K,K,WT
Barcode,CRT,K,P0020206_1701,T,T,Resistant
Barcode,CRT,K,P0020206_1702,T,T,Resistant
Barcode,CRT,K,P0020206_1703,T,T,Resistant
Barcode,CRT,K,P0020206_1704,T,T,Resistant
Barcode,CRT,K,P0020206_1705,T,T,Resistant
Barcode,CRT,K,P0020208_1607,T,T,Resistant
Barcode,CRT,K,P0020213_1612,K,K,WT
Barcode,CRT,K,P0020213_1701,K,K,WT
Barcode,CRT,K,P0020213_1705,K,K,WT
Barcode,CRT,K,P0020214_1612,T,T,Resistant
Barcode,CRT,K,P0020214_1701,T,T,Resistant
Barcode,CRT,K,P0020215_1607,T,T,Resistant
Barcode,CRT,K,P0020215_1701,T,T,Resistant
Barcode,CRT,K,P0030304_1607,T,T,Resistant
Barcode,CRT,K,P0050504_1611,T,T,Resistant
Barcode,CRT,K,P0050514_1611,T,T,Resistant
Barcode,CRT,K,P0050519_1703,T,T,Resistant
Barcode,CRT,K,P0050519_1704,T,T,Resistant
Barcode,CRT,K,P0050519_1705,T,T,Resistant
Barcode,CRT,K,P0060606_1607,K,K,WT
Barcode,CRT,K,P0060620_1611,T,T,Resistant
Barcode,CRT,K,P0060622_1611,T,T,Resistant
Barcode,CRT,K,P0060623_1612,T,T,Resistant
Barcode,CRT,K,P0060623_1701,T,T,Resistant
Barcode,CRT,K,P0060623_1702,T,T,Resistant
Barcode,CRT,K,P0060623_1703,T,T,Resistant
Barcode,CRT,K,P0060623_1704,T,T,Resistant
Barcode,CRT,K,P0060623_1705,T,T,Resistant
Barcode,CRT,K,P0070701_1611,T,T,Resistant
Barcode,CRT,K,P0070705_1611,T,T,Resistant
Barcode,CRT,K,P0070707_1610,K,K,WT
Barcode,CRT,K,P0070711_1611,T,T,Resistant
Barcode,CRT,K,P0070722_1612,T,T,Resistant
Barcode,CRT,K,P0070722_1701,T,T,Resistant
Barcode,CRT,K,P0070722_1702,T,T,Resistant
Barcode,CRT,K,P0080805_1612,K,K,WT
Barcode,CRT,K,P0080805_1702,K,K,WT
Barcode,CRT,K,P0080805_1704,K,K,WT
Barcode,CRT,K,P0080805_1705,K,K,WT
Barcode,CRT,K,P0080811_1703,K,K,WT
Barcode,CRT,K,P0080824_1607,T,T,Resistant
Barcode,CRT,K,P0080835_1705,T,T,Resistant
Barcode,CRT,K,P0080836_1612,T,T,Resistant
Barcode,CRT,K,P0080836_1701,T,T,Resistant
Barcode,CRT,K,P0080842_1607,K,K,WT
Barcode,CRT,K,P0080842_1612,T,T,Resistant
Barcode,CRT,K,P0080842_1703,T,T,Resistant
Barcode,CRT,K,P0080842_1704,T,T,Resistant
Barcode,CRT,K,P0080843_1611,T,T,Resistant
Barcode,CRT,K,P0080854_1611,T,T,Resistant
Barcode,CRT,K,P0080857_1702,T,T,Resistant
Barcode,CRT,K,P0080858_1607,T,T,Resistant
Barcode,CRT,K,P0080880_1612,T,T,Resistant
Barcode,CRT,K,P0080880_1702,T,T,Resistant
Barcode,CRT,K,P0090907_1701,T,T,Resistant
Barcode,CRT,K,P0111104_1611,T,T,Resistant
Barcode,CRT,K,P0111105_1701,T,T,Resistant
Barcode,CRT,K,P0111106_1611,T,T,Resistant
Barcode,CRT,K,P0121204_1612,K,K,WT
Barcode,CRT,K,P0121204_1701,K,K,WT
Barcode,CRT,K,P0121204_1705,K,K,WT
Barcode,DHFR,S,J0010103_1412,N,N,Resistant
Barcode,DHFR,S,J0010107_1506,N,N,Resistant
Barcode,DHFR,S,J0010107_1511,N,N,Resistant
Barcode,DHFR,S,J0010112_1511,N,N,Resistant
Barcode,DHFR,S,J0010129_1412,S,S,WT
Barcode,DHFR,S,J0020208_1412,S,S,WT
Barcode,DHFR,S,J0020301_1412,N,N,Resistant
Barcode,DHFR,S,J0020302_1506,N,N,Resistant
Barcode,DHFR,S,J0020313_1412,N,N,Resistant
Barcode,DHFR,S,J0020317_1412,N,N,Resistant
Barcode,DHFR,S,J0020322_1511,N,N,Resistant
Barcode,DHFR,S,J0030406_1701,N,N,Resistant
Barcode,DHFR,S,J0030406_1705,N,N,Resistant
Barcode,DHFR,S,J0030407_1512,N,N,Resistant
Barcode,DHFR,S,J0030409_1610,N,N,Resistant
Barcode,DHFR,S,J0030417_1412,N,N,Resistant
Barcode,DHFR,S,J0040504_1511,N,N,Resistant
Barcode,DHFR,S,J0050605_1511,N,N,Resistant
Barcode,DHFR,S,J0050607_1412,N,N,Resistant
Barcode,DHFR,S,J0050611_1611,N,N,Resistant
Barcode,DHFR,S,J0050616_1512,N,N,Resistant
Barcode,DHFR,S,J0050617_1611,N,N,Resistant
Barcode,DHFR,S,J0050618_1610,N,N,Resistant
Barcode,DHFR,S,J0060701_1511,N,N,Resistant
Barcode,DHFR,S,J0070804_1610,N,N,Resistant
Barcode,DHFR,S,J0080906_1511,N,N,Resistant
Barcode,DHFR,S,J0091005_1603,N,N,Resistant
Barcode,DHFR,S,J0101103_1701,N,N,Resistant
Barcode,DHFR,S,J0101103_1703,S,S,WT
Barcode,DHFR,S,J0101103_1704,N,N,Resistant
Barcode,DHFR,S,J0111209_1412,N,N,Resistant
Barcode,DHFR,S,J0111211_1412,N,N,Resistant
Barcode,DHFR,S,J0131404_1511,N,N,Resistant
Barcode,DHFR,S,J0131406_1512,N,N,Resistant
Barcode,DHFR,S,J0141502_1412,S,S,WT
Barcode,DHFR,S,J0141503_1511,N,N,Resistant
Barcode,DHFR,S,J0141506_1506,N,N,Resistant
Barcode,DHFR,S,J0141506_1511,N,N,Resistant
Barcode,DHFR,S,J0141509_1412,N,N,Resistant
Barcode,DHFR,S,J0151608_1701,N,N,Resistant
Barcode,DHFR,S,J0151608_1704,S,S,WT
Barcode,DHFR,S,J0151609_1512,N,N,Resistant
Barcode,DHFR,S,J0151616_1412,N,N,Resistant
Barcode,DHFR,S,J0161702_1603,N,N,Resistant
Barcode,DHFR,S,J0161706_1412,S,S,WT
Barcode,DHFR,S,J0161710_1412,S,S,WT
Barcode,DHFR,S,J0161711_1603,N,N,Resistant
Barcode,DHFR,S,J0171802_1611,N,N,Resistant
Barcode,DHFR,S,J0171803_1511,N,N,Resistant
Barcode,DHFR,S,J0171804_1412,S,S,WT
Barcode,DHFR,S,J0171804_1610,N,N,Resistant
Barcode,DHFR,S,J0171805_1611,N,N,Resistant
Barcode,DHFR,S,J0171806_1511,N,N,Resistant
Barcode,DHFR,S,J0181910_1511,N,N,Resistant
Barcode,DHFR,S,J0181911_1611,N,N,Resistant
Barcode,DHFR,S,J0181912_1412,S,S,WT
Barcode,DHFR,S,J0202102_1412,N,N,Resistant
Barcode,DHFR,S,J0202107_1412,N,N,Resistant
Barcode,DHFR,S,J0212203_1412,N,N,Resistant
Barcode,DHFR,S,J0222301_1511,N,N,Resistant
Barcode,DHFR,S,J0232404_1511,N,N,Resistant
Barcode,DHFR,S,J0242509_1611,N,N,Resistant
Barcode,DHFR,S,J0242517_1611,N,N,Resistant
Barcode,DHFR,S,J0242520_1412,N,N,Resistant
Barcode,DHFR,S,J0252609_1412,N,N,Resistant
Barcode,DHFR,S,J0252610_1611,N,N,Resistant
Barcode,DHFR,S,J0252620_1511,N,N,Resistant
Barcode,DHFR,S,J0262707_1412,N,N,Resistant
Barcode,DHFR,S,J0262707_1506,N,N,Resistant
Barcode,DHFR,S,J0262710_1511,N,N,Resistant
Barcode,DHFR,S,J0262723_1511,N,N,Resistant
Barcode,DHFR,S,J0262731_1412,N,N,Resistant
Barcode,DHFR,S,J0262741_1412,N,N,Resistant
Barcode,DHFR,S,J0262744_1611,N,N,Resistant
Barcode,DHFR,S,J0272802_1412,N,N,Resistant
Barcode,DHFR,S,J0272803_1512,N,N,Resistant
Barcode,DHFR,S,J0272804_1511,N,N,Resistant
Barcode,DHFR,S,J0272809_1611,N,N,Resistant
Barcode,DHFR,S,J0272809_1612,N,N,Resistant
Barcode,DHFR,S,J0272812_1611,N,N,Resistant
Barcode,DHFR,S,J0272813_1610,N,N,Resistant
Barcode,DHFR,S,J0272813_1702,N,N,Resistant
Barcode,DHFR,S,J0272813_1703,N,N,Resistant
Barcode,DHFR,S,J0272813_1704,N,N,Resistant
Barcode,DHFR,S,J0272813_1705,N,N,Resistant
Barcode,DHFR,S,J0272815_1611,N,N,Resistant
Barcode,DHFR,S,J0272815_1701,N,N,Resistant
Barcode,DHFR,S,J0272815_1702,N,N,Resistant
Barcode,DHFR,S,J0272815_1703,N,N,Resistant
Barcode,DHFR,S,J0282915_1511,N,N,Resistant
Barcode,DHFR,S,J0282916_1701,N,N,Resistant
Barcode,DHFR,S,J0282916_1703,N,N,Resistant
Barcode,DHFR,S,J0282916_1704,N,N,Resistant
Barcode,DHFR,S,J0282916_1705,N,N,Resistant
Barcode,DHFR,S,K0010101_1611,N,N,Resistant
Barcode,DHFR,S,K0010105_1412,N,N,Resistant
Barcode,DHFR,S,K0010105_1504,N,N,Resistant
Barcode,DHFR,S,K0010105_1506,N,N,Resistant
Barcode,DHFR,S,K0010105_1607,N,N,Resistant
Barcode,DHFR,S,K0020203_1511,N,N,Resistant
Barcode,DHFR,S,K0020204_1512,N,N,Resistant
Barcode,DHFR,S,K0022008_1512,N,N,Resistant
Barcode,DHFR,S,K0030301_1504,N,N,Resistant
Barcode,DHFR,S,K0030302_1511,N,N,Resistant
Barcode,DHFR,S,K0030302_1512,N,N,Resistant
Barcode,DHFR,S,K0030302_1610,N,N,Resistant
Barcode,DHFR,S,K0030302_1612,N,N,Resistant
Barcode,DHFR,S,K0030303_1511,N,N,Resistant
Barcode,DHFR,S,K0030303_1512,N,N,Resistant
Barcode,DHFR,S,K0030303_1603,N,N,Resistant
Barcode,DHFR,S,K0030303_1605,N,N,Resistant
Barcode,DHFR,S,K0030303_1607,N,N,Resistant
Barcode,DHFR,S,K0050502_1512,N,N,Resistant
Barcode,DHFR,S,K0050508_1603,N,N,Resistant
Barcode,DHFR,S,K0050516_1511,N,N,Resistant
Barcode,DHFR,S,K0060609_1605,N,N,Resistant
Barcode,DHFR,S,K0060614_1511,N,N,Resistant
Barcode,DHFR,S,K0070713_1610,N,N,Resistant
Barcode,DHFR,S,K0070714_1611,N,N,Resistant
Barcode,DHFR,S,K0080809_1612,N,N,Resistant
Barcode,DHFR,S,K0080809_1702,N,N,Resistant
Barcode,DHFR,S,K0090902_1607,S,S,WT
Barcode,DHFR,S,K0090903_1511,N,N,Resistant
Barcode,DHFR,S,K0090903_1512,N,N,Resistant
Barcode,DHFR,S,K0090903_1603,N,N,Resistant
Barcode,DHFR,S,K0090903_1605,N,N,Resistant
Barcode,DHFR,S,K0090903_1607,N,N,Resistant
Barcode,DHFR,S,K0090903_1610,N,N,Resistant
Barcode,DHFR,S,K0090905_1607,N,N,Resistant
Barcode,DHFR,S,K0090906_1504,N,N,Resistant
Barcode,DHFR,S,K0090906_1506,N,N,Resistant
Barcode,DHFR,S,K0101005_1512,S,S,WT
Barcode,DHFR,S,K0101005_1702,N,N,Resistant
Barcode,DHFR,S,K0101007_1412,N,N,Resistant
Barcode,DHFR,S,K0111111_1611,N,N,Resistant
Barcode,DHFR,S,K0121209_1412,S,S,WT
Barcode,DHFR,S,K0141403_1504,N,N,Resistant
Barcode,DHFR,S,K0141403_1506,N,N,Resistant
Barcode,DHFR,S,K0141403_1511,N,N,Resistant
Barcode,DHFR,S,K0141403_1512,N,N,Resistant
Barcode,DHFR,S,K0141404_1511,N,N,Resistant
Barcode,DHFR,S,K0151503_1412,N,N,Resistant
Barcode,DHFR,S,K0151508_1612,N,N,Resistant
Barcode,DHFR,S,K0151509_1610,N,N,Resistant
Barcode,DHFR,S,K0171707_1412,N,N,Resistant
Barcode,DHFR,S,K0171716_1612,N,N,Resistant
Barcode,DHFR,S,K0171716_1701,N,N,Resistant
Barcode,DHFR,S,K0171719_1701,N,N,Resistant
Barcode,DHFR,S,K0171722_1512,N,N,Resistant
Barcode,DHFR,S,K0171724_1611,N,N,Resistant
Barcode,DHFR,S,K0171728_1512,N,N,Resistant
Barcode,DHFR,S,K0171728_1605,N,N,Resistant
Barcode,DHFR,S,K0171730_1603,N,N,Resistant
Barcode,DHFR,S,K0171732_1511,N,N,Resistant
Barcode,DHFR,S,K0171732_1512,N,N,Resistant
Barcode,DHFR,S,K0171732_1612,N,N,Resistant
Barcode,DHFR,S,K0171738_1412,N,N,Resistant
Barcode,DHFR,S,K0171742_1701,N,N,Resistant
Barcode,DHFR,S,K0181809_1512,S,S,WT
Barcode,DHFR,S,K0181810_1412,S,S,WT
Barcode,DHFR,S,K0181810_1612,N,N,Resistant
Barcode,DHFR,S,K0181810_1705,N,N,Resistant
Barcode,DHFR,S,K0191907_1511,N,N,Resistant
Barcode,DHFR,S,K0202002_1512,S,S,WT
Barcode,DHFR,S,K0202008_1605,N,N,Resistant
Barcode,DHFR,S,K0212102_1512,S,S,WT
Barcode,DHFR,S,K0212109_1504,N,N,Resistant
Barcode,DHFR,S,K0212109_1506,N,N,Resistant
Barcode,DHFR,S,K0212110_1512,N,N,Resistant
Barcode,DHFR,S,K0212205_1603,N,N,Resistant
Barcode,DHFR,S,K0222208_1611,N,N,Resistant
Barcode,DHFR,S,K0222213_1612,N,N,Resistant
Barcode,DHFR,S,K0222213_1702,N,N,Resistant
Barcode,DHFR,S,K0222213_1705,N,N,Resistant
Barcode,DHFR,S,K0232412_1612,N,N,Resistant
Barcode,DHFR,S,K0232412_1701,N,N,Resistant
Barcode,DHFR,S,K0232412_1703,N,N,Resistant
Barcode,DHFR,S,K0232412_1704,N,N,Resistant
Barcode,DHFR,S,K0232412_1705,N,N,Resistant
Barcode,DHFR,S,K0242508_1512,N,N,Resistant
Barcode,DHFR,S,K0242508_1605,N,N,Resistant
Barcode,DHFR,S,K0242508_1607,N,N,Resistant
Barcode,DHFR,S,K0252706_1506,N,N,Resistant
Barcode,DHFR,S,K0252713_1512,S,S,WT
Barcode,DHFR,S,K0252717_1511,N,N,Resistant
Barcode,DHFR,S,K0252717_1512,N,N,Resistant
Barcode,DHFR,S,K0252724_1412,N,N,Resistant
Barcode,DHFR,S,K0252805_1506,N,N,Resistant
Barcode,DHFR,S,K0252808_1702,N,N,Resistant
Barcode,DHFR,S,K0262902_1511,N,N,Resistant
Barcode,DHFR,S,K0262913_1611,N,N,Resistant
Barcode,DHFR,S,K0262922_1612,N,N,Resistant
Barcode,DHFR,S,K0262922_1702,N,N,Resistant
Barcode,DHFR,S,K0262922_1703,N,N,Resistant
Barcode,DHFR,S,K0262922_1704,N,N,Resistant
Barcode,DHFR,S,K0262932_1611,N,N,Resistant
Barcode,DHFR,S,K0262935_1612,N,N,Resistant
Barcode,DHFR,S,K0262935_1702,N,N,Resistant
Barcode,DHFR,S,K0262940_1511,N,N,Resistant
Barcode,DHFR,S,K0262940_1512,N,N,Resistant
Barcode,DHFR,S,K0262940_1603,N,N,Resistant
Barcode,DHFR,S,K0262940_1605,N,N,Resistant
Barcode,DHFR,S,K0262940_1612,N,N,Resistant
Barcode,DHFR,S,K0262940_1703,N,N,Resistant
Barcode,DHFR,S,K0262941_1702,N,N,Resistant
Barcode,DHFR,S,K0263004_1511,N,N,Resistant
Barcode,DHFR,S,K0263004_1512,N,N,Resistant
Barcode,DHFR,S,K0263004_1603,N,N,Resistant
Barcode,DHFR,S,K0263008_1612,N,N,Resistant
Barcode,DHFR,S,K0263008_1702,N,N,Resistant
Barcode,DHFR,S,K0263008_1703,N,N,Resistant
Barcode,DHFR,S,K0263008_1705,N,N,Resistant
Barcode,DHFR,S,K0263111_1612,N,N,Resistant
Barcode,DHFR,S,K0263111_1705,N,N,Resistant
Barcode,DHFR,S,K0273207_1511,N,N,Resistant
Barcode,DHFR,S,K0273207_1605,N,N,Resistant
Barcode,DHFR,S,K0283310_1511,S,S,WT
Barcode,DHFR,S,K0283406_1512,N,N,Resistant
Barcode,DHFR,S,K0303507_1603,N,N,Resistant
Barcode,DHFR,S,K0303507_1605,N,N,Resistant
Barcode,DHFR,S,K0303507_1607,N,N,Resistant
Barcode,DHFR,S,K0323702_1611,N,N,Resistant
Barcode,DHFR,S,K0323703_1701,N,N,Resistant
Barcode,DHFR,S,K0323705_1506,N,N,Resistant
Barcode,DHFR,S,K0323719_1511,N,N,Resistant
Barcode,DHFR,S,K0323725_1511,N,N,Resistant
Barcode,DHFR,S,K0323730_1511,N,N,Resistant
Barcode,DHFR,S,K0344032_1512,N,N,Resistant
Barcode,DHFR,S,K0344102_1511,N,N,Resistant
Barcode,DHFR,S,K0344111_1511,N,N,Resistant
Barcode,DHFR,S,K0364309_1511,N,N,Resistant
Barcode,DHFR,S,K0364311_1511,N,N,Resistant
Barcode,DHFR,S,K0364312_1511,N,N,Resistant
Barcode,DHFR,S,K0364312_1612,N,N,Resistant
Barcode,DHFR,S,K0364314_1612,N,N,Resistant
Barcode,DHFR,S,K0364314_1701,N,N,Resistant
Barcode,DHFR,S,K0364319_1511,S,S,WT
Barcode,DHFR,S,K0364319_1612,N,N,Resistant
Barcode,DHFR,S,K0364320_1506,N,N,Resistant
Barcode,DHFR,S,K0364324_1612,N,N,Resistant
Barcode,DHFR,S,K0364329_1511,N,N,Resistant
Barcode,DHFR,S,K0374406_1612,N,N,Resistant
Barcode,DHFR,S,K0374406_1701,N,N,Resistant
Barcode,DHFR,S,K0374406_1702,N,N,Resistant
Barcode,DHFR,S,K0374406_1705,N,N,Resistant
Barcode,DHFR,S,K0374408_1412,N,N,Resistant
Barcode,DHFR,S,K0374413_1611,N,N,Resistant
Barcode,DHFR,S,K0374502_1412,N,N,Resistant
Barcode,DHFR,S,K0384602_1512,N,N,Resistant
Barcode,DHFR,S,K0384604_1511,N,N,Resistant
Barcode,DHFR,S,K0384611_1612,N,N,Resistant
Barcode,DHFR,S,K0394906_1611,N,N,Resistant
Barcode,DHFR,S,K0394917_1611,N,N,Resistant
Barcode,DHFR,S,K0394923_1610,N,N,Resistant
Barcode,DHFR,S,K0394934_1610,N,N,Resistant
Barcode,DHFR,S,K0394938_1611,N,N,Resistant
Barcode,DHFR,S,K0405016_1611,N,N,Resistant
Barcode,DHFR,S,K0425208_1512,N,N,Resistant
Barcode,DHFR,S,K0425208_1605,N,N,Resistant
Barcode,DHFR,S,K0425216_1511,N,N,Resistant
Barcode,DHFR,S,N0111111_1607,N,N,Resistant
Barcode,DHFR,S,N0111112_1610,N,N,Resistant
Barcode,DHFR,S,N0111114_1611,N,N,Resistant
Barcode,DHFR,S,N0121205_1611,N,N,Resistant
Barcode,DHFR,S,N0131303_1701,N,N,Resistant
Barcode,DHFR,S,N0131303_1703,N,N,Resistant
Barcode,DHFR,S,N0131303_1705,N,N,Resistant
Barcode,DHFR,S,N0131323_1610,N,N,Resistant
Barcode,DHFR,S,N0141403_1612,N,N,Resistant
Barcode,DHFR,S,P0010104_1611,N,N,Resistant
Barcode,DHFR,S,P0010112_1611,N,N,Resistant
Barcode,DHFR,S,P0010116_1607,N,N,Resistant
Barcode,DHFR,S,P0010121_1607,N,N,Resistant
Barcode,DHFR,S,P0010121_1611,N,N,Resistant
Barcode,DHFR,S,P0010123_1610,N,N,Resistant
Barcode,DHFR,S,P0010126_1611,N,N,Resistant
Barcode,DHFR,S,P0010127_1610,N,N,Resistant
Barcode,DHFR,S,P0010137_1610,N,N,Resistant
Barcode,DHFR,S,P0020206_1703,N,N,Resistant
Barcode,DHFR,S,P0020206_1704,N,N,Resistant
Barcode,DHFR,S,P0020206_1705,N,N,Resistant
Barcode,DHFR,S,P0020208_1607,N,N,Resistant
Barcode,DHFR,S,P0020213_1701,N,N,Resistant
Barcode,DHFR,S,P0020214_1607,N,N,Resistant
Barcode,DHFR,S,P0020214_1701,N,N,Resistant
Barcode,DHFR,S,P0020215_1607,N,N,Resistant
Barcode,DHFR,S,P0030304_1607,N,N,Resistant
Barcode,DHFR,S,P0050504_1611,N,N,Resistant
Barcode,DHFR,S,P0050505_1611,N,N,Resistant
Barcode,DHFR,S,P0050514_1611,N,N,Resistant
Barcode,DHFR,S,P0050519_1701,N,N,Resistant
Barcode,DHFR,S,P0050519_1703,S,S,WT
Barcode,DHFR,S,P0050519_1704,N,N,Resistant
Barcode,DHFR,S,P0050519_1705,N,N,Resistant
Barcode,DHFR,S,P0060606_1607,N,N,Resistant
Barcode,DHFR,S,P0060609_1611,N,N,Resistant
Barcode,DHFR,S,P0060616_1611,N,N,Resistant
Barcode,DHFR,S,P0060620_1611,N,N,Resistant
Barcode,DHFR,S,P0060622_1611,N,N,Resistant
Barcode,DHFR,S,P0060623_1607,S,S,WT
Barcode,DHFR,S,P0060623_1612,N,N,Resistant
Barcode,DHFR,S,P0060623_1703,N,N,Resistant
Barcode,DHFR,S,P0060623_1704,N,N,Resistant
Barcode,DHFR,S,P0070705_1611,N,N,Resistant
Barcode,DHFR,S,P0070707_1610,N,N,Resistant
Barcode,DHFR,S,P0070710_1607,N,N,Resistant
Barcode,DHFR,S,P0070722_1612,N,N,Resistant
Barcode,DHFR,S,P0080805_1702,N,N,Resistant
Barcode,DHFR,S,P0080805_1704,S,S,WT
Barcode,DHFR,S,P0080805_1705,N,N,Resistant
Barcode,DHFR,S,P0080811_1701,N,N,Resistant
Barcode,DHFR,S,P0080811_1703,N,N,Resistant
Barcode,DHFR,S,P0080824_1607,N,N,Resistant
Barcode,DHFR,S,P0080835_1705,N,N,Resistant
Barcode,DHFR,S,P0080840_1611,N,N,Resistant
Barcode,DHFR,S,P0080842_1607,N,N,Resistant
Barcode,DHFR,S,P0080842_1703,N,N,Resistant
Barcode,DHFR,S,P0080842_1704,N,N,Resistant
Barcode,DHFR,S,P0080843_1611,N,N,Resistant
Barcode,DHFR,S,P0080854_1611,N,N,Resistant
Barcode,DHFR,S,P0080857_1702,N,N,Resistant
Barcode,DHFR,S,P0080858_1607,N,N,Resistant
Barcode,DHFR,S,P0080867_1607,N,N,Resistant
Barcode,DHFR,S,P0080880_1702,N,N,Resistant
Barcode,DHFR,S,P0090904_1610,N,N,Resistant
Barcode,DHFR,S,P0111104_1611,N,N,Resistant
Barcode,DHFR,S,P0111105_1701,N,N,Resistant
Barcode,DHFR,S,P0111106_1611,N,N,Resistant
Barcode,DHFR,S,P0121204_1703,N,N,Resistant
Barcode,DHPS,A,J0010103_1412,G,G,Resistant
Barcode,DHPS,A,J0010107_1511,A,A,WT
Barcode,DHPS,A,J0010112_1511,A,A,WT
Barcode,DHPS,A,J0010129_1412,G,G,Resistant
Barcode,DHPS,A,J0020202_1412,G,G,Resistant
Barcode,DHPS,A,J0020208_1412,G,G,Resistant
Barcode,DHPS,A,J0020301_1412,A,A,WT
Barcode,DHPS,A,J0020302_1506,G,G,Resistant
Barcode,DHPS,A,J0020310_1512,A,A,WT
Barcode,DHPS,A,J0020322_1511,A,A,WT
Barcode,DHPS,A,J0030406_1701,A,A,WT
Barcode,DHPS,A,J0030406_1702,G,G,Resistant
Barcode,DHPS,A,J0030406_1705,A,A,WT
Barcode,DHPS,A,J0030407_1512,G,G,Resistant
Barcode,DHPS,A,J0030417_1412,A,A,WT
Barcode,DHPS,A,J0050605_1511,G,G,Resistant
Barcode,DHPS,A,J0050607_1412,G,G,Resistant
Barcode,DHPS,A,J0050611_1611,A,A,WT
Barcode,DHPS,A,J0050616_1512,A,A,WT
Barcode,DHPS,A,J0050617_1611,A,A,WT
Barcode,DHPS,A,J0060701_1511,A,A,WT
Barcode,DHPS,A,J0080906_1511,A,A,WT
Barcode,DHPS,A,J0091005_1603,A,A,WT
Barcode,DHPS,A,J0101103_1704,A,A,WT
Barcode,DHPS,A,J0101103_1705,A,A,WT
Barcode,DHPS,A,J0111209_1412,G,G,Resistant
Barcode,DHPS,A,J0111211_1412,G,G,Resistant
Barcode,DHPS,A,J0121309_1412,G,G,Resistant
Barcode,DHPS,A,J0131404_1511,G,G,Resistant
Barcode,DHPS,A,J0131406_1512,G,G,Resistant
Barcode,DHPS,A,J0141502_1412,G,G,Resistant
Barcode,DHPS,A,J0141503_1511,G,G,Resistant
Barcode,DHPS,A,J0141506_1506,G,G,Resistant
Barcode,DHPS,A,J0141506_1511,G,G,Resistant
Barcode,DHPS,A,J0141509_1412,G,G,Resistant
Barcode,DHPS,A,J0151608_1701,A,A,WT
Barcode,DHPS,A,J0151608_1704,A,A,WT
Barcode,DHPS,A,J0151609_1512,A,A,WT
Barcode,DHPS,A,J0151616_1412,G,G,Resistant
Barcode,DHPS,A,J0161702_1603,A,A,WT
Barcode,DHPS,A,J0161706_1412,G,G,Resistant
Barcode,DHPS,A,J0161708_1412,G,G,Resistant
Barcode,DHPS,A,J0161710_1412,G,G,Resistant
Barcode,DHPS,A,J0161711_1603,G,G,Resistant
Barcode,DHPS,A,J0171802_1611,A,A,WT
Barcode,DHPS,A,J0171803_1511,A,A,WT
Barcode,DHPS,A,J0171805_1611,A,A,WT
Barcode,DHPS,A,J0171806_1511,G,G,Resistant
Barcode,DHPS,A,J0202107_1412,G,G,Resistant
Barcode,DHPS,A,J0212203_1412,G,G,Resistant
Barcode,DHPS,A,J0212204_1412,G,G,Resistant
Barcode,DHPS,A,J0222301_1511,G,G,Resistant
Barcode,DHPS,A,J0232404_1511,G,G,Resistant
Barcode,DHPS,A,J0232410_1511,G,G,Resistant
Barcode,DHPS,A,J0242509_1611,A,A,WT
Barcode,DHPS,A,J0242520_1412,G,G,Resistant
Barcode,DHPS,A,J0252609_1412,G,G,Resistant
Barcode,DHPS,A,J0252610_1611,A,A,WT
Barcode,DHPS,A,J0252620_1511,G,G,Resistant
Barcode,DHPS,A,J0262707_1412,A,A,WT
Barcode,DHPS,A,J0262707_1506,A,A,WT
Barcode,DHPS,A,J0262710_1511,A,A,WT
Barcode,DHPS,A,J0262712_1412,G,G,Resistant
Barcode,DHPS,A,J0262723_1511,G,G,Resistant
Barcode,DHPS,A,J0262731_1412,A,A,WT
Barcode,DHPS,A,J0262741_1412,G,G,Resistant
Barcode,DHPS,A,J0272802_1412,G,G,Resistant
Barcode,DHPS,A,J0272803_1512,G,G,Resistant
Barcode,DHPS,A,J0272804_1511,A,A,WT
Barcode,DHPS,A,J0272809_1611,G,G,Resistant
Barcode,DHPS,A,J0272809_1612,A,A,WT
Barcode,DHPS,A,J0272812_1611,A,A,WT
Barcode,DHPS,A,J0272813_1610,A,A,WT
Barcode,DHPS,A,J0272813_1702,A,A,WT
Barcode,DHPS,A,J0272813_1703,A,A,WT
Barcode,DHPS,A,J0272815_1611,A,A,WT
Barcode,DHPS,A,J0272815_1701,A,A,WT
Barcode,DHPS,A,J0272815_1702,A,A,WT
Barcode,DHPS,A,J0272815_1704,A,A,WT
Barcode,DHPS,A,J0272815_1705,A,A,WT
Barcode,DHPS,A,J0282915_1511,A,A,WT
Barcode,DHPS,A,J0282916_1701,A,A,WT
Barcode,DHPS,A,J0282916_1702,A,A,WT
Barcode,DHPS,A,J0282916_1703,A,A,WT
Barcode,DHPS,A,J0282916_1704,A,A,WT
Barcode,DHPS,A,J0282916_1705,A,A,WT
Barcode,DHPS,A,K0010105_1412,G,G,Resistant
Barcode,DHPS,A,K0010105_1504,G,G,Resistant
Barcode,DHPS,A,K0010105_1506,G,G,Resistant
Barcode,DHPS,A,K0010105_1607,G,G,Resistant
Barcode,DHPS,A,K0020203_1511,G,G,Resistant
Barcode,DHPS,A,K0020204_1512,A,A,WT
Barcode,DHPS,A,K0022008_1512,A,A,WT
Barcode,DHPS,A,K0030301_1504,A,A,WT
Barcode,DHPS,A,K0030302_1511,A,A,WT
Barcode,DHPS,A,K0030302_1512,A,A,WT
Barcode,DHPS,A,K0030302_1610,A,A,WT
Barcode,DHPS,A,K0030302_1611,A,A,WT
Barcode,DHPS,A,K0030303_1511,A,A,WT
Barcode,DHPS,A,K0030303_1512,G,G,Resistant
Barcode,DHPS,A,K0030303_1603,A,A,WT
Barcode,DHPS,A,K0030303_1605,A,A,WT
Barcode,DHPS,A,K0030303_1607,A,A,WT
Barcode,DHPS,A,K0030303_1612,A,A,WT
Barcode,DHPS,A,K0050502_1512,A,A,WT
Barcode,DHPS,A,K0050508_1603,A,A,WT
Barcode,DHPS,A,K0050512_1611,A,A,WT
Barcode,DHPS,A,K0050516_1511,A,A,WT
Barcode,DHPS,A,K0060609_1511,A,A,WT
Barcode,DHPS,A,K0060609_1605,A,A,WT
Barcode,DHPS,A,K0060614_1511,G,G,Resistant
Barcode,DHPS,A,K0060617_1511,A,A,WT
Barcode,DHPS,A,K0060617_1512,A,A,WT
Barcode,DHPS,A,K0060617_1603,A,A,WT
Barcode,DHPS,A,K0060617_1605,A,A,WT
Barcode,DHPS,A,K0060617_1607,A,A,WT
Barcode,DHPS,A,K0070714_1611,A,A,WT
Barcode,DHPS,A,K0080809_1612,A,A,WT
Barcode,DHPS,A,K0080809_1702,A,A,WT
Barcode,DHPS,A,K0090902_1607,A,A,WT
Barcode,DHPS,A,K0090903_1511,G,G,Resistant
Barcode,DHPS,A,K0090903_1512,G,G,Resistant
Barcode,DHPS,A,K0090903_1603,G,G,Resistant
Barcode,DHPS,A,K0090903_1605,G,G,Resistant
Barcode,DHPS,A,K0090903_1607,G,G,Resistant
Barcode,DHPS,A,K0090903_1610,G,G,Resistant
Barcode,DHPS,A,K0090905_1607,G,G,Resistant
Barcode,DHPS,A,K0090906_1506,A,A,WT
Barcode,DHPS,A,K0101005_1512,A,A,WT
Barcode,DHPS,A,K0101007_1412,A,A,WT
Barcode,DHPS,A,K0111111_1611,A,A,WT
Barcode,DHPS,A,K0121209_1412,G,G,Resistant
Barcode,DHPS,A,K0141403_1504,A,A,WT
Barcode,DHPS,A,K0141403_1506,A,A,WT
Barcode,DHPS,A,K0141403_1511,A,A,WT
Barcode,DHPS,A,K0141403_1512,A,A,WT
Barcode,DHPS,A,K0141404_1511,A,A,WT
Barcode,DHPS,A,K0151503_1412,A,A,WT
Barcode,DHPS,A,K0151508_1612,A,A,WT
Barcode,DHPS,A,K0151509_1610,G,G,Resistant
Barcode,DHPS,A,K0151511_1610,A,A,WT
Barcode,DHPS,A,K0151512_1412,G,G,Resistant
Barcode,DHPS,A,K0161621_1506,A,A,WT
Barcode,DHPS,A,K0171716_1612,A,A,WT
Barcode,DHPS,A,K0171716_1701,A,A,WT
Barcode,DHPS,A,K0171716_1702,A,A,WT
Barcode,DHPS,A,K0171716_1703,A,A,WT
Barcode,DHPS,A,K0171719_1705,G,G,Resistant
Barcode,DHPS,A,K0171722_1512,A,A,WT
Barcode,DHPS,A,K0171728_1512,A,A,WT
Barcode,DHPS,A,K0171728_1605,A,A,WT
Barcode,DHPS,A,K0171730_1603,A,A,WT
Barcode,DHPS,A,K0171732_1511,G,G,Resistant
Barcode,DHPS,A,K0171732_1512,G,G,Resistant
Barcode,DHPS,A,K0171738_1412,G,G,Resistant
Barcode,DHPS,A,K0181809_1512,A,A,WT
Barcode,DHPS,A,K0191907_1511,G,G,Resistant
Barcode,DHPS,A,K0202002_1512,G,G,Resistant
Barcode,DHPS,A,K0202008_1605,G,G,Resistant
Barcode,DHPS,A,K0212102_1512,G,G,Resistant
Barcode,DHPS,A,K0212109_1504,A,A,WT
Barcode,DHPS,A,K0212109_1506,A,A,WT
Barcode,DHPS,A,K0212110_1512,A,A,WT
Barcode,DHPS,A,K0212205_1603,A,A,WT
Barcode,DHPS,A,K0222204_1506,G,G,Resistant
Barcode,DHPS,A,K0222208_1611,A,A,WT
Barcode,DHPS,A,K0222213_1702,A,A,WT
Barcode,DHPS,A,K0222213_1705,A,A,WT
Barcode,DHPS,A,K0232412_1703,G,G,Resistant
Barcode,DHPS,A,K0232412_1704,A,A,WT
Barcode,DHPS,A,K0232412_1705,A,A,WT
Barcode,DHPS,A,K0242508_1412,A,A,WT
Barcode,DHPS,A,K0242508_1512,G,G,Resistant
Barcode,DHPS,A,K0242508_1605,A,A,WT
Barcode,DHPS,A,K0242515_1412,A,A,WT
Barcode,DHPS,A,K0252706_1506,A,A,WT
Barcode,DHPS,A,K0252713_1512,G,G,Resistant
Barcode,DHPS,A,K0252717_1511,G,G,Resistant
Barcode,DHPS,A,K0252717_1512,G,G,Resistant
Barcode,DHPS,A,K0252724_1412,G,G,Resistant
Barcode,DHPS,A,K0252805_1506,G,G,Resistant
Barcode,DHPS,A,K0252808_1701,A,A,WT
Barcode,DHPS,A,K0252808_1702,A,A,WT
Barcode,DHPS,A,K0262902_1511,G,G,Resistant
Barcode,DHPS,A,K0262913_1611,A,A,WT
Barcode,DHPS,A,K0262922_1702,A,A,WT
Barcode,DHPS,A,K0262922_1703,A,A,WT
Barcode,DHPS,A,K0262922_1704,A,A,WT
Barcode,DHPS,A,K0262932_1611,A,A,WT
Barcode,DHPS,A,K0262935_1612,A,A,WT
Barcode,DHPS,A,K0262935_1702,A,A,WT
Barcode,DHPS,A,K0262940_1511,A,A,WT
Barcode,DHPS,A,K0262940_1512,A,A,WT
Barcode,DHPS,A,K0262940_1603,A,A,WT
Barcode,DHPS,A,K0262940_1605,A,A,WT
Barcode,DHPS,A,K0262940_1612,A,A,WT
Barcode,DHPS,A,K0262940_1702,A,A,WT
Barcode,DHPS,A,K0262940_1703,A,A,WT
Barcode,DHPS,A,K0262940_1704,A,A,WT
Barcode,DHPS,A,K0262941_1702,A,A,WT
Barcode,DHPS,A,K0262941_1705,A,A,WT
Barcode,DHPS,A,K0263004_1511,G,G,Resistant
Barcode,DHPS,A,K0263004_1512,G,G,Resistant
Barcode,DHPS,A,K0263004_1603,G,G,Resistant
Barcode,DHPS,A,K0263008_1612,A,A,WT
Barcode,DHPS,A,K0263008_1702,A,A,WT
Barcode,DHPS,A,K0263008_1703,A,A,WT
Barcode,DHPS,A,K0263008_1704,A,A,WT
Barcode,DHPS,A,K0263008_1705,A,A,WT
Barcode,DHPS,A,K0263111_1705,A,A,WT
Barcode,DHPS,A,K0273207_1511,A,A,WT
Barcode,DHPS,A,K0273207_1605,A,A,WT
Barcode,DHPS,A,K0283310_1511,A,A,WT
Barcode,DHPS,A,K0303507_1603,G,G,Resistant
Barcode,DHPS,A,K0303507_1605,A,A,WT
Barcode,DHPS,A,K0303507_1607,A,A,WT
Barcode,DHPS,A,K0323702_1611,A,A,WT
Barcode,DHPS,A,K0323703_1701,A,A,WT
Barcode,DHPS,A,K0323703_1704,A,A,WT
Barcode,DHPS,A,K0323705_1506,G,G,Resistant
Barcode,DHPS,A,K0323717_1412,G,G,Resistant
Barcode,DHPS,A,K0323719_1511,G,G,Resistant
Barcode,DHPS,A,K0323725_1511,A,A,WT
Barcode,DHPS,A,K0323730_1511,A,A,WT
Barcode,DHPS,A,K0344010_1511,G,G,Resistant
Barcode,DHPS,A,K0344032_1512,A,A,WT
Barcode,DHPS,A,K0344102_1511,A,A,WT
Barcode,DHPS,A,K0344110_1506,G,G,Resistant
Barcode,DHPS,A,K0344111_1511,G,G,Resistant
Barcode,DHPS,A,K0364309_1511,A,A,WT
Barcode,DHPS,A,K0364311_1511,G,G,Resistant
Barcode,DHPS,A,K0364312_1607,A,A,WT
Barcode,DHPS,A,K0364312_1612,A,A,WT
Barcode,DHPS,A,K0364314_1612,A,A,WT
Barcode,DHPS,A,K0364314_1701,A,A,WT
Barcode,DHPS,A,K0364319_1511,G,G,Resistant
Barcode,DHPS,A,K0364319_1612,A,A,WT
Barcode,DHPS,A,K0364320_1506,A,A,WT
Barcode,DHPS,A,K0364324_1612,A,A,WT
Barcode,DHPS,A,K0364329_1511,G,G,Resistant
Barcode,DHPS,A,K0374406_1612,A,A,WT
Barcode,DHPS,A,K0374406_1702,A,A,WT
Barcode,DHPS,A,K0374406_1705,A,A,WT
Barcode,DHPS,A,K0374408_1412,A,A,WT
Barcode,DHPS,A,K0374413_1611,A,A,WT
Barcode,DHPS,A,K0374502_1412,A,A,WT
Barcode,DHPS,A,K0374502_1612,A,A,WT
Barcode,DHPS,A,K0374502_1705,A,A,WT
Barcode,DHPS,A,K0384601_1701,A,A,WT
Barcode,DHPS,A,K0384601_1702,A,A,WT
Barcode,DHPS,A,K0384602_1512,A,A,WT
Barcode,DHPS,A,K0384604_1511,G,G,Resistant
Barcode,DHPS,A,K0384611_1612,A,A,WT
Barcode,DHPS,A,K0384611_1701,A,A,WT
Barcode,DHPS,A,K0384611_1702,A,A,WT
Barcode,DHPS,A,K0394906_1611,A,A,WT
Barcode,DHPS,A,K0394917_1611,A,A,WT
Barcode,DHPS,A,K0394934_1610,G,G,Resistant
Barcode,DHPS,A,K0394938_1611,A,A,WT
Barcode,DHPS,A,K0415108_1702,A,A,WT
Barcode,DHPS,A,K0415109_1603,A,A,WT
Barcode,DHPS,A,K0425208_1512,G,G,Resistant
Barcode,DHPS,A,K0425216_1511,G,G,Resistant
Barcode,DHPS,A,N0050505_1610,A,A,WT
Barcode,DHPS,A,N0111111_1607,G,G,Resistant
Barcode,DHPS,A,N0111112_1610,A,A,WT
Barcode,DHPS,A,N0111114_1611,A,A,WT
Barcode,DHPS,A,N0131303_1612,A,A,WT
Barcode,DHPS,A,N0131303_1705,A,A,WT
Barcode,DHPS,A,N0131310_1611,A,A,WT
Barcode,DHPS,A,N0131318_1611,A,A,WT
Barcode,DHPS,A,N0131318_1701,A,A,WT
Barcode,DHPS,A,N0131323_1610,A,A,WT
Barcode,DHPS,A,P0010104_1611,A,A,WT
Barcode,DHPS,A,P0010112_1611,A,A,WT
Barcode,DHPS,A,P0010116_1607,A,A,WT
Barcode,DHPS,A,P0010121_1607,A,A,WT
Barcode,DHPS,A,P0010121_1611,A,A,WT
Barcode,DHPS,A,P0010126_1611,G,G,Resistant
Barcode,DHPS,A,P0010127_1610,A,A,WT
Barcode,DHPS,A,P0020206_1607,G,G,Resistant
Barcode,DHPS,A,P0020206_1701,A,A,WT
Barcode,DHPS,A,P0020206_1702,A,A,WT
Barcode,DHPS,A,P0020206_1703,A,A,WT
Barcode,DHPS,A,P0020206_1704,A,A,WT
Barcode,DHPS,A,P0020206_1705,A,A,WT
Barcode,DHPS,A,P0020208_1607,G,G,Resistant
Barcode,DHPS,A,P0020213_1612,A,A,WT
Barcode,DHPS,A,P0020213_1701,A,A,WT
Barcode,DHPS,A,P0020213_1704,A,A,WT
Barcode,DHPS,A,P0020213_1705,A,A,WT
Barcode,DHPS,A,P0020214_1607,A,A,WT
Barcode,DHPS,A,P0020215_1607,A,A,WT
Barcode,DHPS,A,P0020215_1612,A,A,WT
Barcode,DHPS,A,P0020215_1701,A,A,WT
Barcode,DHPS,A,P0030304_1607,A,A,WT
Barcode,DHPS,A,P0050514_1611,A,A,WT
Barcode,DHPS,A,P0050519_1701,A,A,WT
Barcode,DHPS,A,P0050519_1703,A,A,WT
Barcode,DHPS,A,P0050519_1704,A,A,WT
Barcode,DHPS,A,P0050519_1705,A,A,WT
Barcode,DHPS,A,P0060606_1607,A,A,WT
Barcode,DHPS,A,P0060609_1611,A,A,WT
Barcode,DHPS,A,P0060620_1611,A,A,WT
Barcode,DHPS,A,P0060622_1611,A,A,WT
Barcode,DHPS,A,P0060623_1607,A,A,WT
Barcode,DHPS,A,P0060623_1612,A,A,WT
Barcode,DHPS,A,P0060623_1701,A,A,WT
Barcode,DHPS,A,P0060623_1702,A,A,WT
Barcode,DHPS,A,P0060623_1703,A,A,WT
Barcode,DHPS,A,P0060623_1704,A,A,WT
Barcode,DHPS,A,P0060623_1705,A,A,WT
Barcode,DHPS,A,P0070705_1611,A,A,WT
Barcode,DHPS,A,P0070710_1607,A,A,WT
Barcode,DHPS,A,P0070711_1611,A,A,WT
Barcode,DHPS,A,P0070722_1612,A,A,WT
Barcode,DHPS,A,P0070722_1701,A,A,WT
Barcode,DHPS,A,P0070722_1702,A,A,WT
Barcode,DHPS,A,P0070724_1610,A,A,WT
Barcode,DHPS,A,P0080805_1612,G,G,Resistant
Barcode,DHPS,A,P0080805_1701,A,A,WT
Barcode,DHPS,A,P0080805_1702,A,A,WT
Barcode,DHPS,A,P0080805_1704,A,A,WT
Barcode,DHPS,A,P0080811_1703,A,A,WT
Barcode,DHPS,A,P0080811_1704,A,A,WT
Barcode,DHPS,A,P0080824_1607,A,A,WT
Barcode,DHPS,A,P0080835_1705,A,A,WT
Barcode,DHPS,A,P0080836_1612,A,A,WT
Barcode,DHPS,A,P0080842_1607,A,A,WT
Barcode,DHPS,A,P0080842_1612,A,A,WT
Barcode,DHPS,A,P0080842_1701,A,A,WT
Barcode,DHPS,A,P0080842_1703,A,A,WT
Barcode,DHPS,A,P0080842_1704,A,A,WT
Barcode,DHPS,A,P0080842_1705,A,A,WT
Barcode,DHPS,A,P0080843_1611,A,A,WT
Barcode,DHPS,A,P0080857_1702,A,A,WT
Barcode,DHPS,A,P0080858_1607,G,G,Resistant
Barcode,DHPS,A,P0080867_1607,A,A,WT
Barcode,DHPS,A,P0080880_1612,A,A,WT
Barcode,DHPS,A,P0080880_1702,A,A,WT
Barcode,DHPS,A,P0090904_1610,A,A,WT
Barcode,DHPS,A,P0090907_1701,A,A,WT
Barcode,DHPS,A,P0111104_1611,A,A,WT
Barcode,DHPS,A,P0111106_1611,A,A,WT
Barcode,DHPS,A,P0121204_1704,A,A,WT
Barcode,DHPS,A,P0121204_1705,A,A,WT
Barcode,MDR1,N,J0010103_1412,N,N,WT
Barcode,MDR1,N,J0020302_1506,Y,Y,Resistant
Barcode,MDR1,N,J0020313_1412,N,N,WT
Barcode,MDR1,N,J0030406_1701,Y,Y,Resistant
Barcode,MDR1,N,J0030406_1702,Y,Y,Resistant
Barcode,MDR1,N,J0030406_1704,Y,Y,Resistant
Barcode,MDR1,N,J0030406_1705,Y,Y,Resistant
Barcode,MDR1,N,J0030409_1610,N,N,WT
Barcode,MDR1,N,J0030417_1412,N,N,WT
Barcode,MDR1,N,J0050607_1412,N,N,WT
Barcode,MDR1,N,J0050611_1611,Y,Y,Resistant
Barcode,MDR1,N,J0050616_1512,N,N,WT
Barcode,MDR1,N,J0050617_1611,N,N,WT
Barcode,MDR1,N,J0080906_1511,N,N,WT
Barcode,MDR1,N,J0091005_1603,N,N,WT
Barcode,MDR1,N,J0101103_1701,N,N,WT
Barcode,MDR1,N,J0101103_1702,N,N,WT
Barcode,MDR1,N,J0101103_1703,N,N,WT
Barcode,MDR1,N,J0101103_1705,N,N,WT
Barcode,MDR1,N,J0111208_1610,Y,Y,Resistant
Barcode,MDR1,N,J0131404_1511,N,N,WT
Barcode,MDR1,N,J0131406_1512,N,N,WT
Barcode,MDR1,N,J0141503_1511,Y,Y,Resistant
Barcode,MDR1,N,J0141506_1506,N,N,WT
Barcode,MDR1,N,J0141509_1412,N,N,WT
Barcode,MDR1,N,J0151608_1701,Y,Y,Resistant
Barcode,MDR1,N,J0151608_1703,N,N,WT
Barcode,MDR1,N,J0151608_1704,N,N,WT
Barcode,MDR1,N,J0151616_1412,N,N,WT
Barcode,MDR1,N,J0161702_1603,N,N,WT
Barcode,MDR1,N,J0161708_1412,N,N,WT
Barcode,MDR1,N,J0161711_1603,N,N,WT
Barcode,MDR1,N,J0171802_1611,N,N,WT
Barcode,MDR1,N,J0171804_1610,N,N,WT
Barcode,MDR1,N,J0171805_1611,N,N,WT
Barcode,MDR1,N,J0181911_1611,Y,Y,Resistant
Barcode,MDR1,N,J0202107_1412,N,N,WT
Barcode,MDR1,N,J0212203_1412,Y,Y,Resistant
Barcode,MDR1,N,J0212204_1412,N,N,WT
Barcode,MDR1,N,J0232404_1511,N,N,WT
Barcode,MDR1,N,J0242509_1611,N,N,WT
Barcode,MDR1,N,J0242517_1611,N,N,WT
Barcode,MDR1,N,J0242520_1412,N,N,WT
Barcode,MDR1,N,J0252609_1412,N,N,WT
Barcode,MDR1,N,J0262707_1412,N,N,WT
Barcode,MDR1,N,J0262712_1412,N,N,WT
Barcode,MDR1,N,J0262723_1511,N,N,WT
Barcode,MDR1,N,J0262731_1412,N,N,WT
Barcode,MDR1,N,J0262744_1611,N,N,WT
Barcode,MDR1,N,J0272802_1412,N,N,WT
Barcode,MDR1,N,J0272804_1511,N,N,WT
Barcode,MDR1,N,J0272809_1611,N,N,WT
Barcode,MDR1,N,J0272809_1612,N,N,WT
Barcode,MDR1,N,J0272812_1611,N,N,WT
Barcode,MDR1,N,J0272813_1612,N,N,WT
Barcode,MDR1,N,J0272813_1701,N,N,WT
Barcode,MDR1,N,J0272813_1702,N,N,WT
Barcode,MDR1,N,J0272813_1703,N,N,WT
Barcode,MDR1,N,J0272813_1704,N,N,WT
Barcode,MDR1,N,J0272813_1705,N,N,WT
Barcode,MDR1,N,J0272815_1611,N,N,WT
Barcode,MDR1,N,J0272815_1701,N,N,WT
Barcode,MDR1,N,J0272815_1702,N,N,WT
Barcode,MDR1,N,J0272815_1703,N,N,WT
Barcode,MDR1,N,J0272815_1704,N,N,WT
Barcode,MDR1,N,J0272815_1705,N,N,WT
Barcode,MDR1,N,J0282916_1702,Y,Y,Resistant
Barcode,MDR1,N,J0282916_1704,Y,Y,Resistant
Barcode,MDR1,N,K0010101_1611,N,N,WT
Barcode,MDR1,N,K0010105_1412,Y,Y,Resistant
Barcode,MDR1,N,K0010105_1504,N,N,WT
Barcode,MDR1,N,K0010105_1506,N,N,WT
Barcode,MDR1,N,K0020204_1512,N,N,WT
Barcode,MDR1,N,K0022008_1512,N,N,WT
Barcode,MDR1,N,K0030301_1504,N,N,WT
Barcode,MDR1,N,K0030302_1511,N,N,WT
Barcode,MDR1,N,K0030302_1512,N,N,WT
Barcode,MDR1,N,K0030302_1610,N,N,WT
Barcode,MDR1,N,K0030302_1611,N,N,WT
Barcode,MDR1,N,K0030302_1612,N,N,WT
Barcode,MDR1,N,K0030303_1512,N,N,WT
Barcode,MDR1,N,K0030303_1603,N,N,WT
Barcode,MDR1,N,K0030303_1605,N,N,WT
Barcode,MDR1,N,K0030303_1607,N,N,WT
Barcode,MDR1,N,K0030303_1612,N,N,WT
Barcode,MDR1,N,K0050512_1611,N,N,WT
Barcode,MDR1,N,K0060609_1605,N,N,WT
Barcode,MDR1,N,K0060614_1511,N,N,WT
Barcode,MDR1,N,K0060617_1511,N,N,WT
Barcode,MDR1,N,K0060617_1512,N,N,WT
Barcode,MDR1,N,K0060617_1603,N,N,WT
Barcode,MDR1,N,K0060617_1605,N,N,WT
Barcode,MDR1,N,K0070714_1611,N,N,WT
Barcode,MDR1,N,K0090903_1511,N,N,WT
Barcode,MDR1,N,K0090903_1512,N,N,WT
Barcode,MDR1,N,K0090903_1603,N,N,WT
Barcode,MDR1,N,K0090903_1605,N,N,WT
Barcode,MDR1,N,K0090903_1607,N,N,WT
Barcode,MDR1,N,K0090903_1610,N,N,WT
Barcode,MDR1,N,K0090906_1504,N,N,WT
Barcode,MDR1,N,K0101005_1512,N,N,WT
Barcode,MDR1,N,K0101007_1412,N,N,WT
Barcode,MDR1,N,K0111111_1611,N,N,WT
Barcode,MDR1,N,K0141403_1504,N,N,WT
Barcode,MDR1,N,K0141403_1506,N,N,WT
Barcode,MDR1,N,K0141403_1511,N,N,WT
Barcode,MDR1,N,K0141403_1512,N,N,WT
Barcode,MDR1,N,K0151503_1412,N,N,WT
Barcode,MDR1,N,K0151509_1610,Y,Y,Resistant
Barcode,MDR1,N,K0171707_1412,N,N,WT
Barcode,MDR1,N,K0171716_1612,N,N,WT
Barcode,MDR1,N,K0171716_1701,N,N,WT
Barcode,MDR1,N,K0171716_1702,N,N,WT
Barcode,MDR1,N,K0171716_1703,N,N,WT
Barcode,MDR1,N,K0171722_1512,N,N,WT
Barcode,MDR1,N,K0171723_1412,N,N,WT
Barcode,MDR1,N,K0171728_1512,N,N,WT
Barcode,MDR1,N,K0171728_1605,N,N,WT
Barcode,MDR1,N,K0171730_1603,N,N,WT
Barcode,MDR1,N,K0171732_1511,N,N,WT
Barcode,MDR1,N,K0171732_1512,Y,Y,Resistant
Barcode,MDR1,N,K0171732_1612,N,N,WT
Barcode,MDR1,N,K0171738_1412,N,N,WT
Barcode,MDR1,N,K0181809_1512,N,N,WT
Barcode,MDR1,N,K0181810_1412,N,N,WT
Barcode,MDR1,N,K0181810_1612,N,N,WT
Barcode,MDR1,N,K0181810_1705,N,N,WT
Barcode,MDR1,N,K0202002_1512,N,N,WT
Barcode,MDR1,N,K0202008_1605,Y,Y,Resistant
Barcode,MDR1,N,K0212102_1512,N,N,WT
Barcode,MDR1,N,K0212109_1504,N,N,WT
Barcode,MDR1,N,K0212109_1506,N,N,WT
Barcode,MDR1,N,K0212110_1512,N,N,WT
Barcode,MDR1,N,K0222208_1611,Y,Y,Resistant
Barcode,MDR1,N,K0222213_1612,N,N,WT
Barcode,MDR1,N,K0222213_1701,N,N,WT
Barcode,MDR1,N,K0222213_1702,Y,Y,Resistant
Barcode,MDR1,N,K0232412_1612,N,N,WT
Barcode,MDR1,N,K0232412_1703,N,N,WT
Barcode,MDR1,N,K0232412_1704,N,N,WT
Barcode,MDR1,N,K0232412_1705,N,N,WT
Barcode,MDR1,N,K0242508_1512,N,N,WT
Barcode,MDR1,N,K0242508_1605,N,N,WT
Barcode,MDR1,N,K0242508_1607,N,N,WT
Barcode,MDR1,N,K0242512_1607,N,N,WT
Barcode,MDR1,N,K0252717_1512,Y,Y,Resistant
Barcode,MDR1,N,K0252808_1611,N,N,WT
Barcode,MDR1,N,K0252808_1701,N,N,WT
Barcode,MDR1,N,K0252808_1702,N,N,WT
Barcode,MDR1,N,K0262902_1511,N,N,WT
Barcode,MDR1,N,K0262913_1611,N,N,WT
Barcode,MDR1,N,K0262922_1612,N,N,WT
Barcode,MDR1,N,K0262922_1702,N,N,WT
Barcode,MDR1,N,K0262922_1703,N,N,WT
Barcode,MDR1,N,K0262922_1704,N,N,WT
Barcode,MDR1,N,K0262922_1705,N,N,WT
Barcode,MDR1,N,K0262932_1611,Y,Y,Resistant
Barcode,MDR1,N,K0262935_1612,N,N,WT
Barcode,MDR1,N,K0262940_1511,Y,Y,Resistant
Barcode,MDR1,N,K0262940_1512,Y,Y,Resistant
Barcode,MDR1,N,K0262940_1603,Y,Y,Resistant
Barcode,MDR1,N,K0262940_1605,Y,Y,Resistant
Barcode,MDR1,N,K0262940_1701,N,N,WT
Barcode,MDR1,N,K0262940_1702,Y,Y,Resistant
Barcode,MDR1,N,K0262940_1703,Y,Y,Resistant
Barcode,MDR1,N,K0262940_1704,N,N,WT
Barcode,MDR1,N,K0263004_1511,N,N,WT
Barcode,MDR1,N,K0263004_1512,N,N,WT
Barcode,MDR1,N,K0263004_1603,N,N,WT
Barcode,MDR1,N,K0263008_1612,N,N,WT
Barcode,MDR1,N,K0263008_1702,N,N,WT
Barcode,MDR1,N,K0263008_1703,N,N,WT
Barcode,MDR1,N,K0263008_1704,N,N,WT
Barcode,MDR1,N,K0263008_1705,N,N,WT
Barcode,MDR1,N,K0263111_1612,N,N,WT
Barcode,MDR1,N,K0283310_1511,N,N,WT
Barcode,MDR1,N,K0283406_1512,N,N,WT
Barcode,MDR1,N,K0303507_1605,N,N,WT
Barcode,MDR1,N,K0303507_1607,N,N,WT
Barcode,MDR1,N,K0323702_1611,N,N,WT
Barcode,MDR1,N,K0323703_1701,N,N,WT
Barcode,MDR1,N,K0323719_1511,N,N,WT
Barcode,MDR1,N,K0323725_1511,N,N,WT
Barcode,MDR1,N,K0344032_1512,N,N,WT
Barcode,MDR1,N,K0344111_1511,Y,Y,Resistant
Barcode,MDR1,N,K0364311_1511,N,N,WT
Barcode,MDR1,N,K0364312_1607,N,N,WT
Barcode,MDR1,N,K0364312_1612,N,N,WT
Barcode,MDR1,N,K0364314_1612,N,N,WT
Barcode,MDR1,N,K0364314_1701,N,N,WT
Barcode,MDR1,N,K0364319_1511,N,N,WT
Barcode,MDR1,N,K0364319_1612,N,N,WT
Barcode,MDR1,N,K0364324_1701,N,N,WT
Barcode,MDR1,N,K0364329_1511,N,N,WT
Barcode,MDR1,N,K0374406_1612,N,N,WT
Barcode,MDR1,N,K0374406_1705,N,N,WT
Barcode,MDR1,N,K0374413_1611,N,N,WT
Barcode,MDR1,N,K0374502_1412,N,N,WT
Barcode,MDR1,N,K0374502_1612,N,N,WT
Barcode,MDR1,N,K0374502_1705,N,N,WT
Barcode,MDR1,N,K0384601_1701,Y,Y,Resistant
Barcode,MDR1,N,K0384602_1512,N,N,WT
Barcode,MDR1,N,K0384611_1612,Y,Y,Resistant
Barcode,MDR1,N,K0384611_1701,Y,Y,Resistant
Barcode,MDR1,N,K0384611_1702,Y,Y,Resistant
Barcode,MDR1,N,K0394906_1611,N,N,WT
Barcode,MDR1,N,K0394923_1610,N,N,WT
Barcode,MDR1,N,K0394934_1610,N,N,WT
Barcode,MDR1,N,K0394938_1611,N,N,WT
Barcode,MDR1,N,K0405016_1611,N,N,WT
Barcode,MDR1,N,K0415108_1701,N,N,WT
Barcode,MDR1,N,K0415108_1702,N,N,WT
Barcode,MDR1,N,K0415109_1603,N,N,WT
Barcode,MDR1,N,K0425208_1512,Y,Y,Resistant
Barcode,MDR1,N,N0111111_1607,N,N,WT
Barcode,MDR1,N,N0111114_1611,N,N,WT
Barcode,MDR1,N,N0121205_1611,N,N,WT
Barcode,MDR1,N,N0131303_1701,N,N,WT
Barcode,MDR1,N,N0131318_1611,N,N,WT
Barcode,MDR1,N,N0131318_1701,Y,Y,Resistant
Barcode,MDR1,N,N0131323_1610,N,N,WT
Barcode,MDR1,N,N0141403_1612,N,N,WT
Barcode,MDR1,N,P0010104_1611,N,N,WT
Barcode,MDR1,N,P0010116_1607,N,N,WT
Barcode,MDR1,N,P0010121_1607,N,N,WT
Barcode,MDR1,N,P0010123_1610,Y,Y,Resistant
Barcode,MDR1,N,P0010127_1610,N,N,WT
Barcode,MDR1,N,P0010137_1610,N,N,WT
Barcode,MDR1,N,P0020206_1701,N,N,WT
Barcode,MDR1,N,P0020206_1702,N,N,WT
Barcode,MDR1,N,P0020206_1703,N,N,WT
Barcode,MDR1,N,P0020206_1704,N,N,WT
Barcode,MDR1,N,P0020206_1705,N,N,WT
Barcode,MDR1,N,P0020208_1607,N,N,WT
Barcode,MDR1,N,P0020213_1612,N,N,WT
Barcode,MDR1,N,P0020213_1701,N,N,WT
Barcode,MDR1,N,P0020213_1704,N,N,WT
Barcode,MDR1,N,P0020213_1705,N,N,WT
Barcode,MDR1,N,P0020214_1607,N,N,WT
Barcode,MDR1,N,P0020214_1701,N,N,WT
Barcode,MDR1,N,P0020215_1612,N,N,WT
Barcode,MDR1,N,P0020215_1701,N,N,WT
Barcode,MDR1,N,P0050504_1611,N,N,WT
Barcode,MDR1,N,P0050514_1611,N,N,WT
Barcode,MDR1,N,P0050519_1701,N,N,WT
Barcode,MDR1,N,P0050519_1703,N,N,WT
Barcode,MDR1,N,P0050519_1704,N,N,WT
Barcode,MDR1,N,P0050519_1705,N,N,WT
Barcode,MDR1,N,P0060606_1607,N,N,WT
Barcode,MDR1,N,P0060609_1611,N,N,WT
Barcode,MDR1,N,P0060616_1611,N,N,WT
Barcode,MDR1,N,P0060620_1611,N,N,WT
Barcode,MDR1,N,P0060622_1611,N,N,WT
Barcode,MDR1,N,P0060623_1612,N,N,WT
Barcode,MDR1,N,P0060623_1702,N,N,WT
Barcode,MDR1,N,P0060623_1703,N,N,WT
Barcode,MDR1,N,P0060623_1704,N,N,WT
Barcode,MDR1,N,P0060623_1705,N,N,WT
Barcode,MDR1,N,P0070701_1611,N,N,WT
Barcode,MDR1,N,P0070705_1611,N,N,WT
Barcode,MDR1,N,P0070710_1607,N,N,WT
Barcode,MDR1,N,P0070722_1612,N,N,WT
Barcode,MDR1,N,P0070722_1701,N,N,WT
Barcode,MDR1,N,P0070722_1702,N,N,WT
Barcode,MDR1,N,P0080805_1612,N,N,WT
Barcode,MDR1,N,P0080805_1701,N,N,WT
Barcode,MDR1,N,P0080805_1702,N,N,WT
Barcode,MDR1,N,P0080805_1704,N,N,WT
Barcode,MDR1,N,P0080805_1705,N,N,WT
Barcode,MDR1,N,P0080811_1701,N,N,WT
Barcode,MDR1,N,P0080811_1704,N,N,WT
Barcode,MDR1,N,P0080824_1607,N,N,WT
Barcode,MDR1,N,P0080836_1612,N,N,WT
Barcode,MDR1,N,P0080836_1701,N,N,WT
Barcode,MDR1,N,P0080842_1607,N,N,WT
Barcode,MDR1,N,P0080842_1612,N,N,WT
Barcode,MDR1,N,P0080842_1701,N,N,WT
Barcode,MDR1,N,P0080842_1703,N,N,WT
Barcode,MDR1,N,P0080842_1704,N,N,WT
Barcode,MDR1,N,P0080842_1705,N,N,WT
Barcode,MDR1,N,P0080843_1611,N,N,WT
Barcode,MDR1,N,P0080854_1611,N,N,WT
Barcode,MDR1,N,P0080857_1702,N,N,WT
Barcode,MDR1,N,P0080858_1607,N,N,WT
Barcode,MDR1,N,P0080867_1607,N,N,WT
Barcode,MDR1,N,P0080880_1612,N,N,WT
Barcode,MDR1,N,P0111104_1611,N,N,WT
Barcode,MDR1,N,P0111105_1701,N,N,WT
Barcode,MDR1,N,P0111106_1611,N,N,WT
Barcode,MDR1,N,P0121204_1612,N,N,WT
Barcode,MDR1,N,P0121204_1701,N,N,WT
Barcode,MDR1,N,P0121204_1703,N,N,WT
Barcode,MDR1,N,P0121204_1704,N,N,WT
Barcode,MDR1,N,P0121204_1705,N,N,WT
WGS,AAT1,S,J0010103_1412.WGS,L,L,Resistant
WGS,AAT1,S,J0020302_1506.WGS,S,S,WT
WGS,AAT1,S,J0030406_1701.WGS,L,L,Resistant
WGS,AAT1,S,J0030406_1702.WGS,L,L,Resistant
WGS,AAT1,S,J0030406_1705.WGS,L,L,Resistant
WGS,AAT1,S,J0030409_1610.WGS,L,L,Resistant
WGS,AAT1,S,J0050605_1412.WGS,S,S,WT
WGS,AAT1,S,J0050607_1412.WGS,L,L,Resistant
WGS,AAT1,S,J0050607_1611.WGS,X,X,Unknown
WGS,AAT1,S,J0050611_1611.WGS,L,L,Resistant
WGS,AAT1,S,J0050617_1611.WGS,L,L,Resistant
WGS,AAT1,S,J0060701_1511.WGS,L,L,Resistant
WGS,AAT1,S,J0070804_1610.WGS,L,L,Resistant
WGS,AAT1,S,J0101102_1412.WGS,X,X,Unknown
WGS,AAT1,S,J0101103_1701.WGS,L,L,Resistant
WGS,AAT1,S,J0101103_1702.WGS,L,L,Resistant
WGS,AAT1,S,J0101103_1703.WGS,L,L,Resistant
WGS,AAT1,S,J0111201_1412.WGS,S,S,WT
WGS,AAT1,S,J0111208_1610.WGS,L,L,Resistant
WGS,AAT1,S,J0131403_1511.WGS,L,L,Resistant
WGS,AAT1,S,J0131406_1512.WGS,S,S,WT
WGS,AAT1,S,J0141503_1511.WGS,L,L,Resistant
WGS,AAT1,S,J0151608_1701.WGS,L,L,Resistant
WGS,AAT1,S,J0151612_1511.WGS,L,L,Resistant
WGS,AAT1,S,J0171802_1611.WGS,L,L,Resistant
WGS,AAT1,S,J0171804_1610.WGS,L,L,Resistant
WGS,AAT1,S,J0171805_1611.WGS,SL,L,Mixed
WGS,AAT1,S,J0171806_1511.WGS,L,L,Resistant
WGS,AAT1,S,J0181911_1611.WGS,L,L,Resistant
WGS,AAT1,S,J0242509_1611.WGS,L,L,Resistant
WGS,AAT1,S,J0242517_1611.WGS,L,L,Resistant
WGS,AAT1,S,J0262707_1412.WGS,L,L,Resistant
WGS,AAT1,S,J0262723_1511.WGS,L,L,Resistant
WGS,AAT1,S,J0262731_1412.WGS,L,L,Resistant
WGS,AAT1,S,J0272803_1512.WGS,L,L,Resistant
WGS,AAT1,S,J0272804_1511.WGS,L,L,Resistant
WGS,AAT1,S,J0272809_1611.WGS,L,L,Resistant
WGS,AAT1,S,J0272809_1612.WGS,L,L,Resistant
WGS,AAT1,S,J0272812_1611.WGS,L,L,Resistant
WGS,AAT1,S,J0272813_1610.WGS,L,L,Resistant
WGS,AAT1,S,J0272813_1611.WGS,L,L,Resistant
WGS,AAT1,S,J0272813_1612.WGS,L,L,Resistant
WGS,AAT1,S,J0272813_1701.WGS,L,L,Resistant
WGS,AAT1,S,J0272813_1702.WGS,L,L,Resistant
WGS,AAT1,S,J0272813_1703.WGS,L,L,Resistant
WGS,AAT1,S,J0272813_1705.WGS,L,L,Resistant
WGS,AAT1,S,J0272815_1611.WGS,L,L,Resistant
WGS,AAT1,S,J0272815_1701.WGS,L,L,Resistant
WGS,AAT1,S,J0272815_1702.WGS,L,L,Resistant
WGS,AAT1,S,J0272815_1703.WGS,L,L,Resistant
WGS,AAT1,S,J0282915_1511.WGS,X,X,Unknown
WGS,AAT1,S,J0282916_1701.WGS,L,L,Resistant
WGS,AAT1,S,J0282916_1702.WGS,L,L,Resistant
WGS,AAT1,S,J0282916_1703.WGS,X,X,Unknown
WGS,AAT1,S,J0282916_1705.WGS,X,X,Unknown
WGS,AAT1,S,K0010101_1611.WGS,L,L,Resistant
WGS,AAT1,S,K0010105_1506.WGS,L,L,Resistant
WGS,AAT1,S,K0022008_1512.WGS,L,L,Resistant
WGS,AAT1,S,K0030301_1504.WGS,L,L,Resistant
WGS,AAT1,S,K0030302_1512.WGS,L,L,Resistant
WGS,AAT1,S,K0030302_1610.WGS,L,L,Resistant
WGS,AAT1,S,K0030302_1611.WGS,L,L,Resistant
WGS,AAT1,S,K0030303_1512.WGS,L,L,Resistant
WGS,AAT1,S,K0030303_1605.WGS,L,L,Resistant
WGS,AAT1,S,K0030303_1612.WGS,L,L,Resistant
WGS,AAT1,S,K0050502_1512.WGS,X,X,Unknown
WGS,AAT1,S,K0050512_1611.WGS,S,S,WT
WGS,AAT1,S,K0060617_1512.WGS,SL,L,Mixed
WGS,AAT1,S,K0060617_1603.WGS,L,L,Resistant
WGS,AAT1,S,K0070714_1611.WGS,L,L,Resistant
WGS,AAT1,S,K0080809_1702.WGS,S,S,WT
WGS,AAT1,S,K0090903_1512.WGS,L,L,Resistant
WGS,AAT1,S,K0090903_1605.WGS,L,L,Resistant
WGS,AAT1,S,K0101005_1512.WGS,L,L,Resistant
WGS,AAT1,S,K0101005_1701.WGS,X,X,Unknown
WGS,AAT1,S,K0101007_1412.WGS,L,L,Resistant
WGS,AAT1,S,K0111111_1611.WGS,L,L,Resistant
WGS,AAT1,S,K0141403_1504.WGS,L,L,Resistant
WGS,AAT1,S,K0141403_1511.WGS,X,X,Unknown
WGS,AAT1,S,K0161621_1506.WGS,X,X,Unknown
WGS,AAT1,S,K0171716_1612.WGS,L,L,Resistant
WGS,AAT1,S,K0171716_1701.WGS,L,L,Resistant
WGS,AAT1,S,K0171716_1702.WGS,L,L,Resistant
WGS,AAT1,S,K0171716_1703.WGS,X,X,Unknown
WGS,AAT1,S,K0171722_1512.WGS,S,S,WT
WGS,AAT1,S,K0171728_1512.WGS,L,L,Resistant
WGS,AAT1,S,K0171732_1512.WGS,L,L,Resistant
WGS,AAT1,S,K0171738_1412.WGS,L,L,Resistant
WGS,AAT1,S,K0181809_1512.WGS,L,L,Resistant
WGS,AAT1,S,K0181810_1705.WGS,L,L,Resistant
WGS,AAT1,S,K0202002_1512.WGS,L,L,Resistant
WGS,AAT1,S,K0212102_1512.WGS,L,L,Resistant
WGS,AAT1,S,K0212110_1512.WGS,L,L,Resistant
WGS,AAT1,S,K0222208_1611.WGS,L,L,Resistant
WGS,AAT1,S,K0222213_1612.WGS,S,S,WT
WGS,AAT1,S,K0222213_1701.WGS,L,L,Resistant
WGS,AAT1,S,K0232412_1701.WGS,L,L,Resistant
WGS,AAT1,S,K0252713_1512.WGS,L,L,Resistant
WGS,AAT1,S,K0252717_1512.WGS,L,L,Resistant
WGS,AAT1,S,K0252808_1611.WGS,S,S,WT
WGS,AAT1,S,K0252808_1701.WGS,L,L,Resistant
WGS,AAT1,S,K0262902_1511.WGS,L,L,Resistant
WGS,AAT1,S,K0262913_1611.WGS,L,L,Resistant
WGS,AAT1,S,K0262922_1612.WGS,L,L,Resistant
WGS,AAT1,S,K0262922_1702.WGS,X,X,Unknown
WGS,AAT1,S,K0262922_1704.WGS,L,L,Resistant
WGS,AAT1,S,K0262922_1705.WGS,L,L,Resistant
WGS,AAT1,S,K0262940_1511.WGS,L,L,Resistant
WGS,AAT1,S,K0262940_1512.WGS,L,L,Resistant
WGS,AAT1,S,K0262940_1704.WGS,L,L,Resistant
WGS,AAT1,S,K0263004_1511.WGS,L,L,Resistant
WGS,AAT1,S,K0263004_1512.WGS,L,L,Resistant
WGS,AAT1,S,K0263008_1612.WGS,X,X,Unknown
WGS,AAT1,S,K0263008_1701.WGS,X,X,Unknown
WGS,AAT1,S,K0263008_1704.WGS,L,L,Resistant
WGS,AAT1,S,K0263008_1705.WGS,L,L,Resistant
WGS,AAT1,S,K0283406_1512.WGS,L,L,Resistant
WGS,AAT1,S,K0323702_1611.WGS,L,L,Resistant
WGS,AAT1,S,K0344032_1512.WGS,S,S,WT
WGS,AAT1,S,K0364311_1511.WGS,L,L,Resistant
WGS,AAT1,S,K0364314_1701.WGS,L,L,Resistant
WGS,AAT1,S,K0364319_1511.WGS,L,L,Resistant
WGS,AAT1,S,K0364319_1612.WGS,L,L,Resistant
WGS,AAT1,S,K0364324_1701.WGS,L,L,Resistant
WGS,AAT1,S,K0374406_1612.WGS,L,L,Resistant
WGS,AAT1,S,K0374406_1701.WGS,X,X,Unknown
WGS,AAT1,S,K0374408_1412.WGS,L,L,Resistant
WGS,AAT1,S,K0374413_1611.WGS,L,L,Resistant
WGS,AAT1,S,K0374502_1412.WGS,L,L,Resistant
WGS,AAT1,S,K0374502_1612.WGS,L,L,Resistant
WGS,AAT1,S,K0384601_1702.WGS,L,L,Resistant
WGS,AAT1,S,K0384602_1512.WGS,L,L,Resistant
WGS,AAT1,S,K0384604_1511.WGS,S,S,WT
WGS,AAT1,S,K0384611_1702.WGS,L,L,Resistant
WGS,AAT1,S,K0384611_1705.WGS,L,L,Resistant
WGS,AAT1,S,K0394906_1611.WGS,L,L,Resistant
WGS,AAT1,S,K0394938_1611.WGS,L,L,Resistant
WGS,AAT1,S,K0405016_1611.WGS,L,L,Resistant
WGS,AAT1,S,K0415108_1701.WGS,L,L,Resistant
WGS,AAT1,S,K0415108_1702.WGS,L,L,Resistant
WGS,AAT1,S,K0425208_1512.WGS,L,L,Resistant
WGS,AAT1,S,N0050505_1610.WGS,L,L,Resistant
WGS,AAT1,S,N0131303_1701.WGS,L,L,Resistant
WGS,AAT1,S,N0131318_1611.WGS,L,L,Resistant
WGS,AAT1,S,N0131323_1610.WGS,L,L,Resistant
WGS,AAT1,S,N0141403_1612.WGS,L,L,Resistant
WGS,AAT1,S,P0010104_1611.WGS,L,L,Resistant
WGS,AAT1,S,P0010121_1611.WGS,X,X,Unknown
WGS,AAT1,S,P0010126_1611.WGS,L,L,Resistant
WGS,AAT1,S,P0010127_1610.WGS,S,S,WT
WGS,AAT1,S,P0010137_1610.WGS,X,X,Unknown
WGS,AAT1,S,P0020206_1701.WGS,L,L,Resistant
WGS,AAT1,S,P0020206_1702.WGS,L,L,Resistant
WGS,AAT1,S,P0020206_1703.WGS,L,L,Resistant
WGS,AAT1,S,P0020206_1704.WGS,L,L,Resistant
WGS,AAT1,S,P0020206_1705.WGS,L,L,Resistant
WGS,AAT1,S,P0020213_1612.WGS,L,L,Resistant
WGS,AAT1,S,P0020213_1701.WGS,L,L,Resistant
WGS,AAT1,S,P0020213_1705.WGS,L,L,Resistant
WGS,AAT1,S,P0020215_1701.WGS,L,L,Resistant
WGS,AAT1,S,P0030304_1607.WGS,L,L,Resistant
WGS,AAT1,S,P0050504_1611.WGS,L,L,Resistant
WGS,AAT1,S,P0050514_1611.WGS,L,L,Resistant
WGS,AAT1,S,P0050519_1705.WGS,L,L,Resistant
WGS,AAT1,S,P0060609_1611.WGS,S,S,WT
WGS,AAT1,S,P0060616_1611.WGS,L,L,Resistant
WGS,AAT1,S,P0060620_1611.WGS,L,L,Resistant
WGS,AAT1,S,P0060622_1611.WGS,L,L,Resistant
WGS,AAT1,S,P0060623_1612.WGS,L,L,Resistant
WGS,AAT1,S,P0060623_1702.WGS,L,L,Resistant
WGS,AAT1,S,P0060623_1703.WGS,L,L,Resistant
WGS,AAT1,S,P0060623_1704.WGS,L,L,Resistant
WGS,AAT1,S,P0060623_1705.WGS,L,L,Resistant
WGS,AAT1,S,P0070705_1611.WGS,S,S,WT
WGS,AAT1,S,P0070707_1610.WGS,X,X,Unknown
WGS,AAT1,S,P0070710_1607.WGS,L,L,Resistant
WGS,AAT1,S,P0070722_1612.WGS,L,L,Resistant
WGS,AAT1,S,P0070722_1701.WGS,L,L,Resistant
WGS,AAT1,S,P0070722_1702.WGS,L,L,Resistant
WGS,AAT1,S,P0080805_1612.WGS,L,L,Resistant
WGS,AAT1,S,P0080805_1705.WGS,L,L,Resistant
WGS,AAT1,S,P0080836_1612.WGS,L,L,Resistant
WGS,AAT1,S,P0080836_1701.WGS,L,L,Resistant
WGS,AAT1,S,P0080840_1611.WGS,L,L,Resistant
WGS,AAT1,S,P0080842_1612.WGS,L,L,Resistant
WGS,AAT1,S,P0080842_1703.WGS,L,L,Resistant
WGS,AAT1,S,P0080842_1704.WGS,L,L,Resistant
WGS,AAT1,S,P0080842_1705.WGS,L,L,Resistant
WGS,AAT1,S,P0080843_1611.WGS,L,L,Resistant
WGS,AAT1,S,P0080854_1611.WGS,L,L,Resistant
WGS,AAT1,S,P0080857_1702.WGS,L,L,Resistant
WGS,AAT1,S,P0080880_1612.WGS,L,L,Resistant
WGS,AAT1,S,P0111104_1611.WGS,L,L,Resistant
WGS,AAT1,S,P0111105_1701.WGS,X,X,Unknown
WGS,AAT1,S,P0111106_1611.WGS,L,L,Resistant
WGS,AAT1,S,P0121204_1703.WGS,X,X,Unknown
WGS,AAT1,S,P0121204_1704.WGS,X,X,Unknown
WGS,AAT1,S,P0121204_1705.WGS,L,L,Resistant
WGS,CRT,K,J0010103_1412.WGS,KT,T,Mixed
WGS,CRT,K,J0020302_1506.WGS,T,T,Resistant
WGS,CRT,K,J0030406_1701.WGS,T,T,Resistant
WGS,CRT,K,J0030406_1702.WGS,T,T,Resistant
WGS,CRT,K,J0030406_1705.WGS,T,T,Resistant
WGS,CRT,K,J0030409_1610.WGS,T,T,Resistant
WGS,CRT,K,J0050605_1412.WGS,X,X,Unknown
WGS,CRT,K,J0050607_1412.WGS,T,T,Resistant
WGS,CRT,K,J0050607_1611.WGS,X,X,Unknown
WGS,CRT,K,J0050611_1611.WGS,T,T,Resistant
WGS,CRT,K,J0050617_1611.WGS,T,T,Resistant
WGS,CRT,K,J0060701_1511.WGS,T,T,Resistant
WGS,CRT,K,J0070804_1610.WGS,K,K,WT
WGS,CRT,K,J0101102_1412.WGS,X,X,Unknown
WGS,CRT,K,J0101103_1701.WGS,T,T,Resistant
WGS,CRT,K,J0101103_1702.WGS,T,T,Resistant
WGS,CRT,K,J0101103_1703.WGS,X,X,Unknown
WGS,CRT,K,J0111201_1412.WGS,X,X,Unknown
WGS,CRT,K,J0111208_1610.WGS,T,T,Resistant
WGS,CRT,K,J0131403_1511.WGS,K,K,WT
WGS,CRT,K,J0131406_1512.WGS,K,K,WT
WGS,CRT,K,J0141503_1511.WGS,T,T,Resistant
WGS,CRT,K,J0151608_1701.WGS,T,T,Resistant
WGS,CRT,K,J0151612_1511.WGS,KT,T,Mixed
WGS,CRT,K,J0171802_1611.WGS,T,T,Resistant
WGS,CRT,K,J0171804_1610.WGS,K,K,WT
WGS,CRT,K,J0171805_1611.WGS,T,T,Resistant
WGS,CRT,K,J0171806_1511.WGS,T,T,Resistant
WGS,CRT,K,J0181911_1611.WGS,T,T,Resistant
WGS,CRT,K,J0242509_1611.WGS,K,K,WT
WGS,CRT,K,J0242517_1611.WGS,T,T,Resistant
WGS,CRT,K,J0262707_1412.WGS,T,T,Resistant
WGS,CRT,K,J0262723_1511.WGS,K,K,WT
WGS,CRT,K,J0262731_1412.WGS,T,T,Resistant
WGS,CRT,K,J0272803_1512.WGS,T,T,Resistant
WGS,CRT,K,J0272804_1511.WGS,T,T,Resistant
WGS,CRT,K,J0272809_1611.WGS,K,K,WT
WGS,CRT,K,J0272809_1612.WGS,K,K,WT
WGS,CRT,K,J0272812_1611.WGS,K,K,WT
WGS,CRT,K,J0272813_1610.WGS,X,X,Unknown
WGS,CRT,K,J0272813_1611.WGS,K,K,WT
WGS,CRT,K,J0272813_1612.WGS,K,K,WT
WGS,CRT,K,J0272813_1701.WGS,K,K,WT
WGS,CRT,K,J0272813_1702.WGS,K,K,WT
WGS,CRT,K,J0272813_1703.WGS,K,K,WT
WGS,CRT,K,J0272813_1705.WGS,K,K,WT
WGS,CRT,K,J0272815_1611.WGS,K,K,WT
WGS,CRT,K,J0272815_1701.WGS,K,K,WT
WGS,CRT,K,J0272815_1702.WGS,K,K,WT
WGS,CRT,K,J0272815_1703.WGS,K,K,WT
WGS,CRT,K,J0282915_1511.WGS,K,K,WT
WGS,CRT,K,J0282916_1701.WGS,KT,T,Mixed
WGS,CRT,K,J0282916_1702.WGS,T,T,Resistant
WGS,CRT,K,J0282916_1703.WGS,K,K,WT
WGS,CRT,K,J0282916_1705.WGS,T,T,Resistant
WGS,CRT,K,K0010101_1611.WGS,T,T,Resistant
WGS,CRT,K,K0010105_1506.WGS,K,K,WT
WGS,CRT,K,K0022008_1512.WGS,T,T,Resistant
WGS,CRT,K,K0030301_1504.WGS,T,T,Resistant
WGS,CRT,K,K0030302_1512.WGS,T,T,Resistant
WGS,CRT,K,K0030302_1610.WGS,T,T,Resistant
WGS,CRT,K,K0030302_1611.WGS,T,T,Resistant
WGS,CRT,K,K0030303_1512.WGS,K,K,WT
WGS,CRT,K,K0030303_1605.WGS,K,K,WT
WGS,CRT,K,K0030303_1612.WGS,T,T,Resistant
WGS,CRT,K,K0050502_1512.WGS,T,T,Resistant
WGS,CRT,K,K0050512_1611.WGS,T,T,Resistant
WGS,CRT,K,K0060617_1512.WGS,K,K,WT
WGS,CRT,K,K0060617_1603.WGS,T,T,Resistant
WGS,CRT,K,K0070714_1611.WGS,T,T,Resistant
WGS,CRT,K,K0080809_1702.WGS,T,T,Resistant
WGS,CRT,K,K0090903_1512.WGS,K,K,WT
WGS,CRT,K,K0090903_1605.WGS,K,K,WT
WGS,CRT,K,K0101005_1512.WGS,K,K,WT
WGS,CRT,K,K0101005_1701.WGS,X,X,Unknown
WGS,CRT,K,K0101007_1412.WGS,T,T,Resistant
WGS,CRT,K,K0111111_1611.WGS,T,T,Resistant
WGS,CRT,K,K0141403_1504.WGS,T,T,Resistant
WGS,CRT,K,K0141403_1511.WGS,K,K,WT
WGS,CRT,K,K0161621_1506.WGS,X,X,Unknown
WGS,CRT,K,K0171716_1612.WGS,T,T,Resistant
WGS,CRT,K,K0171716_1701.WGS,T,T,Resistant
WGS,CRT,K,K0171716_1702.WGS,T,T,Resistant
WGS,CRT,K,K0171716_1703.WGS,X,X,Unknown
WGS,CRT,K,K0171722_1512.WGS,T,T,Resistant
WGS,CRT,K,K0171728_1512.WGS,K,K,WT
WGS,CRT,K,K0171732_1512.WGS,T,T,Resistant
WGS,CRT,K,K0171738_1412.WGS,T,T,Resistant
WGS,CRT,K,K0181809_1512.WGS,K,K,WT
WGS,CRT,K,K0181810_1705.WGS,K,K,WT
WGS,CRT,K,K0202002_1512.WGS,T,T,Resistant
WGS,CRT,K,K0212102_1512.WGS,X,X,Unknown
WGS,CRT,K,K0212110_1512.WGS,K,K,WT
WGS,CRT,K,K0222208_1611.WGS,K,K,WT
WGS,CRT,K,K0222213_1612.WGS,X,X,Unknown
WGS,CRT,K,K0222213_1701.WGS,X,X,Unknown
WGS,CRT,K,K0232412_1701.WGS,T,T,Resistant
WGS,CRT,K,K0252713_1512.WGS,T,T,Resistant
WGS,CRT,K,K0252717_1512.WGS,T,T,Resistant
WGS,CRT,K,K0252808_1611.WGS,K,K,WT
WGS,CRT,K,K0252808_1701.WGS,T,T,Resistant
WGS,CRT,K,K0262902_1511.WGS,K,K,WT
WGS,CRT,K,K0262913_1611.WGS,T,T,Resistant
WGS,CRT,K,K0262922_1612.WGS,T,T,Resistant
WGS,CRT,K,K0262922_1702.WGS,X,X,Unknown
WGS,CRT,K,K0262922_1704.WGS,T,T,Resistant
WGS,CRT,K,K0262922_1705.WGS,T,T,Resistant
WGS,CRT,K,K0262940_1511.WGS,T,T,Resistant
WGS,CRT,K,K0262940_1512.WGS,T,T,Resistant
WGS,CRT,K,K0262940_1704.WGS,T,T,Resistant
WGS,CRT,K,K0263004_1511.WGS,K,K,WT
WGS,CRT,K,K0263004_1512.WGS,K,K,WT
WGS,CRT,K,K0263008_1612.WGS,T,T,Resistant
WGS,CRT,K,K0263008_1701.WGS,X,X,Unknown
WGS,CRT,K,K0263008_1704.WGS,T,T,Resistant
WGS,CRT,K,K0263008_1705.WGS,T,T,Resistant
WGS,CRT,K,K0283406_1512.WGS,T,T,Resistant
WGS,CRT,K,K0323702_1611.WGS,T,T,Resistant
WGS,CRT,K,K0344032_1512.WGS,K,K,WT
WGS,CRT,K,K0364311_1511.WGS,K,K,WT
WGS,CRT,K,K0364314_1701.WGS,T,T,Resistant
WGS,CRT,K,K0364319_1511.WGS,T,T,Resistant
WGS,CRT,K,K0364319_1612.WGS,T,T,Resistant
WGS,CRT,K,K0364324_1701.WGS,T,T,Resistant
WGS,CRT,K,K0374406_1612.WGS,T,T,Resistant
WGS,CRT,K,K0374406_1701.WGS,X,X,Unknown
WGS,CRT,K,K0374408_1412.WGS,KT,T,Mixed
WGS,CRT,K,K0374413_1611.WGS,K,K,WT
WGS,CRT,K,K0374502_1412.WGS,T,T,Resistant
WGS,CRT,K,K0374502_1612.WGS,X,X,Unknown
WGS,CRT,K,K0384601_1702.WGS,X,X,Unknown
WGS,CRT,K,K0384602_1512.WGS,K,K,WT
WGS,CRT,K,K0384604_1511.WGS,K,K,WT
WGS,CRT,K,K0384611_1702.WGS,K,K,WT
WGS,CRT,K,K0384611_1705.WGS,X,X,Unknown
WGS,CRT,K,K0394906_1611.WGS,T,T,Resistant
WGS,CRT,K,K0394938_1611.WGS,T,T,Resistant
WGS,CRT,K,K0405016_1611.WGS,KT,T,Mixed
WGS,CRT,K,K0415108_1701.WGS,T,T,Resistant
WGS,CRT,K,K0415108_1702.WGS,T,T,Resistant
WGS,CRT,K,K0425208_1512.WGS,T,T,Resistant
WGS,CRT,K,N0050505_1610.WGS,X,X,Unknown
WGS,CRT,K,N0131303_1701.WGS,T,T,Resistant
WGS,CRT,K,N0131318_1611.WGS,K,K,WT
WGS,CRT,K,N0131323_1610.WGS,T,T,Resistant
WGS,CRT,K,N0141403_1612.WGS,X,X,Unknown
WGS,CRT,K,P0010104_1611.WGS,T,T,Resistant
WGS,CRT,K,P0010121_1611.WGS,X,X,Unknown
WGS,CRT,K,P0010126_1611.WGS,X,X,Unknown
WGS,CRT,K,P0010127_1610.WGS,K,K,WT
WGS,CRT,K,P0010137_1610.WGS,X,X,Unknown
WGS,CRT,K,P0020206_1701.WGS,T,T,Resistant
WGS,CRT,K,P0020206_1702.WGS,T,T,Resistant
WGS,CRT,K,P0020206_1703.WGS,T,T,Resistant
WGS,CRT,K,P0020206_1704.WGS,X,X,Unknown
WGS,CRT,K,P0020206_1705.WGS,T,T,Resistant
WGS,CRT,K,P0020213_1612.WGS,K,K,WT
WGS,CRT,K,P0020213_1701.WGS,K,K,WT
WGS,CRT,K,P0020213_1705.WGS,K,K,WT
WGS,CRT,K,P0020215_1701.WGS,T,T,Resistant
WGS,CRT,K,P0030304_1607.WGS,T,T,Resistant
WGS,CRT,K,P0050504_1611.WGS,T,T,Resistant
WGS,CRT,K,P0050514_1611.WGS,T,T,Resistant
WGS,CRT,K,P0050519_1705.WGS,T,T,Resistant
WGS,CRT,K,P0060609_1611.WGS,K,K,WT
WGS,CRT,K,P0060616_1611.WGS,K,K,WT
WGS,CRT,K,P0060620_1611.WGS,T,T,Resistant
WGS,CRT,K,P0060622_1611.WGS,T,T,Resistant
WGS,CRT,K,P0060623_1612.WGS,T,T,Resistant
WGS,CRT,K,P0060623_1702.WGS,T,T,Resistant
WGS,CRT,K,P0060623_1703.WGS,T,T,Resistant
WGS,CRT,K,P0060623_1704.WGS,T,T,Resistant
WGS,CRT,K,P0060623_1705.WGS,T,T,Resistant
WGS,CRT,K,P0070705_1611.WGS,T,T,Resistant
WGS,CRT,K,P0070707_1610.WGS,K,K,WT
WGS,CRT,K,P0070710_1607.WGS,K,K,WT
WGS,CRT,K,P0070722_1612.WGS,T,T,Resistant
WGS,CRT,K,P0070722_1701.WGS,T,T,Resistant
WGS,CRT,K,P0070722_1702.WGS,T,T,Resistant
WGS,CRT,K,P0080805_1612.WGS,K,K,WT
WGS,CRT,K,P0080805_1705.WGS,K,K,WT
WGS,CRT,K,P0080836_1612.WGS,T,T,Resistant
WGS,CRT,K,P0080836_1701.WGS,T,T,Resistant
WGS,CRT,K,P0080840_1611.WGS,T,T,Resistant
WGS,CRT,K,P0080842_1612.WGS,T,T,Resistant
WGS,CRT,K,P0080842_1703.WGS,X,X,Unknown
WGS,CRT,K,P0080842_1704.WGS,KT,T,Mixed
WGS,CRT,K,P0080842_1705.WGS,KT,T,Mixed
WGS,CRT,K,P0080843_1611.WGS,T,T,Resistant
WGS,CRT,K,P0080854_1611.WGS,T,T,Resistant
WGS,CRT,K,P0080857_1702.WGS,X,X,Unknown
WGS,CRT,K,P0080880_1612.WGS,T,T,Resistant
WGS,CRT,K,P0111104_1611.WGS,T,T,Resistant
WGS,CRT,K,P0111105_1701.WGS,T,T,Resistant
WGS,CRT,K,P0111106_1611.WGS,T,T,Resistant
WGS,CRT,K,P0121204_1703.WGS,X,X,Unknown
WGS,CRT,K,P0121204_1704.WGS,X,X,Unknown
WGS,CRT,K,P0121204_1705.WGS,K,K,WT
WGS,DHFR,S,J0010103_1412.WGS,N,N,Resistant
WGS,DHFR,S,J0020302_1506.WGS,N,N,Resistant
WGS,DHFR,S,J0030406_1701.WGS,N,N,Resistant
WGS,DHFR,S,J0030406_1702.WGS,N,N,Resistant
WGS,DHFR,S,J0030406_1705.WGS,N,N,Resistant
WGS,DHFR,S,J0030409_1610.WGS,N,N,Resistant
WGS,DHFR,S,J0050605_1412.WGS,X,X,Unknown
WGS,DHFR,S,J0050607_1412.WGS,N,N,Resistant
WGS,DHFR,S,J0050607_1611.WGS,X,X,Unknown
WGS,DHFR,S,J0050611_1611.WGS,N,N,Resistant
WGS,DHFR,S,J0050617_1611.WGS,N,N,Resistant
WGS,DHFR,S,J0060701_1511.WGS,N,N,Resistant
WGS,DHFR,S,J0070804_1610.WGS,X,X,Unknown
WGS,DHFR,S,J0101102_1412.WGS,S,S,WT
WGS,DHFR,S,J0101103_1701.WGS,N,N,Resistant
WGS,DHFR,S,J0101103_1702.WGS,N,N,Resistant
WGS,DHFR,S,J0101103_1703.WGS,X,X,Unknown
WGS,DHFR,S,J0111201_1412.WGS,S,S,WT
WGS,DHFR,S,J0111208_1610.WGS,N,N,Resistant
WGS,DHFR,S,J0131403_1511.WGS,N,N,Resistant
WGS,DHFR,S,J0131406_1512.WGS,N,N,Resistant
WGS,DHFR,S,J0141503_1511.WGS,N,N,Resistant
WGS,DHFR,S,J0151608_1701.WGS,N,N,Resistant
WGS,DHFR,S,J0151612_1511.WGS,N,N,Resistant
WGS,DHFR,S,J0171802_1611.WGS,N,N,Resistant
WGS,DHFR,S,J0171804_1610.WGS,N,N,Resistant
WGS,DHFR,S,J0171805_1611.WGS,N,N,Resistant
WGS,DHFR,S,J0171806_1511.WGS,N,N,Resistant
WGS,DHFR,S,J0181911_1611.WGS,N,N,Resistant
WGS,DHFR,S,J0242509_1611.WGS,N,N,Resistant
WGS,DHFR,S,J0242517_1611.WGS,N,N,Resistant
WGS,DHFR,S,J0262707_1412.WGS,N,N,Resistant
WGS,DHFR,S,J0262723_1511.WGS,N,N,Resistant
WGS,DHFR,S,J0262731_1412.WGS,N,N,Resistant
WGS,DHFR,S,J0272803_1512.WGS,N,N,Resistant
WGS,DHFR,S,J0272804_1511.WGS,N,N,Resistant
WGS,DHFR,S,J0272809_1611.WGS,N,N,Resistant
WGS,DHFR,S,J0272809_1612.WGS,N,N,Resistant
WGS,DHFR,S,J0272812_1611.WGS,N,N,Resistant
WGS,DHFR,S,J0272813_1610.WGS,X,X,Unknown
WGS,DHFR,S,J0272813_1611.WGS,N,N,Resistant
WGS,DHFR,S,J0272813_1612.WGS,N,N,Resistant
WGS,DHFR,S,J0272813_1701.WGS,N,N,Resistant
WGS,DHFR,S,J0272813_1702.WGS,N,N,Resistant
WGS,DHFR,S,J0272813_1703.WGS,N,N,Resistant
WGS,DHFR,S,J0272813_1705.WGS,N,N,Resistant
WGS,DHFR,S,J0272815_1611.WGS,N,N,Resistant
WGS,DHFR,S,J0272815_1701.WGS,N,N,Resistant
WGS,DHFR,S,J0272815_1702.WGS,N,N,Resistant
WGS,DHFR,S,J0272815_1703.WGS,N,N,Resistant
WGS,DHFR,S,J0282915_1511.WGS,X,X,Unknown
WGS,DHFR,S,J0282916_1701.WGS,N,N,Resistant
WGS,DHFR,S,J0282916_1702.WGS,N,N,Resistant
WGS,DHFR,S,J0282916_1703.WGS,N,N,Resistant
WGS,DHFR,S,J0282916_1705.WGS,N,N,Resistant
WGS,DHFR,S,K0010101_1611.WGS,N,N,Resistant
WGS,DHFR,S,K0010105_1506.WGS,N,N,Resistant
WGS,DHFR,S,K0022008_1512.WGS,N,N,Resistant
WGS,DHFR,S,K0030301_1504.WGS,N,N,Resistant
WGS,DHFR,S,K0030302_1512.WGS,N,N,Resistant
WGS,DHFR,S,K0030302_1610.WGS,N,N,Resistant
WGS,DHFR,S,K0030302_1611.WGS,N,N,Resistant
WGS,DHFR,S,K0030303_1512.WGS,N,N,Resistant
WGS,DHFR,S,K0030303_1605.WGS,N,N,Resistant
WGS,DHFR,S,K0030303_1612.WGS,N,N,Resistant
WGS,DHFR,S,K0050502_1512.WGS,X,X,Unknown
WGS,DHFR,S,K0050512_1611.WGS,N,N,Resistant
WGS,DHFR,S,K0060617_1512.WGS,SN,N,Mixed
WGS,DHFR,S,K0060617_1603.WGS,N,N,Resistant
WGS,DHFR,S,K0070714_1611.WGS,N,N,Resistant
WGS,DHFR,S,K0080809_1702.WGS,N,N,Resistant
WGS,DHFR,S,K0090903_1512.WGS,N,N,Resistant
WGS,DHFR,S,K0090903_1605.WGS,N,N,Resistant
WGS,DHFR,S,K0101005_1512.WGS,S,S,WT
WGS,DHFR,S,K0101005_1701.WGS,N,N,Resistant
WGS,DHFR,S,K0101007_1412.WGS,N,N,Resistant
WGS,DHFR,S,K0111111_1611.WGS,S,S,WT
WGS,DHFR,S,K0141403_1504.WGS,N,N,Resistant
WGS,DHFR,S,K0141403_1511.WGS,X,X,Unknown
WGS,DHFR,S,K0161621_1506.WGS,X,X,Unknown
WGS,DHFR,S,K0171716_1612.WGS,N,N,Resistant
WGS,DHFR,S,K0171716_1701.WGS,N,N,Resistant
WGS,DHFR,S,K0171716_1702.WGS,N,N,Resistant
WGS,DHFR,S,K0171716_1703.WGS,N,N,Resistant
WGS,DHFR,S,K0171722_1512.WGS,N,N,Resistant
WGS,DHFR,S,K0171728_1512.WGS,N,N,Resistant
WGS,DHFR,S,K0171732_1512.WGS,N,N,Resistant
WGS,DHFR,S,K0171738_1412.WGS,N,N,Resistant
WGS,DHFR,S,K0181809_1512.WGS,S,S,WT
WGS,DHFR,S,K0181810_1705.WGS,N,N,Resistant
WGS,DHFR,S,K0202002_1512.WGS,S,S,WT
WGS,DHFR,S,K0212102_1512.WGS,X,X,Unknown
WGS,DHFR,S,K0212110_1512.WGS,N,N,Resistant
WGS,DHFR,S,K0222208_1611.WGS,N,N,Resistant
WGS,DHFR,S,K0222213_1612.WGS,X,X,Unknown
WGS,DHFR,S,K0222213_1701.WGS,N,N,Resistant
WGS,DHFR,S,K0232412_1701.WGS,N,N,Resistant
WGS,DHFR,S,K0252713_1512.WGS,N,N,Resistant
WGS,DHFR,S,K0252717_1512.WGS,N,N,Resistant
WGS,DHFR,S,K0252808_1611.WGS,X,X,Unknown
WGS,DHFR,S,K0252808_1701.WGS,N,N,Resistant
WGS,DHFR,S,K0262902_1511.WGS,N,N,Resistant
WGS,DHFR,S,K0262913_1611.WGS,N,N,Resistant
WGS,DHFR,S,K0262922_1612.WGS,N,N,Resistant
WGS,DHFR,S,K0262922_1702.WGS,X,X,Unknown
WGS,DHFR,S,K0262922_1704.WGS,N,N,Resistant
WGS,DHFR,S,K0262922_1705.WGS,N,N,Resistant
WGS,DHFR,S,K0262940_1511.WGS,N,N,Resistant
WGS,DHFR,S,K0262940_1512.WGS,N,N,Resistant
WGS,DHFR,S,K0262940_1704.WGS,N,N,Resistant
WGS,DHFR,S,K0263004_1511.WGS,N,N,Resistant
WGS,DHFR,S,K0263004_1512.WGS,N,N,Resistant
WGS,DHFR,S,K0263008_1612.WGS,N,N,Resistant
WGS,DHFR,S,K0263008_1701.WGS,X,X,Unknown
WGS,DHFR,S,K0263008_1704.WGS,N,N,Resistant
WGS,DHFR,S,K0263008_1705.WGS,N,N,Resistant
WGS,DHFR,S,K0283406_1512.WGS,N,N,Resistant
WGS,DHFR,S,K0323702_1611.WGS,N,N,Resistant
WGS,DHFR,S,K0344032_1512.WGS,N,N,Resistant
WGS,DHFR,S,K0364311_1511.WGS,N,N,Resistant
WGS,DHFR,S,K0364314_1701.WGS,N,N,Resistant
WGS,DHFR,S,K0364319_1511.WGS,S,S,WT
WGS,DHFR,S,K0364319_1612.WGS,N,N,Resistant
WGS,DHFR,S,K0364324_1701.WGS,X,X,Unknown
WGS,DHFR,S,K0374406_1612.WGS,N,N,Resistant
WGS,DHFR,S,K0374406_1701.WGS,N,N,Resistant
WGS,DHFR,S,K0374408_1412.WGS,N,N,Resistant
WGS,DHFR,S,K0374413_1611.WGS,SN,N,Mixed
WGS,DHFR,S,K0374502_1412.WGS,N,N,Resistant
WGS,DHFR,S,K0374502_1612.WGS,N,N,Resistant
WGS,DHFR,S,K0384601_1702.WGS,N,N,Resistant
WGS,DHFR,S,K0384602_1512.WGS,N,N,Resistant
WGS,DHFR,S,K0384604_1511.WGS,X,X,Unknown
WGS,DHFR,S,K0384611_1702.WGS,N,N,Resistant
WGS,DHFR,S,K0384611_1705.WGS,X,X,Unknown
WGS,DHFR,S,K0394906_1611.WGS,N,N,Resistant
WGS,DHFR,S,K0394938_1611.WGS,N,N,Resistant
WGS,DHFR,S,K0405016_1611.WGS,N,N,Resistant
WGS,DHFR,S,K0415108_1701.WGS,N,N,Resistant
WGS,DHFR,S,K0415108_1702.WGS,X,X,Unknown
WGS,DHFR,S,K0425208_1512.WGS,N,N,Resistant
WGS,DHFR,S,N0050505_1610.WGS,X,X,Unknown
WGS,DHFR,S,N0131303_1701.WGS,N,N,Resistant
WGS,DHFR,S,N0131318_1611.WGS,SN,N,Mixed
WGS,DHFR,S,N0131323_1610.WGS,N,N,Resistant
WGS,DHFR,S,N0141403_1612.WGS,X,X,Unknown
WGS,DHFR,S,P0010104_1611.WGS,N,N,Resistant
WGS,DHFR,S,P0010121_1611.WGS,N,N,Resistant
WGS,DHFR,S,P0010126_1611.WGS,X,X,Unknown
WGS,DHFR,S,P0010127_1610.WGS,N,N,Resistant
WGS,DHFR,S,P0010137_1610.WGS,X,X,Unknown
WGS,DHFR,S,P0020206_1701.WGS,N,N,Resistant
WGS,DHFR,S,P0020206_1702.WGS,N,N,Resistant
WGS,DHFR,S,P0020206_1703.WGS,N,N,Resistant
WGS,DHFR,S,P0020206_1704.WGS,X,X,Unknown
WGS,DHFR,S,P0020206_1705.WGS,N,N,Resistant
WGS,DHFR,S,P0020213_1612.WGS,N,N,Resistant
WGS,DHFR,S,P0020213_1701.WGS,N,N,Resistant
WGS,DHFR,S,P0020213_1705.WGS,N,N,Resistant
WGS,DHFR,S,P0020215_1701.WGS,N,N,Resistant
WGS,DHFR,S,P0030304_1607.WGS,N,N,Resistant
WGS,DHFR,S,P0050504_1611.WGS,N,N,Resistant
WGS,DHFR,S,P0050514_1611.WGS,N,N,Resistant
WGS,DHFR,S,P0050519_1705.WGS,S,S,WT
WGS,DHFR,S,P0060609_1611.WGS,N,N,Resistant
WGS,DHFR,S,P0060616_1611.WGS,N,N,Resistant
WGS,DHFR,S,P0060620_1611.WGS,N,N,Resistant
WGS,DHFR,S,P0060622_1611.WGS,N,N,Resistant
WGS,DHFR,S,P0060623_1612.WGS,SN,N,Mixed
WGS,DHFR,S,P0060623_1702.WGS,N,N,Resistant
WGS,DHFR,S,P0060623_1703.WGS,N,N,Resistant
WGS,DHFR,S,P0060623_1704.WGS,N,N,Resistant
WGS,DHFR,S,P0060623_1705.WGS,N,N,Resistant
WGS,DHFR,S,P0070705_1611.WGS,N,N,Resistant
WGS,DHFR,S,P0070707_1610.WGS,X,X,Unknown
WGS,DHFR,S,P0070710_1607.WGS,N,N,Resistant
WGS,DHFR,S,P0070722_1612.WGS,N,N,Resistant
WGS,DHFR,S,P0070722_1701.WGS,N,N,Resistant
WGS,DHFR,S,P0070722_1702.WGS,N,N,Resistant
WGS,DHFR,S,P0080805_1612.WGS,N,N,Resistant
WGS,DHFR,S,P0080805_1705.WGS,N,N,Resistant
WGS,DHFR,S,P0080836_1612.WGS,N,N,Resistant
WGS,DHFR,S,P0080836_1701.WGS,N,N,Resistant
WGS,DHFR,S,P0080840_1611.WGS,X,X,Unknown
WGS,DHFR,S,P0080842_1612.WGS,N,N,Resistant
WGS,DHFR,S,P0080842_1703.WGS,N,N,Resistant
WGS,DHFR,S,P0080842_1704.WGS,N,N,Resistant
WGS,DHFR,S,P0080842_1705.WGS,N,N,Resistant
WGS,DHFR,S,P0080843_1611.WGS,N,N,Resistant
WGS,DHFR,S,P0080854_1611.WGS,N,N,Resistant
WGS,DHFR,S,P0080857_1702.WGS,X,X,Unknown
WGS,DHFR,S,P0080880_1612.WGS,N,N,Resistant
WGS,DHFR,S,P0111104_1611.WGS,N,N,Resistant
WGS,DHFR,S,P0111105_1701.WGS,X,X,Unknown
WGS,DHFR,S,P0111106_1611.WGS,N,N,Resistant
WGS,DHFR,S,P0121204_1703.WGS,N,N,Resistant
WGS,DHFR,S,P0121204_1704.WGS,N,N,Resistant
WGS,DHFR,S,P0121204_1705.WGS,N,N,Resistant
WGS,DHPS,A,J0010103_1412.WGS,G,G,Resistant
WGS,DHPS,A,J0020302_1506.WGS,G,G,Resistant
WGS,DHPS,A,J0030406_1701.WGS,G,G,Resistant
WGS,DHPS,A,J0030406_1702.WGS,G,G,Resistant
WGS,DHPS,A,J0030406_1705.WGS,G,G,Resistant
WGS,DHPS,A,J0030409_1610.WGS,G,G,Resistant
WGS,DHPS,A,J0050605_1412.WGS,X,X,Unknown
WGS,DHPS,A,J0050607_1412.WGS,G,G,Resistant
WGS,DHPS,A,J0050607_1611.WGS,G,G,Resistant
WGS,DHPS,A,J0050611_1611.WGS,G,G,Resistant
WGS,DHPS,A,J0050617_1611.WGS,A,A,WT
WGS,DHPS,A,J0060701_1511.WGS,A,A,WT
WGS,DHPS,A,J0070804_1610.WGS,G,G,Resistant
WGS,DHPS,A,J0101102_1412.WGS,X,X,Unknown
WGS,DHPS,A,J0101103_1701.WGS,G,G,Resistant
WGS,DHPS,A,J0101103_1702.WGS,G,G,Resistant
WGS,DHPS,A,J0101103_1703.WGS,G,G,Resistant
WGS,DHPS,A,J0111201_1412.WGS,G,G,Resistant
WGS,DHPS,A,J0111208_1610.WGS,G,G,Resistant
WGS,DHPS,A,J0131403_1511.WGS,A,A,WT
WGS,DHPS,A,J0131406_1512.WGS,G,G,Resistant
WGS,DHPS,A,J0141503_1511.WGS,G,G,Resistant
WGS,DHPS,A,J0151608_1701.WGS,G,G,Resistant
WGS,DHPS,A,J0151612_1511.WGS,GA,G,Mixed
WGS,DHPS,A,J0171802_1611.WGS,A,A,WT
WGS,DHPS,A,J0171804_1610.WGS,G,G,Resistant
WGS,DHPS,A,J0171805_1611.WGS,G,G,Resistant
WGS,DHPS,A,J0171806_1511.WGS,G,G,Resistant
WGS,DHPS,A,J0181911_1611.WGS,G,G,Resistant
WGS,DHPS,A,J0242509_1611.WGS,G,G,Resistant
WGS,DHPS,A,J0242517_1611.WGS,G,G,Resistant
WGS,DHPS,A,J0262707_1412.WGS,A,A,WT
WGS,DHPS,A,J0262723_1511.WGS,G,G,Resistant
WGS,DHPS,A,J0262731_1412.WGS,A,A,WT
WGS,DHPS,A,J0272803_1512.WGS,G,G,Resistant
WGS,DHPS,A,J0272804_1511.WGS,A,A,WT
WGS,DHPS,A,J0272809_1611.WGS,G,G,Resistant
WGS,DHPS,A,J0272809_1612.WGS,G,G,Resistant
WGS,DHPS,A,J0272812_1611.WGS,G,G,Resistant
WGS,DHPS,A,J0272813_1610.WGS,G,G,Resistant
WGS,DHPS,A,J0272813_1611.WGS,G,G,Resistant
WGS,DHPS,A,J0272813_1612.WGS,G,G,Resistant
WGS,DHPS,A,J0272813_1701.WGS,G,G,Resistant
WGS,DHPS,A,J0272813_1702.WGS,G,G,Resistant
WGS,DHPS,A,J0272813_1703.WGS,G,G,Resistant
WGS,DHPS,A,J0272813_1705.WGS,G,G,Resistant
WGS,DHPS,A,J0272815_1611.WGS,G,G,Resistant
WGS,DHPS,A,J0272815_1701.WGS,G,G,Resistant
WGS,DHPS,A,J0272815_1702.WGS,G,G,Resistant
WGS,DHPS,A,J0272815_1703.WGS,G,G,Resistant
WGS,DHPS,A,J0282915_1511.WGS,X,X,Unknown
WGS,DHPS,A,J0282916_1701.WGS,GA,G,Mixed
WGS,DHPS,A,J0282916_1702.WGS,A,A,WT
WGS,DHPS,A,J0282916_1703.WGS,G,G,Resistant
WGS,DHPS,A,J0282916_1705.WGS,X,X,Unknown
WGS,DHPS,A,K0010101_1611.WGS,G,G,Resistant
WGS,DHPS,A,K0010105_1506.WGS,G,G,Resistant
WGS,DHPS,A,K0022008_1512.WGS,A,A,WT
WGS,DHPS,A,K0030301_1504.WGS,A,A,WT
WGS,DHPS,A,K0030302_1512.WGS,A,A,WT
WGS,DHPS,A,K0030302_1610.WGS,G,G,Resistant
WGS,DHPS,A,K0030302_1611.WGS,GA,G,Mixed
WGS,DHPS,A,K0030303_1512.WGS,GA,G,Mixed
WGS,DHPS,A,K0030303_1605.WGS,A,A,WT
WGS,DHPS,A,K0030303_1612.WGS,G,G,Resistant
WGS,DHPS,A,K0050502_1512.WGS,X,X,Unknown
WGS,DHPS,A,K0050512_1611.WGS,A,A,WT
WGS,DHPS,A,K0060617_1512.WGS,A,A,WT
WGS,DHPS,A,K0060617_1603.WGS,X,X,Unknown
WGS,DHPS,A,K0070714_1611.WGS,A,A,WT
WGS,DHPS,A,K0080809_1702.WGS,X,X,Unknown
WGS,DHPS,A,K0090903_1512.WGS,G,G,Resistant
WGS,DHPS,A,K0090903_1605.WGS,G,G,Resistant
WGS,DHPS,A,K0101005_1512.WGS,A,A,WT
WGS,DHPS,A,K0101005_1701.WGS,X,X,Unknown
WGS,DHPS,A,K0101007_1412.WGS,A,A,WT
WGS,DHPS,A,K0111111_1611.WGS,A,A,WT
WGS,DHPS,A,K0141403_1504.WGS,A,A,WT
WGS,DHPS,A,K0141403_1511.WGS,G,G,Resistant
WGS,DHPS,A,K0161621_1506.WGS,A,A,WT
WGS,DHPS,A,K0171716_1612.WGS,A,A,WT
WGS,DHPS,A,K0171716_1701.WGS,A,A,WT
WGS,DHPS,A,K0171716_1702.WGS,A,A,WT
WGS,DHPS,A,K0171716_1703.WGS,A,A,WT
WGS,DHPS,A,K0171722_1512.WGS,A,A,WT
WGS,DHPS,A,K0171728_1512.WGS,A,A,WT
WGS,DHPS,A,K0171732_1512.WGS,G,G,Resistant
WGS,DHPS,A,K0171738_1412.WGS,G,G,Resistant
WGS,DHPS,A,K0181809_1512.WGS,A,A,WT
WGS,DHPS,A,K0181810_1705.WGS,G,G,Resistant
WGS,DHPS,A,K0202002_1512.WGS,G,G,Resistant
WGS,DHPS,A,K0212102_1512.WGS,A,A,WT
WGS,DHPS,A,K0212110_1512.WGS,A,A,WT
WGS,DHPS,A,K0222208_1611.WGS,A,A,WT
WGS,DHPS,A,K0222213_1612.WGS,X,X,Unknown
WGS,DHPS,A,K0222213_1701.WGS,X,X,Unknown
WGS,DHPS,A,K0232412_1701.WGS,G,G,Resistant
WGS,DHPS,A,K0252713_1512.WGS,A,A,WT
WGS,DHPS,A,K0252717_1512.WGS,G,G,Resistant
WGS,DHPS,A,K0252808_1611.WGS,G,G,Resistant
WGS,DHPS,A,K0252808_1701.WGS,G,G,Resistant
WGS,DHPS,A,K0262902_1511.WGS,G,G,Resistant
WGS,DHPS,A,K0262913_1611.WGS,GA,G,Mixed
WGS,DHPS,A,K0262922_1612.WGS,G,G,Resistant
WGS,DHPS,A,K0262922_1702.WGS,G,G,Resistant
WGS,DHPS,A,K0262922_1704.WGS,G,G,Resistant
WGS,DHPS,A,K0262922_1705.WGS,G,G,Resistant
WGS,DHPS,A,K0262940_1511.WGS,A,A,WT
WGS,DHPS,A,K0262940_1512.WGS,A,A,WT
WGS,DHPS,A,K0262940_1704.WGS,A,A,WT
WGS,DHPS,A,K0263004_1511.WGS,G,G,Resistant
WGS,DHPS,A,K0263004_1512.WGS,G,G,Resistant
WGS,DHPS,A,K0263008_1612.WGS,A,A,WT
WGS,DHPS,A,K0263008_1701.WGS,X,X,Unknown
WGS,DHPS,A,K0263008_1704.WGS,A,A,WT
WGS,DHPS,A,K0263008_1705.WGS,A,A,WT
WGS,DHPS,A,K0283406_1512.WGS,GA,G,Mixed
WGS,DHPS,A,K0323702_1611.WGS,G,G,Resistant
WGS,DHPS,A,K0344032_1512.WGS,A,A,WT
WGS,DHPS,A,K0364311_1511.WGS,G,G,Resistant
WGS,DHPS,A,K0364314_1701.WGS,A,A,WT
WGS,DHPS,A,K0364319_1511.WGS,G,G,Resistant
WGS,DHPS,A,K0364319_1612.WGS,A,A,WT
WGS,DHPS,A,K0364324_1701.WGS,X,X,Unknown
WGS,DHPS,A,K0374406_1612.WGS,A,A,WT
WGS,DHPS,A,K0374406_1701.WGS,G,G,Resistant
WGS,DHPS,A,K0374408_1412.WGS,A,A,WT
WGS,DHPS,A,K0374413_1611.WGS,GA,G,Mixed
WGS,DHPS,A,K0374502_1412.WGS,A,A,WT
WGS,DHPS,A,K0374502_1612.WGS,A,A,WT
WGS,DHPS,A,K0384601_1702.WGS,G,G,Resistant
WGS,DHPS,A,K0384602_1512.WGS,A,A,WT
WGS,DHPS,A,K0384604_1511.WGS,X,X,Unknown
WGS,DHPS,A,K0384611_1702.WGS,A,A,WT
WGS,DHPS,A,K0384611_1705.WGS,X,X,Unknown
WGS,DHPS,A,K0394906_1611.WGS,G,G,Resistant
WGS,DHPS,A,K0394938_1611.WGS,G,G,Resistant
WGS,DHPS,A,K0405016_1611.WGS,G,G,Resistant
WGS,DHPS,A,K0415108_1701.WGS,X,X,Unknown
WGS,DHPS,A,K0415108_1702.WGS,X,X,Unknown
WGS,DHPS,A,K0425208_1512.WGS,G,G,Resistant
WGS,DHPS,A,N0050505_1610.WGS,X,X,Unknown
WGS,DHPS,A,N0131303_1701.WGS,G,G,Resistant
WGS,DHPS,A,N0131318_1611.WGS,A,A,WT
WGS,DHPS,A,N0131323_1610.WGS,G,G,Resistant
WGS,DHPS,A,N0141403_1612.WGS,G,G,Resistant
WGS,DHPS,A,P0010104_1611.WGS,A,A,WT
WGS,DHPS,A,P0010121_1611.WGS,X,X,Unknown
WGS,DHPS,A,P0010126_1611.WGS,G,G,Resistant
WGS,DHPS,A,P0010127_1610.WGS,A,A,WT
WGS,DHPS,A,P0010137_1610.WGS,X,X,Unknown
WGS,DHPS,A,P0020206_1701.WGS,G,G,Resistant
WGS,DHPS,A,P0020206_1702.WGS,A,A,WT
WGS,DHPS,A,P0020206_1703.WGS,A,A,WT
WGS,DHPS,A,P0020206_1704.WGS,A,A,WT
WGS,DHPS,A,P0020206_1705.WGS,A,A,WT
WGS,DHPS,A,P0020213_1612.WGS,G,G,Resistant
WGS,DHPS,A,P0020213_1701.WGS,G,G,Resistant
WGS,DHPS,A,P0020213_1705.WGS,G,G,Resistant
WGS,DHPS,A,P0020215_1701.WGS,A,A,WT
WGS,DHPS,A,P0030304_1607.WGS,G,G,Resistant
WGS,DHPS,A,P0050504_1611.WGS,G,G,Resistant
WGS,DHPS,A,P0050514_1611.WGS,A,A,WT
WGS,DHPS,A,P0050519_1705.WGS,A,A,WT
WGS,DHPS,A,P0060609_1611.WGS,A,A,WT
WGS,DHPS,A,P0060616_1611.WGS,G,G,Resistant
WGS,DHPS,A,P0060620_1611.WGS,GA,G,Mixed
WGS,DHPS,A,P0060622_1611.WGS,A,A,WT
WGS,DHPS,A,P0060623_1612.WGS,GA,G,Mixed
WGS,DHPS,A,P0060623_1702.WGS,A,A,WT
WGS,DHPS,A,P0060623_1703.WGS,A,A,WT
WGS,DHPS,A,P0060623_1704.WGS,A,A,WT
WGS,DHPS,A,P0060623_1705.WGS,A,A,WT
WGS,DHPS,A,P0070705_1611.WGS,A,A,WT
WGS,DHPS,A,P0070707_1610.WGS,X,X,Unknown
WGS,DHPS,A,P0070710_1607.WGS,A,A,WT
WGS,DHPS,A,P0070722_1612.WGS,G,G,Resistant
WGS,DHPS,A,P0070722_1701.WGS,G,G,Resistant
WGS,DHPS,A,P0070722_1702.WGS,G,G,Resistant
WGS,DHPS,A,P0080805_1612.WGS,G,G,Resistant
WGS,DHPS,A,P0080805_1705.WGS,G,G,Resistant
WGS,DHPS,A,P0080836_1612.WGS,G,G,Resistant
WGS,DHPS,A,P0080836_1701.WGS,G,G,Resistant
WGS,DHPS,A,P0080840_1611.WGS,X,X,Unknown
WGS,DHPS,A,P0080842_1612.WGS,G,G,Resistant
WGS,DHPS,A,P0080842_1703.WGS,GA,G,Mixed
WGS,DHPS,A,P0080842_1704.WGS,GA,G,Mixed
WGS,DHPS,A,P0080842_1705.WGS,G,G,Resistant
WGS,DHPS,A,P0080843_1611.WGS,A,A,WT
WGS,DHPS,A,P0080854_1611.WGS,G,G,Resistant
WGS,DHPS,A,P0080857_1702.WGS,G,G,Resistant
WGS,DHPS,A,P0080880_1612.WGS,A,A,WT
WGS,DHPS,A,P0111104_1611.WGS,A,A,WT
WGS,DHPS,A,P0111105_1701.WGS,X,X,Unknown
WGS,DHPS,A,P0111106_1611.WGS,A,A,WT
WGS,DHPS,A,P0121204_1703.WGS,G,G,Resistant
WGS,DHPS,A,P0121204_1704.WGS,G,G,Resistant
WGS,DHPS,A,P0121204_1705.WGS,G,G,Resistant
WGS,K13,C,J0010103_1412.WGS,C,C,WT
WGS,K13,C,J0020302_1506.WGS,C,C,WT
WGS,K13,C,J0030406_1701.WGS,C,C,WT
WGS,K13,C,J0030406_1702.WGS,C,C,WT
WGS,K13,C,J0030406_1705.WGS,C,C,WT
WGS,K13,C,J0030409_1610.WGS,C,C,WT
WGS,K13,C,J0050605_1412.WGS,X,X,Unknown
WGS,K13,C,J0050607_1412.WGS,C,C,WT
WGS,K13,C,J0050607_1611.WGS,X,X,Unknown
WGS,K13,C,J0050611_1611.WGS,C,C,WT
WGS,K13,C,J0050617_1611.WGS,C,C,WT
WGS,K13,C,J0060701_1511.WGS,C,C,WT
WGS,K13,C,J0070804_1610.WGS,X,X,Unknown
WGS,K13,C,J0101102_1412.WGS,X,X,Unknown
WGS,K13,C,J0101103_1701.WGS,C,C,WT
WGS,K13,C,J0101103_1702.WGS,C,C,WT
WGS,K13,C,J0101103_1703.WGS,X,X,Unknown
WGS,K13,C,J0111201_1412.WGS,X,X,Unknown
WGS,K13,C,J0111208_1610.WGS,C,C,WT
WGS,K13,C,J0131403_1511.WGS,C,C,WT
WGS,K13,C,J0131406_1512.WGS,C,C,WT
WGS,K13,C,J0141503_1511.WGS,C,C,WT
WGS,K13,C,J0151608_1701.WGS,C,C,WT
WGS,K13,C,J0151612_1511.WGS,C,C,WT
WGS,K13,C,J0171802_1611.WGS,C,C,WT
WGS,K13,C,J0171804_1610.WGS,C,C,WT
WGS,K13,C,J0171805_1611.WGS,C,C,WT
WGS,K13,C,J0171806_1511.WGS,C,C,WT
WGS,K13,C,J0181911_1611.WGS,C,C,WT
WGS,K13,C,J0242509_1611.WGS,C,C,WT
WGS,K13,C,J0242517_1611.WGS,X,X,Unknown
WGS,K13,C,J0262707_1412.WGS,C,C,WT
WGS,K13,C,J0262723_1511.WGS,C,C,WT
WGS,K13,C,J0262731_1412.WGS,C,C,WT
WGS,K13,C,J0272803_1512.WGS,C,C,WT
WGS,K13,C,J0272804_1511.WGS,C,C,WT
WGS,K13,C,J0272809_1611.WGS,X,X,Unknown
WGS,K13,C,J0272809_1612.WGS,C,C,WT
WGS,K13,C,J0272812_1611.WGS,C,C,WT
WGS,K13,C,J0272813_1610.WGS,C,C,WT
WGS,K13,C,J0272813_1611.WGS,C,C,WT
WGS,K13,C,J0272813_1612.WGS,C,C,WT
WGS,K13,C,J0272813_1701.WGS,C,C,WT
WGS,K13,C,J0272813_1702.WGS,C,C,WT
WGS,K13,C,J0272813_1703.WGS,C,C,WT
WGS,K13,C,J0272813_1705.WGS,C,C,WT
WGS,K13,C,J0272815_1611.WGS,C,C,WT
WGS,K13,C,J0272815_1701.WGS,C,C,WT
WGS,K13,C,J0272815_1702.WGS,C,C,WT
WGS,K13,C,J0272815_1703.WGS,C,C,WT
WGS,K13,C,J0282915_1511.WGS,C,C,WT
WGS,K13,C,J0282916_1701.WGS,C,C,WT
WGS,K13,C,J0282916_1702.WGS,C,C,WT
WGS,K13,C,J0282916_1703.WGS,C,C,WT
WGS,K13,C,J0282916_1705.WGS,X,X,Unknown
WGS,K13,C,K0010101_1611.WGS,C,C,WT
WGS,K13,C,K0010105_1506.WGS,C,C,WT
WGS,K13,C,K0022008_1512.WGS,C,C,WT
WGS,K13,C,K0030301_1504.WGS,X,X,Unknown
WGS,K13,C,K0030302_1512.WGS,C,C,WT
WGS,K13,C,K0030302_1610.WGS,C,C,WT
WGS,K13,C,K0030302_1611.WGS,C,C,WT
WGS,K13,C,K0030303_1512.WGS,C,C,WT
WGS,K13,C,K0030303_1605.WGS,C,C,WT
WGS,K13,C,K0030303_1612.WGS,C,C,WT
WGS,K13,C,K0050502_1512.WGS,X,X,Unknown
WGS,K13,C,K0050512_1611.WGS,C,C,WT
WGS,K13,C,K0060617_1512.WGS,C,C,WT
WGS,K13,C,K0060617_1603.WGS,X,X,Unknown
WGS,K13,C,K0070714_1611.WGS,C,C,WT
WGS,K13,C,K0080809_1702.WGS,C,C,WT
WGS,K13,C,K0090903_1512.WGS,C,C,WT
WGS,K13,C,K0090903_1605.WGS,C,C,WT
WGS,K13,C,K0101005_1512.WGS,C,C,WT
WGS,K13,C,K0101005_1701.WGS,X,X,Unknown
WGS,K13,C,K0101007_1412.WGS,C,C,WT
WGS,K13,C,K0111111_1611.WGS,C,C,WT
WGS,K13,C,K0141403_1504.WGS,C,C,WT
WGS,K13,C,K0141403_1511.WGS,X,X,Unknown
WGS,K13,C,K0161621_1506.WGS,X,X,Unknown
WGS,K13,C,K0171716_1612.WGS,C,C,WT
WGS,K13,C,K0171716_1701.WGS,C,C,WT
WGS,K13,C,K0171716_1702.WGS,X,X,Unknown
WGS,K13,C,K0171716_1703.WGS,X,X,Unknown
WGS,K13,C,K0171722_1512.WGS,C,C,WT
WGS,K13,C,K0171728_1512.WGS,C,C,WT
WGS,K13,C,K0171732_1512.WGS,C,C,WT
WGS,K13,C,K0171738_1412.WGS,C,C,WT
WGS,K13,C,K0181809_1512.WGS,C,C,WT
WGS,K13,C,K0181810_1705.WGS,C,C,WT
WGS,K13,C,K0202002_1512.WGS,C,C,WT
WGS,K13,C,K0212102_1512.WGS,X,X,Unknown
WGS,K13,C,K0212110_1512.WGS,C,C,WT
WGS,K13,C,K0222208_1611.WGS,C,C,WT
WGS,K13,C,K0222213_1612.WGS,X,X,Unknown
WGS,K13,C,K0222213_1701.WGS,X,X,Unknown
WGS,K13,C,K0232412_1701.WGS,X,X,Unknown
WGS,K13,C,K0252713_1512.WGS,C,C,WT
WGS,K13,C,K0252717_1512.WGS,C,C,WT
WGS,K13,C,K0252808_1611.WGS,C,C,WT
WGS,K13,C,K0252808_1701.WGS,C,C,WT
WGS,K13,C,K0262902_1511.WGS,C,C,WT
WGS,K13,C,K0262913_1611.WGS,X,X,Unknown
WGS,K13,C,K0262922_1612.WGS,C,C,WT
WGS,K13,C,K0262922_1702.WGS,X,X,Unknown
WGS,K13,C,K0262922_1704.WGS,C,C,WT
WGS,K13,C,K0262922_1705.WGS,C,C,WT
WGS,K13,C,K0262940_1511.WGS,C,C,WT
WGS,K13,C,K0262940_1512.WGS,C,C,WT
WGS,K13,C,K0262940_1704.WGS,X,X,Unknown
WGS,K13,C,K0263004_1511.WGS,C,C,WT
WGS,K13,C,K0263004_1512.WGS,C,C,WT
WGS,K13,C,K0263008_1612.WGS,C,C,WT
WGS,K13,C,K0263008_1701.WGS,C,C,WT
WGS,K13,C,K0263008_1704.WGS,C,C,WT
WGS,K13,C,K0263008_1705.WGS,X,X,Unknown
WGS,K13,C,K0283406_1512.WGS,C,C,WT
WGS,K13,C,K0323702_1611.WGS,C,C,WT
WGS,K13,C,K0344032_1512.WGS,C,C,WT
WGS,K13,C,K0364311_1511.WGS,C,C,WT
WGS,K13,C,K0364314_1701.WGS,C,C,WT
WGS,K13,C,K0364319_1511.WGS,C,C,WT
WGS,K13,C,K0364319_1612.WGS,C,C,WT
WGS,K13,C,K0364324_1701.WGS,X,X,Unknown
WGS,K13,C,K0374406_1612.WGS,X,X,Unknown
WGS,K13,C,K0374406_1701.WGS,C,C,WT
WGS,K13,C,K0374408_1412.WGS,C,C,WT
WGS,K13,C,K0374413_1611.WGS,C,C,WT
WGS,K13,C,K0374502_1412.WGS,C,C,WT
WGS,K13,C,K0374502_1612.WGS,X,X,Unknown
WGS,K13,C,K0384601_1702.WGS,X,X,Unknown
WGS,K13,C,K0384602_1512.WGS,C,C,WT
WGS,K13,C,K0384604_1511.WGS,X,X,Unknown
WGS,K13,C,K0384611_1702.WGS,C,C,WT
WGS,K13,C,K0384611_1705.WGS,X,X,Unknown
WGS,K13,C,K0394906_1611.WGS,C,C,WT
WGS,K13,C,K0394938_1611.WGS,C,C,WT
WGS,K13,C,K0405016_1611.WGS,C,C,WT
WGS,K13,C,K0415108_1701.WGS,X,X,Unknown
WGS,K13,C,K0415108_1702.WGS,X,X,Unknown
WGS,K13,C,K0425208_1512.WGS,C,C,WT
WGS,K13,C,N0050505_1610.WGS,C,C,WT
WGS,K13,C,N0131303_1701.WGS,C,C,WT
WGS,K13,C,N0131318_1611.WGS,C,C,WT
WGS,K13,C,N0131323_1610.WGS,X,X,Unknown
WGS,K13,C,N0141403_1612.WGS,C,C,WT
WGS,K13,C,P0010104_1611.WGS,C,C,WT
WGS,K13,C,P0010121_1611.WGS,X,X,Unknown
WGS,K13,C,P0010126_1611.WGS,X,X,Unknown
WGS,K13,C,P0010127_1610.WGS,X,X,Unknown
WGS,K13,C,P0010137_1610.WGS,C,C,WT
WGS,K13,C,P0020206_1701.WGS,C,C,WT
WGS,K13,C,P0020206_1702.WGS,C,C,WT
WGS,K13,C,P0020206_1703.WGS,C,C,WT
WGS,K13,C,P0020206_1704.WGS,C,C,WT
WGS,K13,C,P0020206_1705.WGS,C,C,WT
WGS,K13,C,P0020213_1612.WGS,C,C,WT
WGS,K13,C,P0020213_1701.WGS,C,C,WT
WGS,K13,C,P0020213_1705.WGS,C,C,WT
WGS,K13,C,P0020215_1701.WGS,C,C,WT
WGS,K13,C,P0030304_1607.WGS,X,X,Unknown
WGS,K13,C,P0050504_1611.WGS,C,C,WT
WGS,K13,C,P0050514_1611.WGS,C,C,WT
WGS,K13,C,P0050519_1705.WGS,C,C,WT
WGS,K13,C,P0060609_1611.WGS,C,C,WT
WGS,K13,C,P0060616_1611.WGS,C,C,WT
WGS,K13,C,P0060620_1611.WGS,C,C,WT
WGS,K13,C,P0060622_1611.WGS,C,C,WT
WGS,K13,C,P0060623_1612.WGS,C,C,WT
WGS,K13,C,P0060623_1702.WGS,C,C,WT
WGS,K13,C,P0060623_1703.WGS,C,C,WT
WGS,K13,C,P0060623_1704.WGS,C,C,WT
WGS,K13,C,P0060623_1705.WGS,C,C,WT
WGS,K13,C,P0070705_1611.WGS,C,C,WT
WGS,K13,C,P0070707_1610.WGS,X,X,Unknown
WGS,K13,C,P0070710_1607.WGS,C,C,WT
WGS,K13,C,P0070722_1612.WGS,C,C,WT
WGS,K13,C,P0070722_1701.WGS,C,C,WT
WGS,K13,C,P0070722_1702.WGS,C,C,WT
WGS,K13,C,P0080805_1612.WGS,C,C,WT
WGS,K13,C,P0080805_1705.WGS,C,C,WT
WGS,K13,C,P0080836_1612.WGS,C,C,WT
WGS,K13,C,P0080836_1701.WGS,C,C,WT
WGS,K13,C,P0080840_1611.WGS,X,X,Unknown
WGS,K13,C,P0080842_1612.WGS,C,C,WT
WGS,K13,C,P0080842_1703.WGS,C,C,WT
WGS,K13,C,P0080842_1704.WGS,C,C,WT
WGS,K13,C,P0080842_1705.WGS,C,C,WT
WGS,K13,C,P0080843_1611.WGS,C,C,WT
WGS,K13,C,P0080854_1611.WGS,C,C,WT
WGS,K13,C,P0080857_1702.WGS,C,C,WT
WGS,K13,C,P0080880_1612.WGS,C,C,WT
WGS,K13,C,P0111104_1611.WGS,C,C,WT
WGS,K13,C,P0111105_1701.WGS,C,C,WT
WGS,K13,C,P0111106_1611.WGS,C,C,WT
WGS,K13,C,P0121204_1703.WGS,X,X,Unknown
WGS,K13,C,P0121204_1704.WGS,X,X,Unknown
WGS,K13,C,P0121204_1705.WGS,C,C,WT
WGS,MDR1,N,J0010103_1412.WGS,N,N,WT
WGS,MDR1,N,J0020302_1506.WGS,Y,Y,Resistant
WGS,MDR1,N,J0030406_1701.WGS,Y,Y,Resistant
WGS,MDR1,N,J0030406_1702.WGS,Y,Y,Resistant
WGS,MDR1,N,J0030406_1705.WGS,Y,Y,Resistant
WGS,MDR1,N,J0030409_1610.WGS,N,N,WT
WGS,MDR1,N,J0050605_1412.WGS,X,X,Unknown
WGS,MDR1,N,J0050607_1412.WGS,N,N,WT
WGS,MDR1,N,J0050607_1611.WGS,X,X,Unknown
WGS,MDR1,N,J0050611_1611.WGS,Y,Y,Resistant
WGS,MDR1,N,J0050617_1611.WGS,N,N,WT
WGS,MDR1,N,J0060701_1511.WGS,N,N,WT
WGS,MDR1,N,J0070804_1610.WGS,N,N,WT
WGS,MDR1,N,J0101102_1412.WGS,N,N,WT
WGS,MDR1,N,J0101103_1701.WGS,N,N,WT
WGS,MDR1,N,J0101103_1702.WGS,N,N,WT
WGS,MDR1,N,J0101103_1703.WGS,X,X,Unknown
WGS,MDR1,N,J0111201_1412.WGS,X,X,Unknown
WGS,MDR1,N,J0111208_1610.WGS,Y,Y,Resistant
WGS,MDR1,N,J0131403_1511.WGS,N,N,WT
WGS,MDR1,N,J0131406_1512.WGS,N,N,WT
WGS,MDR1,N,J0141503_1511.WGS,Y,Y,Resistant
WGS,MDR1,N,J0151608_1701.WGS,Y,Y,Resistant
WGS,MDR1,N,J0151612_1511.WGS,N,N,WT
WGS,MDR1,N,J0171802_1611.WGS,N,N,WT
WGS,MDR1,N,J0171804_1610.WGS,X,X,Unknown
WGS,MDR1,N,J0171805_1611.WGS,N,N,WT
WGS,MDR1,N,J0171806_1511.WGS,N,N,WT
WGS,MDR1,N,J0181911_1611.WGS,Y,Y,Resistant
WGS,MDR1,N,J0242509_1611.WGS,N,N,WT
WGS,MDR1,N,J0242517_1611.WGS,X,X,Unknown
WGS,MDR1,N,J0262707_1412.WGS,N,N,WT
WGS,MDR1,N,J0262723_1511.WGS,N,N,WT
WGS,MDR1,N,J0262731_1412.WGS,N,N,WT
WGS,MDR1,N,J0272803_1512.WGS,NY,Y,Mixed
WGS,MDR1,N,J0272804_1511.WGS,N,N,WT
WGS,MDR1,N,J0272809_1611.WGS,N,N,WT
WGS,MDR1,N,J0272809_1612.WGS,N,N,WT
WGS,MDR1,N,J0272812_1611.WGS,N,N,WT
WGS,MDR1,N,J0272813_1610.WGS,X,X,Unknown
WGS,MDR1,N,J0272813_1611.WGS,N,N,WT
WGS,MDR1,N,J0272813_1612.WGS,N,N,WT
WGS,MDR1,N,J0272813_1701.WGS,N,N,WT
WGS,MDR1,N,J0272813_1702.WGS,N,N,WT
WGS,MDR1,N,J0272813_1703.WGS,N,N,WT
WGS,MDR1,N,J0272813_1705.WGS,N,N,WT
WGS,MDR1,N,J0272815_1611.WGS,N,N,WT
WGS,MDR1,N,J0272815_1701.WGS,N,N,WT
WGS,MDR1,N,J0272815_1702.WGS,N,N,WT
WGS,MDR1,N,J0272815_1703.WGS,N,N,WT
WGS,MDR1,N,J0282915_1511.WGS,X,X,Unknown
WGS,MDR1,N,J0282916_1701.WGS,NY,Y,Mixed
WGS,MDR1,N,J0282916_1702.WGS,Y,Y,Resistant
WGS,MDR1,N,J0282916_1703.WGS,X,X,Unknown
WGS,MDR1,N,J0282916_1705.WGS,X,X,Unknown
WGS,MDR1,N,K0010101_1611.WGS,N,N,WT
WGS,MDR1,N,K0010105_1506.WGS,N,N,WT
WGS,MDR1,N,K0022008_1512.WGS,N,N,WT
WGS,MDR1,N,K0030301_1504.WGS,X,X,Unknown
WGS,MDR1,N,K0030302_1512.WGS,N,N,WT
WGS,MDR1,N,K0030302_1610.WGS,N,N,WT
WGS,MDR1,N,K0030302_1611.WGS,N,N,WT
WGS,MDR1,N,K0030303_1512.WGS,N,N,WT
WGS,MDR1,N,K0030303_1605.WGS,N,N,WT
WGS,MDR1,N,K0030303_1612.WGS,N,N,WT
WGS,MDR1,N,K0050502_1512.WGS,X,X,Unknown
WGS,MDR1,N,K0050512_1611.WGS,N,N,WT
WGS,MDR1,N,K0060617_1512.WGS,N,N,WT
WGS,MDR1,N,K0060617_1603.WGS,N,N,WT
WGS,MDR1,N,K0070714_1611.WGS,N,N,WT
WGS,MDR1,N,K0080809_1702.WGS,X,X,Unknown
WGS,MDR1,N,K0090903_1512.WGS,N,N,WT
WGS,MDR1,N,K0090903_1605.WGS,N,N,WT
WGS,MDR1,N,K0101005_1512.WGS,N,N,WT
WGS,MDR1,N,K0101005_1701.WGS,X,X,Unknown
WGS,MDR1,N,K0101007_1412.WGS,N,N,WT
WGS,MDR1,N,K0111111_1611.WGS,N,N,WT
WGS,MDR1,N,K0141403_1504.WGS,N,N,WT
WGS,MDR1,N,K0141403_1511.WGS,X,X,Unknown
WGS,MDR1,N,K0161621_1506.WGS,X,X,Unknown
WGS,MDR1,N,K0171716_1612.WGS,N,N,WT
WGS,MDR1,N,K0171716_1701.WGS,N,N,WT
WGS,MDR1,N,K0171716_1702.WGS,N,N,WT
WGS,MDR1,N,K0171716_1703.WGS,X,X,Unknown
WGS,MDR1,N,K0171722_1512.WGS,N,N,WT
WGS,MDR1,N,K0171728_1512.WGS,N,N,WT
WGS,MDR1,N,K0171732_1512.WGS,Y,Y,Resistant
WGS,MDR1,N,K0171738_1412.WGS,N,N,WT
WGS,MDR1,N,K0181809_1512.WGS,N,N,WT
WGS,MDR1,N,K0181810_1705.WGS,X,X,Unknown
WGS,MDR1,N,K0202002_1512.WGS,N,N,WT
WGS,MDR1,N,K0212102_1512.WGS,X,X,Unknown
WGS,MDR1,N,K0212110_1512.WGS,N,N,WT
WGS,MDR1,N,K0222208_1611.WGS,Y,Y,Resistant
WGS,MDR1,N,K0222213_1612.WGS,N,N,WT
WGS,MDR1,N,K0222213_1701.WGS,N,N,WT
WGS,MDR1,N,K0232412_1701.WGS,X,X,Unknown
WGS,MDR1,N,K0252713_1512.WGS,N,N,WT
WGS,MDR1,N,K0252717_1512.WGS,Y,Y,Resistant
WGS,MDR1,N,K0252808_1611.WGS,X,X,Unknown
WGS,MDR1,N,K0252808_1701.WGS,N,N,WT
WGS,MDR1,N,K0262902_1511.WGS,N,N,WT
WGS,MDR1,N,K0262913_1611.WGS,X,X,Unknown
WGS,MDR1,N,K0262922_1612.WGS,N,N,WT
WGS,MDR1,N,K0262922_1702.WGS,X,X,Unknown
WGS,MDR1,N,K0262922_1704.WGS,N,N,WT
WGS,MDR1,N,K0262922_1705.WGS,N,N,WT
WGS,MDR1,N,K0262940_1511.WGS,Y,Y,Resistant
WGS,MDR1,N,K0262940_1512.WGS,Y,Y,Resistant
WGS,MDR1,N,K0262940_1704.WGS,X,X,Unknown
WGS,MDR1,N,K0263004_1511.WGS,N,N,WT
WGS,MDR1,N,K0263004_1512.WGS,N,N,WT
WGS,MDR1,N,K0263008_1612.WGS,X,X,Unknown
WGS,MDR1,N,K0263008_1701.WGS,N,N,WT
WGS,MDR1,N,K0263008_1704.WGS,N,N,WT
WGS,MDR1,N,K0263008_1705.WGS,X,X,Unknown
WGS,MDR1,N,K0283406_1512.WGS,N,N,WT
WGS,MDR1,N,K0323702_1611.WGS,N,N,WT
WGS,MDR1,N,K0344032_1512.WGS,N,N,WT
WGS,MDR1,N,K0364311_1511.WGS,N,N,WT
WGS,MDR1,N,K0364314_1701.WGS,N,N,WT
WGS,MDR1,N,K0364319_1511.WGS,N,N,WT
WGS,MDR1,N,K0364319_1612.WGS,N,N,WT
WGS,MDR1,N,K0364324_1701.WGS,N,N,WT
WGS,MDR1,N,K0374406_1612.WGS,X,X,Unknown
WGS,MDR1,N,K0374406_1701.WGS,X,X,Unknown
WGS,MDR1,N,K0374408_1412.WGS,N,N,WT
WGS,MDR1,N,K0374413_1611.WGS,N,N,WT
WGS,MDR1,N,K0374502_1412.WGS,N,N,WT
WGS,MDR1,N,K0374502_1612.WGS,X,X,Unknown
WGS,MDR1,N,K0384601_1702.WGS,X,X,Unknown
WGS,MDR1,N,K0384602_1512.WGS,N,N,WT
WGS,MDR1,N,K0384604_1511.WGS,N,N,WT
WGS,MDR1,N,K0384611_1702.WGS,Y,Y,Resistant
WGS,MDR1,N,K0384611_1705.WGS,X,X,Unknown
WGS,MDR1,N,K0394906_1611.WGS,N,N,WT
WGS,MDR1,N,K0394938_1611.WGS,N,N,WT
WGS,MDR1,N,K0405016_1611.WGS,N,N,WT
WGS,MDR1,N,K0415108_1701.WGS,X,X,Unknown
WGS,MDR1,N,K0415108_1702.WGS,X,X,Unknown
WGS,MDR1,N,K0425208_1512.WGS,Y,Y,Resistant
WGS,MDR1,N,N0050505_1610.WGS,X,X,Unknown
WGS,MDR1,N,N0131303_1701.WGS,N,N,WT
WGS,MDR1,N,N0131318_1611.WGS,N,N,WT
WGS,MDR1,N,N0131323_1610.WGS,N,N,WT
WGS,MDR1,N,N0141403_1612.WGS,X,X,Unknown
WGS,MDR1,N,P0010104_1611.WGS,N,N,WT
WGS,MDR1,N,P0010121_1611.WGS,X,X,Unknown
WGS,MDR1,N,P0010126_1611.WGS,X,X,Unknown
WGS,MDR1,N,P0010127_1610.WGS,N,N,WT
WGS,MDR1,N,P0010137_1610.WGS,X,X,Unknown
WGS,MDR1,N,P0020206_1701.WGS,N,N,WT
WGS,MDR1,N,P0020206_1702.WGS,N,N,WT
WGS,MDR1,N,P0020206_1703.WGS,N,N,WT
WGS,MDR1,N,P0020206_1704.WGS,X,X,Unknown
WGS,MDR1,N,P0020206_1705.WGS,N,N,WT
WGS,MDR1,N,P0020213_1612.WGS,N,N,WT
WGS,MDR1,N,P0020213_1701.WGS,N,N,WT
WGS,MDR1,N,P0020213_1705.WGS,N,N,WT
WGS,MDR1,N,P0020215_1701.WGS,N,N,WT
WGS,MDR1,N,P0030304_1607.WGS,NY,Y,Mixed
WGS,MDR1,N,P0050504_1611.WGS,N,N,WT
WGS,MDR1,N,P0050514_1611.WGS,N,N,WT
WGS,MDR1,N,P0050519_1705.WGS,X,X,Unknown
WGS,MDR1,N,P0060609_1611.WGS,N,N,WT
WGS,MDR1,N,P0060616_1611.WGS,N,N,WT
WGS,MDR1,N,P0060620_1611.WGS,N,N,WT
WGS,MDR1,N,P0060622_1611.WGS,N,N,WT
WGS,MDR1,N,P0060623_1612.WGS,N,N,WT
WGS,MDR1,N,P0060623_1702.WGS,N,N,WT
WGS,MDR1,N,P0060623_1703.WGS,N,N,WT
WGS,MDR1,N,P0060623_1704.WGS,N,N,WT
WGS,MDR1,N,P0060623_1705.WGS,N,N,WT
WGS,MDR1,N,P0070705_1611.WGS,N,N,WT
WGS,MDR1,N,P0070707_1610.WGS,X,X,Unknown
WGS,MDR1,N,P0070710_1607.WGS,N,N,WT
WGS,MDR1,N,P0070722_1612.WGS,N,N,WT
WGS,MDR1,N,P0070722_1701.WGS,N,N,WT
WGS,MDR1,N,P0070722_1702.WGS,N,N,WT
WGS,MDR1,N,P0080805_1612.WGS,N,N,WT
WGS,MDR1,N,P0080805_1705.WGS,N,N,WT
WGS,MDR1,N,P0080836_1612.WGS,N,N,WT
WGS,MDR1,N,P0080836_1701.WGS,N,N,WT
WGS,MDR1,N,P0080840_1611.WGS,X,X,Unknown
WGS,MDR1,N,P0080842_1612.WGS,N,N,WT
WGS,MDR1,N,P0080842_1703.WGS,X,X,Unknown
WGS,MDR1,N,P0080842_1704.WGS,N,N,WT
WGS,MDR1,N,P0080842_1705.WGS,N,N,WT
WGS,MDR1,N,P0080843_1611.WGS,N,N,WT
WGS,MDR1,N,P0080854_1611.WGS,N,N,WT
WGS,MDR1,N,P0080857_1702.WGS,X,X,Unknown
WGS,MDR1,N,P0080880_1612.WGS,X,X,Unknown
WGS,MDR1,N,P0111104_1611.WGS,N,N,WT
WGS,MDR1,N,P0111105_1701.WGS,X,X,Unknown
WGS,MDR1,N,P0111106_1611.WGS,N,N,WT
WGS,MDR1,N,P0121204_1703.WGS,X,X,Unknown
WGS,MDR1,N,P0121204_1704.WGS,X,X,Unknown
WGS,MDR1,N,P0121204_1705.WGS,X,X,Unknown
