Internal.Sample.ID,Pf3D7_04_v3.748410,Pf3D7_05_v3.958145,Pf3D7_05_v3.958146,Pf3D7_06_v3.1215233,Pf3D7_07_v3.403625,Pf3D7_08_v3.549685,Pf3D7_13_v3.1725258,Pf3D7_13_v3.1725259,Pf3D7_13_v3.1725260,Barcode,Study
REF,G,A,A,G,A,G,A,C,A,GAAGAGACA,BigWGS
ALT,A,C,T,T,A,C,C,C,G,T,A,G,T,C,G,T,A,CTTACCC,G,TA,G,TC,G,T,BigWGS
J0020311_1412,X,X,X,X,X,X,X,X,X,XXXXXXXXX,BigWGS
K0242518_1412,X,X,X,X,X,X,X,X,X,XXXXXXXXX,BigWGS
J0262707_1412,A,A,A,A,C,C,A,C,A,AAAACCACA,BigWGS
J0050605_1412,X,X,X,G,X,X,X,X,X,XXXGXXXXX,BigWGS
J0050607_1412,A,A,A,A,C,G,A,C,A,AAAACGACA,BigWGS
J0262731_1412,A,A,A,A,C,C,A,C,A,AAAACCACA,BigWGS
J0111201_1412,G,X,X,G,X,G,X,X,X,GXXGXGXXX,BigWGS
J0020316_1412,X,X,X,X,X,X,X,X,X,XXXXXXXXX,BigWGS
J0262732_1412,X,X,X,X,X,X,X,X,X,XXXXXXXXX,BigWGS
J0192001_1412,X,X,X,X,X,X,X,X,X,XXXXXXXXX,BigWGS
J0010103_1412,A,A,A,A,N,G,A,C,A,AAAANGACA,BigWGS
J0010125_1412,X,X,X,X,X,X,X,X,X,XXXXXXXXX,BigWGS
J0101102_1412,G,A,A,X,X,X,X,X,X,GAAXXXXXX,BigWGS
J0272805_1412,X,X,X,X,X,X,X,X,X,XXXXXXXXX,BigWGS
J0050619_1412,X,X,X,X,X,X,X,X,X,XXXXXXXXX,BigWGS
J0010113_1412,X,X,X,X,X,X,X,X,X,XXXXXXXXX,BigWGS
J0272803_1412,X,X,X,X,X,X,X,X,X,XXXXXXXXX,BigWGS
K0283320_1506,X,X,X,X,X,X,X,X,X,XXXXXXXXX,BigWGS
K0090901_1506,X,X,X,X,X,X,X,X,X,XXXXXXXXX,BigWGS
K0252715_1506,X,X,X,X,X,X,X,X,X,XXXXXXXXX,BigWGS
K0161601_1506,X,X,X,X,X,X,X,X,X,XXXXXXXXX,BigWGS
K0252805_1506,X,X,X,X,X,X,X,X,X,XXXXXXXXX,BigWGS
K0050504_1506,X,X,X,X,X,X,X,X,X,XXXXXXXXX,BigWGS
K0323717_1506,X,X,X,X,X,X,X,X,X,XXXXXXXXX,BigWGS
K0415107_1506,X,X,X,X,X,X,X,X,X,XXXXXXXXX,BigWGS
J0020208_1506,X,X,X,X,X,X,X,X,X,XXXXXXXXX,BigWGS
K0263001_1506,X,X,X,X,X,X,X,X,X,XXXXXXXXX,BigWGS
K0252706_1506,X,X,X,X,X,X,X,X,X,XXXXXXXXX,BigWGS
J0010118_1506,X,X,X,X,X,X,X,X,X,XXXXXXXXX,BigWGS
J0232404_1506,X,X,X,X,X,X,X,X,X,XXXXXXXXX,BigWGS
J0242505_1506,X,X,X,X,X,X,X,X,X,XXXXXXXXX,BigWGS
J0010121_1506,X,X,X,X,X,X,X,X,X,XXXXXXXXX,BigWGS
K0323713_1506,X,X,X,X,X,X,X,X,X,XXXXXXXXX,BigWGS
K0252612_1506,X,X,X,X,X,X,X,X,X,XXXXXXXXX,BigWGS
K0323714_1506,X,X,X,X,X,X,X,X,X,XXXXXXXXX,BigWGS
J0181908_1506,X,X,X,X,X,X,X,X,X,XXXXXXXXX,BigWGS
J0262707_1506,X,X,X,X,X,X,X,X,X,XXXXXXXXX,BigWGS
J0030407_1506,X,X,X,X,X,X,X,X,X,XXXXXXXXX,BigWGS
J0181910_1506,X,X,X,X,X,X,X,X,X,XXXXXXXXX,BigWGS
J0010107_1506,X,X,X,X,X,X,X,X,X,XXXXXXXXX,BigWGS
K0344103_1506,X,X,X,X,X,X,X,X,X,XXXXXXXXX,BigWGS
K0344109_1506,X,X,X,X,X,X,X,X,X,XXXXXXXXX,BigWGS
J0181902_1506,X,X,X,X,X,X,X,X,X,XXXXXXXXX,BigWGS
J0151604_1506,X,X,X,X,X,X,X,X,X,XXXXXXXXX,BigWGS
J0060703_1506,X,X,X,X,X,X,X,X,X,XXXXXXXXX,BigWGS
J0010119_1506,X,X,X,X,X,X,X,X,X,XXXXXXXXX,BigWGS
J0181906_1506,X,X,X,X,X,X,X,X,X,XXXXXXXXX,BigWGS
J0242512_1506,X,X,X,X,X,X,X,X,X,XXXXXXXXX,BigWGS
K0323705_1506,X,X,X,X,X,X,X,X,X,XXXXXXXXX,BigWGS
K0010105_1506,A,A,A,A,A,G,A,C,A,AAAAAGACA,BigWGS
K0374408_1506,X,X,X,X,X,X,X,X,X,XXXXXXXXX,BigWGS
J0171803_1506,X,X,X,X,X,X,X,X,X,XXXXXXXXX,BigWGS
K0020202_1506,X,X,X,X,X,X,X,X,X,XXXXXXXXX,BigWGS
J0272810_1506,X,X,X,X,X,X,X,X,X,XXXXXXXXX,BigWGS
J0020302_1506,A,T,A,G,C,G,A,C,A,ATAGCGACA,BigWGS
K0010102_1506,X,X,X,X,X,X,X,X,X,XXXXXXXXX,BigWGS
K0394923_1506,X,X,X,X,X,X,X,X,X,XXXXXXXXX,BigWGS
K0161621_1506,X,X,X,X,X,C,X,X,X,XXXXXCXXX,BigWGS
K0374408_1412,A,A,A,A,N,C,A,C,A,AAAANCACA,BigWGS
K0171738_1412,A,A,A,A,C,G,A,C,A,AAAACGACA,BigWGS
K0374502_1412,A,A,A,A,C,C,A,C,A,AAAACCACA,BigWGS
K0101007_1412,A,A,A,A,C,C,A,C,A,AAAACCACA,BigWGS
J0060701_1504,X,X,X,X,X,X,X,X,X,XXXXXXXXX,BigWGS
K0060610_1504,X,X,X,X,X,X,X,X,X,XXXXXXXXX,BigWGS
K0141403_1504,A,A,A,A,C,C,A,C,A,AAAACCACA,BigWGS
K0030301_1504,A,X,X,A,C,C,X,X,X,AXXACCXXX,BigWGS
K0222202_1504,X,X,X,X,X,X,X,X,X,XXXXXXXXX,BigWGS
K0020202_1504,X,X,X,X,X,X,X,X,X,XXXXXXXXX,BigWGS
K0262940_1512,A,T,A,A,C,C,A,C,A,ATAACCACA,BigWGS
K0141403_1512,X,X,X,X,X,X,X,X,X,XXXXXXXXX,BigWGS
K0090903_1512,A,A,A,A,A,G,A,C,A,AAAAAGACA,BigWGS
K0212110_1512,A,A,A,A,A,C,A,C,A,AAAAACACA,BigWGS
K0263004_1512,A,A,A,A,A,G,A,C,A,AAAAAGACA,BigWGS
K0202002_1512,G,A,A,A,C,G,A,C,A,GAAACGACA,BigWGS
K0252713_1512,A,A,A,A,C,C,A,C,A,AAAACCACA,BigWGS
K0283406_1512,A,A,A,A,C,N,A,C,A,AAAACNACA,BigWGS
K0344032_1512,A,A,A,G,A,C,A,C,A,AAAGACACA,BigWGS
K0171728_1512,A,A,A,A,A,C,A,C,A,AAAAACACA,BigWGS
K0171732_1512,A,T,A,A,C,G,A,C,A,ATAACGACA,BigWGS
K0022008_1512,A,A,A,A,C,C,A,C,A,AAAACCACA,BigWGS
K0212102_1512,X,X,X,A,X,C,X,X,X,XXXAXCXXX,BigWGS
K0425208_1512,A,T,A,A,C,G,A,C,A,ATAACGACA,BigWGS
K0050502_1512,X,X,X,X,C,X,X,X,X,XXXXCXXXX,BigWGS
K0030302_1512,A,A,A,A,C,C,A,C,A,AAAACCACA,BigWGS
K0181809_1512,G,A,A,A,A,C,A,C,A,GAAAACACA,BigWGS
K0171722_1512,A,A,A,G,C,C,A,C,A,AAAGCCACA,BigWGS
K0030303_1512,A,A,A,A,A,N,A,C,A,AAAAANACA,BigWGS
K0101005_1512,G,A,A,A,A,C,A,C,A,GAAAACACA,BigWGS
K0252717_1512,A,T,A,A,C,G,A,C,A,ATAACGACA,BigWGS
K0060617_1512,N1,2,A,A,N,A,C,A,C,A,N1,2AANACACA,BigWGS
J0272803_1512,A,N,A,A,C,G,A,C,A,ANAACGACA,BigWGS
J0131406_1512,A,A,A,G,A,G,A,C,A,AAAGAGACA,BigWGS
K0060617_1603,A,A,A,A,C,X,X,X,X,AAAACXXXX,BigWGS
K0090903_1605,A,A,A,A,A,G,A,C,A,AAAAAGACA,BigWGS
K0030303_1605,A,A,A,A,A,C,A,C,A,AAAAACACA,BigWGS
K0364311_1511,A,A,A,A,A,G,A,C,A,AAAAAGACA,BigWGS
K0263004_1511,A,A,A,A,A,G,A,C,A,AAAAAGACA,BigWGS
J0272804_1511,A,A,A,A,C,C,A,C,A,AAAACCACA,BigWGS
J0131403_1511,A,A,A,A,A,C,A,C,A,AAAAACACA,BigWGS
K0141403_1511,X,X,X,X,A,G,X,X,X,XXXXAGXXX,BigWGS
J0050605_1511,X,X,X,X,X,X,X,X,X,XXXXXXXXX,BigWGS
K0364319_1511,G,A,A,A,C,G,A,C,A,GAAACGACA,BigWGS
K0364309_1511,X,X,X,X,X,X,X,X,X,XXXXXXXXX,BigWGS
J0282915_1511,X,X,X,X,A,X,A,C,A,XXXXAXACA,BigWGS
K0384604_1511,X,A,A,G,A,X,X,X,X,XAAGAXXXX,BigWGS
K0364323_1511,X,X,X,X,X,X,X,X,X,XXXXXXXXX,BigWGS
K0252613_1511,X,X,X,X,X,X,X,X,X,XXXXXXXXX,BigWGS
K0262940_1511,A,T,A,A,C,C,A,C,A,ATAACCACA,BigWGS
K0191907_1511,X,X,X,X,X,X,X,X,X,XXXXXXXXX,BigWGS
K0425216_1511,X,X,X,X,X,X,X,X,X,XXXXXXXXX,BigWGS
J0232404_1511,X,X,X,X,X,X,X,X,X,XXXXXXXXX,BigWGS
J0141503_1511,A,T,A,A,C,G,A,C,A,ATAACGACA,BigWGS
J0060701_1511,A,A,A,A,C,C,A,C,A,AAAACCACA,BigWGS
J0171806_1511,A,A,A,A,C,G,A,C,A,AAAACGACA,BigWGS
J0020322_1511,X,X,X,X,X,X,X,X,X,XXXXXXXXX,BigWGS
J0262723_1511,A,A,A,A,A,G,A,C,A,AAAAAGACA,BigWGS
J0181910_1511,X,X,X,X,X,X,X,X,X,XXXXXXXXX,BigWGS
K0262902_1511,A,A,A,A,A,G,A,C,A,AAAAAGACA,BigWGS
J0151612_1511,A,A,A,A,N,N,A,C,A,AAAANNACA,BigWGS
K0384602_1512,A,A,A,A,A,C,A,C,A,AAAAACACA,BigWGS
J0030407_1512,X,X,X,X,X,X,X,X,X,XXXXXXXXX,BigWGS
K0030302_1610,A,A,A,A,C,G,A,C,A,AAAACGACA,BigWGS
J0030409_1610,A,A,A,A,C,G,A,C,A,AAAACGACA,BigWGS
J0050618_1610,X,X,X,X,X,X,X,X,X,XXXXXXXXX,BigWGS
J0272813_1610,X,X,X,A,X,G,A,C,A,XXXAXGACA,BigWGS
J0171804_1610,A,X,X,A,A,G,A,C,A,AXXAAGACA,BigWGS
J0111208_1610,A,T,A,A,C,G,A,C,A,ATAACGACA,BigWGS
J0070804_1610,X,A,A,A,A,G,X,X,X,XAAAAGXXX,BigWGS
P0010111_1610,X,X,X,X,X,X,X,X,X,XXXXXXXXX,BigWGS
P0070707_1610,X,X,X,X,A,X,X,X,X,XXXXAXXXX,BigWGS
P0010137_1610,X,X,X,X,X,X,A,C,A,XXXXXXACA,BigWGS
P0090904_1610,X,X,X,X,X,X,X,X,X,XXXXXXXXX,BigWGS
P0010127_1610,A,A,A,G,A,C,X,X,X,AAAGACXXX,BigWGS
P0010123_1610,X,X,X,X,X,X,X,X,X,XXXXXXXXX,BigWGS
N0131323_1610,A,A,A,A,C,G,X,X,X,AAAACGXXX,BigWGS
N0050505_1610,X,X,X,A,X,X,A,C,A,XXXAXXACA,BigWGS
N0131320_1610,X,X,X,X,X,X,X,X,X,XXXXXXXXX,BigWGS
K0252808_1611,X,X,X,G,A,G,A,C,A,XXXGAGACA,BigWGS
K0010101_1611,A,A,A,A,C,G,A,C,A,AAAACGACA,BigWGS
K0030302_1611,A,A,A,A,C,N,A,C,A,AAAACNACA,BigWGS
J0010117_1611,X,X,X,X,X,X,X,X,X,XXXXXXXXX,BigWGS
J0050607_1611,X,X,X,X,X,G,X,X,X,XXXXXGXXX,BigWGS
J0272809_1611,A,X,A,A,A,G,X,X,X,AXAAAGXXX,BigWGS
J0272813_1611,A,A,A,A,A,G,A,C,A,AAAAAGACA,BigWGS
J0272815_1611,A,A,A,A,A,G,A,C,A,AAAAAGACA,BigWGS
J0171803_1611,X,X,X,X,X,X,X,X,X,XXXXXXXXX,BigWGS
J0252610_1611,X,X,X,X,X,X,X,X,X,XXXXXXXXX,BigWGS
P0010126_1611,X,X,X,A,X,G,X,X,X,XXXAXGXXX,BigWGS
P0010121_1611,A,X,X,X,X,X,X,X,X,AXXXXXXXX,BigWGS
P0070711_1611,X,X,X,X,X,X,X,X,X,XXXXXXXXX,BigWGS
K0070709_1611,X,X,X,X,X,X,X,X,X,XXXXXXXXX,BigWGS
P0050505_1611,X,X,X,X,X,X,X,X,X,XXXXXXXXX,BigWGS
J0111208_1611,X,X,X,X,X,X,X,X,X,XXXXXXXXX,BigWGS
J0091005_1611,X,X,X,X,X,X,X,X,X,XXXXXXXXX,BigWGS
N0131310_1611,X,X,X,X,X,X,X,X,X,XXXXXXXXX,BigWGS
N0131318_1611,N1,2,A,A,A,A,C,A,C,A,N1,2AAAACACA,BigWGS
J0242517_1611,A,X,X,A,C,G,X,X,X,AXXACGXXX,BigWGS
P0080854_1611,A,A,A,A,C,G,A,C,A,AAAACGACA,BigWGS
P0080840_1611,X,X,X,A,C,X,X,X,X,XXXACXXXX,BigWGS
P0080843_1611,A,A,A,A,C,C,A,C,A,AAAACCACA,BigWGS
K0222208_1611,A,T,A,A,A,C,A,C,A,ATAAACACA,BigWGS
P0060609_1611,A,A,A,G,A,C,A,C,A,AAAGACACA,BigWGS
K0111111_1611,G,A,A,A,C,C,A,C,A,GAAACCACA,BigWGS
K0394906_1611,A,A,A,A,C,G,A,C,A,AAAACGACA,BigWGS
K0262913_1611,A,X,X,A,C,N,X,X,X,AXXACNXXX,BigWGS
K0050512_1611,A,A,A,G,C,C,A,C,A,AAAGCCACA,BigWGS
K0394938_1611,A,A,A,A,C,G,A,C,A,AAAACGACA,BigWGS
P0111104_1611,A,A,A,A,C,C,A,C,A,AAAACCACA,BigWGS
P0070705_1611,A,A,A,G,C,C,A,C,A,AAAGCCACA,BigWGS
J0050611_1611,A,T,A,A,C,G,A,C,A,ATAACGACA,BigWGS
P0050504_1611,A,A,A,A,C,G,A,C,A,AAAACGACA,BigWGS
K0374413_1611,N1,2,A,A,A,A,N,A,C,A,N1,2AAAANACA,BigWGS
J0272812_1611,A,A,A,A,A,G,A,C,A,AAAAAGACA,BigWGS
K0405016_1611,A,A,A,A,N,G,A,C,A,AAAANGACA,BigWGS
P0111106_1611,A,A,A,A,C,C,A,C,A,AAAACCACA,BigWGS
J0242509_1611,A,A,A,A,A,G,A,C,A,AAAAAGACA,BigWGS
P0050514_1611,A,A,A,A,C,C,A,C,A,AAAACCACA,BigWGS
P0010104_1611,A,A,A,A,C,C,A,C,A,AAAACCACA,BigWGS
K0323702_1611,A,A,A,A,C,G,A,C,A,AAAACGACA,BigWGS
P0060616_1611,A,A,A,A,A,G,A,C,A,AAAAAGACA,BigWGS
P0060622_1611,A,A,A,A,C,C,A,C,A,AAAACCACA,BigWGS
P0060620_1611,A,A,A,A,C,N,A,C,A,AAAACNACA,BigWGS
J0171805_1611,A,A,A,N,C,G,A,C,A,AAANCGACA,BigWGS
J0171802_1611,A,A,A,A,C,C,A,C,A,AAAACCACA,BigWGS
J0181911_1611,A,T,A,A,C,G,A,C,A,ATAACGACA,BigWGS
J0050617_1611,A,A,A,A,C,C,A,C,A,AAAACCACA,BigWGS
K0070714_1611,A,A,A,A,C,C,A,C,A,AAAACCACA,BigWGS
K0222201_1612,X,X,X,X,X,X,X,X,X,XXXXXXXXX,BigWGS
K0262935_1612,X,X,X,X,X,X,X,X,X,XXXXXXXXX,BigWGS
K0262922_1612,A,A,A,A,C,G,A,C,A,AAAACGACA,BigWGS
K0263008_1612,A,X,X,X,C,C,A,C,A,AXXXCCACA,BigWGS
K0222213_1612,X,A,A,G,X,X,X,X,X,XAAGXXXXX,BigWGS
K0374406_1612,A,X,X,A,C,C,X,X,X,AXXACCXXX,BigWGS
K0364319_1612,A,A,A,A,C,C,A,C,A,AAAACCACA,BigWGS
K0080809_1612,X,X,X,X,X,X,X,X,X,XXXXXXXXX,BigWGS
K0030303_1612,A,A,A,A,C,G,A,C,A,AAAACGACA,BigWGS
K0374502_1612,A,X,X,A,X,C,X,X,X,AXXAXCXXX,BigWGS
P0090907_1612,X,X,X,X,X,X,X,X,X,XXXXXXXXX,BigWGS
P0060623_1612,N1,2,A,A,A,C,N,A,C,A,N1,2AAACNACA,BigWGS
P0070722_1612,A,A,A,A,C,G,A,C,A,AAAACGACA,BigWGS
P0080802_1612,X,X,X,X,X,X,X,X,X,XXXXXXXXX,BigWGS
K0171716_1612,A,A,A,A,C,C,A,C,A,AAAACCACA,BigWGS
P0080842_1612,A,A,A,A,C,G,A,C,A,AAAACGACA,BigWGS
P0080805_1612,A,A,A,A,A,G,A,C,A,AAAAAGACA,BigWGS
P0080836_1612,A,A,A,A,C,G,A,C,A,AAAACGACA,BigWGS
P0080880_1612,A,X,X,A,C,C,A,C,A,AXXACCACA,BigWGS
P0111105_1612,X,X,X,X,X,X,X,X,X,XXXXXXXXX,BigWGS
N0131303_1612,X,X,X,X,X,X,X,X,X,XXXXXXXXX,BigWGS
N0131318_1612,X,X,X,X,X,X,X,X,X,XXXXXXXXX,BigWGS
P0020213_1612,A,A,A,A,A,G,A,C,A,AAAAAGACA,BigWGS
N0141403_1612,X,X,X,A,X,G,A,C,A,XXXAXGACA,BigWGS
J0272813_1612,A,A,A,A,A,G,A,C,A,AAAAAGACA,BigWGS
J0272809_1612,A,A,A,A,A,G,A,C,A,AAAAAGACA,BigWGS
K0263008_1701,X,A,A,X,X,X,A,C,A,XAAXXXACA,BigWGS
K0262935_1701,X,X,X,X,X,X,X,X,X,XXXXXXXXX,BigWGS
K0374406_1701,A,X,X,X,X,G,A,C,A,AXXXXGACA,BigWGS
K0232412_1701,A,X,X,A,C,G,X,X,X,AXXACGXXX,BigWGS
K0101005_1701,A,X,X,X,X,X,X,X,X,AXXXXXXXX,BigWGS
K0364324_1701,X,A,A,A,C,X,X,X,X,XAAACXXXX,BigWGS
K0364314_1701,A,A,A,A,C,C,A,C,A,AAAACCACA,BigWGS
K0080809_1701,X,X,X,X,X,X,X,X,X,XXXXXXXXX,BigWGS
K0384611_1701,X,X,X,X,X,X,X,X,X,XXXXXXXXX,BigWGS
K0384601_1701,X,X,X,X,X,X,X,X,X,XXXXXXXXX,BigWGS
K0323703_1701,X,X,X,X,X,X,X,X,X,XXXXXXXXX,BigWGS
P0020213_1701,A,A,A,A,A,G,A,C,A,AAAAAGACA,BigWGS
P0121204_1701,X,X,X,X,X,X,X,X,X,XXXXXXXXX,BigWGS
P0020214_1701,X,X,X,X,X,X,X,X,X,XXXXXXXXX,BigWGS
P0020215_1701,A,A,A,A,C,C,A,C,A,AAAACCACA,BigWGS
P0070722_1701,A,A,A,A,C,G,A,C,A,AAAACGACA,BigWGS
P0080842_1701,X,X,X,X,X,X,X,X,X,XXXXXXXXX,BigWGS
P0060623_1701,X,X,X,X,X,X,X,X,X,XXXXXXXXX,BigWGS
P0080806_1701,X,X,X,X,X,X,X,X,X,XXXXXXXXX,BigWGS
P0080802_1701,X,X,X,X,X,X,X,X,X,XXXXXXXXX,BigWGS
P0080835_1701,X,X,X,X,X,X,X,X,X,XXXXXXXXX,BigWGS
P0020206_1701,A,A,A,A,C,G,A,C,A,AAAACGACA,BigWGS
P0080811_1701,X,X,X,X,X,X,X,X,X,XXXXXXXXX,BigWGS
P0080805_1701,X,X,X,X,X,X,X,X,X,XXXXXXXXX,BigWGS
P0050519_1701,X,X,X,X,X,X,X,X,X,XXXXXXXXX,BigWGS
P0080880_1701,X,X,X,X,X,X,X,X,X,XXXXXXXXX,BigWGS
J0222302_1701,X,X,X,X,X,X,X,X,X,XXXXXXXXX,BigWGS
J0282916_1701,A,N,A,A,N,N,A,C,A,ANAANNACA,BigWGS
P0090907_1701,X,X,X,X,X,X,X,X,X,XXXXXXXXX,BigWGS
P0080836_1701,A,A,A,A,C,G,A,C,A,AAAACGACA,BigWGS
K0222213_1701,A,A,A,A,X,X,X,X,X,AAAAXXXXX,BigWGS
J0272813_1701,A,A,A,A,A,G,A,C,A,AAAAAGACA,BigWGS
J0272815_1701,A,A,A,A,A,G,A,C,A,AAAAAGACA,BigWGS
J0151608_1701,A,T,A,A,C,G,A,C,A,ATAACGACA,BigWGS
J0101103_1701,A,A,A,A,C,G,A,C,A,AAAACGACA,BigWGS
N0131303_1701,A,A,A,A,C,G,A,C,A,AAAACGACA,BigWGS
K0252808_1701,A,A,A,A,C,G,A,C,A,AAAACGACA,BigWGS
K0171716_1701,A,A,A,A,C,C,A,C,A,AAAACCACA,BigWGS
K0171719_1701,X,X,X,X,X,X,X,X,X,XXXXXXXXX,BigWGS
J0030406_1701,A,T,A,A,C,G,A,C,A,ATAACGACA,BigWGS
P0111105_1701,X,X,X,X,C,X,A,C,A,XXXXCXACA,BigWGS
K0415108_1701,A,X,X,A,C,X,X,X,X,AXXACXXXX,BigWGS
K0262941_1702,X,X,X,X,X,X,X,X,X,XXXXXXXXX,BigWGS
K0262935_1702,X,X,X,X,X,X,X,X,X,XXXXXXXXX,BigWGS
K0222213_1702,X,X,X,X,X,X,X,X,X,XXXXXXXXX,BigWGS
K0263008_1702,X,X,X,X,X,X,X,X,X,XXXXXXXXX,BigWGS
K0262922_1702,X,X,X,X,X,G,X,X,X,XXXXXGXXX,BigWGS
K0263111_1702,X,X,X,X,X,X,X,X,X,XXXXXXXXX,BigWGS
K0262940_1702,X,X,X,X,X,X,X,X,X,XXXXXXXXX,BigWGS
K0101005_1702,X,X,X,X,X,X,X,X,X,XXXXXXXXX,BigWGS
K0374406_1702,X,X,X,X,X,X,X,X,X,XXXXXXXXX,BigWGS
P0121204_1702,X,X,X,X,X,X,X,X,X,XXXXXXXXX,BigWGS
P0080811_1702,X,X,X,X,X,X,X,X,X,XXXXXXXXX,BigWGS
P0080802_1702,X,X,X,X,X,X,X,X,X,XXXXXXXXX,BigWGS
P0080857_1702,X,X,X,A,X,G,A,C,A,XXXAXGACA,BigWGS
P0020206_1702,A,A,A,A,C,C,A,C,A,AAAACCACA,BigWGS
K0080809_1702,A,X,X,G,C,X,A,C,A,AXXGCXACA,BigWGS
K0384601_1702,A,X,X,A,X,G,X,X,X,AXXAXGXXX,BigWGS
K0384611_1702,A,T,A,A,A,C,A,C,A,ATAAACACA,BigWGS
P0080805_1702,X,X,X,X,X,X,X,X,X,XXXXXXXXX,BigWGS
P0080880_1702,X,X,X,X,X,X,X,X,X,XXXXXXXXX,BigWGS
J0101103_1702,A,A,A,A,C,G,A,C,A,AAAACGACA,BigWGS
J0282916_1702,A,T,A,A,C,C,A,C,A,ATAACCACA,BigWGS
P0060623_1702,A,A,A,A,C,C,A,C,A,AAAACCACA,BigWGS
P0070722_1702,A,A,A,A,C,G,A,C,A,AAAACGACA,BigWGS
J0272813_1702,A,A,A,A,A,G,A,C,A,AAAAAGACA,BigWGS
J0030406_1702,A,T,A,A,C,G,A,C,A,ATAACGACA,BigWGS
J0272815_1702,A,A,A,A,A,G,A,C,A,AAAAAGACA,BigWGS
K0415108_1702,X,X,X,A,C,X,X,X,X,XXXACXXXX,BigWGS
K0171716_1702,A,A,A,A,C,C,X,X,X,AAAACCXXX,BigWGS
K0252808_1702,X,X,X,X,X,X,X,X,X,XXXXXXXXX,BigWGS
K0171719_1702,X,X,X,X,X,X,X,X,X,XXXXXXXXX,BigWGS
K0263008_1704,A,A,A,A,C,C,A,C,A,AAAACCACA,BigWGS
K0262940_1704,A,X,X,A,C,C,X,X,X,AXXACCXXX,BigWGS
K0262922_1704,A,A,A,A,C,G,A,C,A,AAAACGACA,BigWGS
K0323703_1704,X,X,X,X,X,X,X,X,X,XXXXXXXXX,BigWGS
P0080842_1704,A,A,A,A,N,N,A,C,A,AAAANNACA,BigWGS
K0232412_1704,X,X,X,X,X,X,X,X,X,XXXXXXXXX,BigWGS
P0020206_1704,X,X,X,A,X,C,A,C,A,XXXAXCACA,BigWGS
P0020213_1704,X,X,X,X,X,X,X,X,X,XXXXXXXXX,BigWGS
P0121204_1704,A,X,X,X,X,G,X,X,X,AXXXXGXXX,BigWGS
P0080857_1704,X,X,X,X,X,X,X,X,X,XXXXXXXXX,BigWGS
P0050519_1704,X,X,X,X,X,X,X,X,X,XXXXXXXXX,BigWGS
J0272813_1704,X,X,X,X,X,X,X,X,X,XXXXXXXXX,BigWGS
J0272815_1704,X,X,X,X,X,X,X,X,X,XXXXXXXXX,BigWGS
P0080811_1704,X,X,X,X,X,X,X,X,X,XXXXXXXXX,BigWGS
N0131318_1704,X,X,X,X,X,X,X,X,X,XXXXXXXXX,BigWGS
P0080805_1704,X,X,X,X,X,X,X,X,X,XXXXXXXXX,BigWGS
P0060623_1704,A,A,A,A,C,C,A,C,A,AAAACCACA,BigWGS
J0282916_1704,X,X,X,X,X,X,X,X,X,XXXXXXXXX,BigWGS
J0030406_1704,X,X,X,X,X,X,X,X,X,XXXXXXXXX,BigWGS
K0384611_1704,X,X,X,X,X,X,X,X,X,XXXXXXXXX,BigWGS
J0101103_1704,X,X,X,X,X,X,X,X,X,XXXXXXXXX,BigWGS
K0263008_1705,A,X,X,A,C,C,X,X,X,AXXACCXXX,BigWGS
K0262922_1705,A,A,A,A,C,G,A,C,A,AAAACGACA,BigWGS
P0020206_1705,A,A,A,A,C,C,A,C,A,AAAACCACA,BigWGS
P0020213_1705,A,A,A,A,A,G,A,C,A,AAAAAGACA,BigWGS
P0080811_1705,X,X,X,X,X,X,X,X,X,XXXXXXXXX,BigWGS
P0080857_1705,X,X,X,X,X,X,X,X,X,XXXXXXXXX,BigWGS
P0121204_1705,A,X,X,A,A,G,A,C,A,AXXAAGACA,BigWGS
P0080842_1705,A,A,A,A,N,G,A,C,A,AAAANGACA,BigWGS
P0060623_1705,A,A,A,A,C,C,A,C,A,AAAACCACA,BigWGS
P0080805_1705,A,A,A,A,A,G,A,C,A,AAAAAGACA,BigWGS
K0384611_1705,X,X,X,A,X,X,X,X,X,XXXAXXXXX,BigWGS
J0272813_1705,A,A,A,A,A,G,A,C,A,AAAAAGACA,BigWGS
J0101103_1705,X,X,X,X,X,X,X,X,X,XXXXXXXXX,BigWGS
J0272815_1705,X,X,X,X,X,X,X,X,X,XXXXXXXXX,BigWGS
J0282916_1705,A,X,X,X,C,X,X,X,X,AXXXCXXXX,BigWGS
P0050519_1705,G,X,X,A,C,C,A,C,A,GXXACCACA,BigWGS
K0181810_1705,A,X,X,A,A,G,A,C,A,AXXAAGACA,BigWGS
N0131303_1705,X,X,X,X,X,X,X,X,X,XXXXXXXXX,BigWGS
J0030406_1705,A,T,A,A,C,G,A,C,A,ATAACGACA,BigWGS
K0222213_1705,X,X,X,X,X,X,X,X,X,XXXXXXXXX,BigWGS
P0080802_1705,X,X,X,X,X,X,X,X,X,XXXXXXXXX,BigWGS
P0080806_1705,X,X,X,X,X,X,X,X,X,XXXXXXXXX,BigWGS
P0080835_1705,X,X,X,X,X,X,X,X,X,XXXXXXXXX,BigWGS
K0263008_1703,X,X,X,X,X,X,X,X,X,XXXXXXXXX,BigWGS
K0262940_1703,X,X,X,X,X,X,X,X,X,XXXXXXXXX,BigWGS
K0262922_1703,X,X,X,X,X,X,X,X,X,XXXXXXXXX,BigWGS
K0232412_1703,X,X,X,X,X,X,X,X,X,XXXXXXXXX,BigWGS
P0121204_1703,A,X,X,X,X,G,X,X,X,AXXXXGXXX,BigWGS
P0070722_1703,X,X,X,X,X,X,X,X,X,XXXXXXXXX,BigWGS
P0060623_1703,A,A,A,A,C,C,A,C,A,AAAACCACA,BigWGS
P0080842_1703,A,X,X,A,X,N,A,C,A,AXXAXNACA,BigWGS
P0020206_1703,A,A,A,A,C,C,A,C,A,AAAACCACA,BigWGS
P0050519_1703,X,X,X,X,X,X,X,X,X,XXXXXXXXX,BigWGS
P0080857_1703,X,X,X,X,X,X,X,X,X,XXXXXXXXX,BigWGS
P0080811_1703,X,X,X,X,X,X,X,X,X,XXXXXXXXX,BigWGS
J0282916_1703,A,X,X,X,A,G,A,C,A,AXXXAGACA,BigWGS
J0272815_1703,A,A,A,A,A,G,A,C,A,AAAAAGACA,BigWGS
J0272813_1703,A,A,A,A,A,G,A,C,A,AAAAAGACA,BigWGS
J0101103_1703,X,X,X,A,X,G,X,X,X,XXXAXGXXX,BigWGS
K0171716_1703,A,X,X,X,X,C,X,X,X,AXXXXCXXX,BigWGS
J0151608_1703,X,X,X,X,X,X,X,X,X,XXXXXXXXX,BigWGS
N0131318_1703,X,X,X,X,X,X,X,X,X,XXXXXXXXX,BigWGS
K0090903_1607,X,X,X,X,X,X,X,X,X,XXXXXXXXX,BigWGS
P0030304_1607,A,N,A,A,C,G,X,X,X,ANAACGXXX,BigWGS
P0070710_1607,A,A,A,A,A,C,A,C,A,AAAAACACA,BigWGS
K0364312_1607,A,A,A,G,A,C,A,C,A,AAAGACACA,BigWGS
