Chromosome;Position;Type;Ref;Alt;CDSref;CDSalt;AAref;AAalt;Annotation;Proportions;PA0671-CW;PA0761-CW;PA0799-CW;PA0882-CW;PA0883-CW;PA0895-CW;PA0897-CW;PA0899-CW;PA0900-CW;PA0901-CW;PA0907-CW;PA0911-CW;PA0913-CW;PA0916-CW;PA0918-CW;PA0920-CW;PA0921-CW;PA0923-CW;PA0924-CW;PA0927-CW;PA0935-CW;PA0976-CW;PA0977-CW;PA0979-CW;PA0981-CW;PA0982-CW;PA0983-CW;PA0987-CW;PA0988-CW;PA0990-CW;PA0991-CW;PA0998-CW;PA0999-CW;PA1000-CW;PA1000-CWx;PA1001-CW;PA1002-CW;PA1004-CW;PA1005-CW;PA1006-CW;PA1008-CW;PA1009-CW;PA1010-CW;PA1012-CW;PA1013-CW;PA1016-CW;PA1017-CW;PA1018-CW;PA1019-CW;PA1021-CW;PA1022-CW;PA1023-CW;PA1024-CW;PA1025-CW;PA1029-CW;PA1032-CW;PA1033-CW;PA1034-CW;PA1037-CW;PA1038-CW;PA1039-CW;PA1043-CW;PA1045-CW;PA1048-CW;PA1050-CW;PA1051-CW;PA1052-CW;PA1053-CW;PA1054-CW;PA1056-CW;PA1061-CW;PA1062-CW;PA1069-CW;PA1075-CW;PA1313-Cw;PA1314-Cw;PA1315-Cw;PA1316-Cw;PA1317-Cw;PA1318-Cw;PA1319-Cw;PA1320-Cw;PA1321-Cw;PA1323-Cw;PA1324-Cw;PA1326-Cw;PA1327-Cw;PA1328-Cw;PA1329-Cw;PA1330-Cw;PA1331-Cw;PA1332-Cw;PA1333-Cw;PA1336-Cw;PA1337-Cw;PA1338-Cw;PA1339-Cw;PA1340-Cw;PA1349-Cw;PA1362-Cw;PA1369-Cw;PA1376-Cw;PA1391-Cw;PA1406-Cw;PA1411-Cw;PA1423-Cw;PA1424-Cw;PA1426-Cw;PA1427-Cw;PA1428-Cw;PA1434-Cw;PA1435-Cw;PA1436-Cw;PA1437-Cw;PA1438-Cw;PA1440-Cw;PA1444-Cw;PA1446-Cw;PA1447-Cw;PA1448-Cw;PA1449-Cw;PA1450-Cw;PA1451-Cw;PA1452-Cw;PA1453-Cw;PA1456-Cw;PA1457-Cw;PA1458-Cw;SPT21659;SPT21661;SPT21662;SPT21665;SPT21666;SPT21667;SPT21668;SPT21670;SPT21671;SPT21673;SPT21674;SPT21675;SPT21676;SPT21677;SPT21678;SPT21679;SPT21684;SPT21685;SPT21686;SPT21688;SPT21689;SPT21690;SPT21691;SPT21692;SPT21693;SPT21694;SPT21697;SPT21698;SPT21699;SPT21700;SPT21701;SPT21702;SPT21703;SPT21704;SPT21705;SPT21707;SPT21708;SPT21709;SPT21710;SPT21712;SPT21713;SPT21714;SPT21715;SPT21716;SPT21717;SPT21719;SPT21721;SPT21722;SPT21723;SPT21724;SPT21725;SPT21726;SPT21727;SPT21730;SPT21731;SPT21732;SPT21734;SPT21735;SPT21737;SPT21738;SPT21739;SPT21740;SPT21741;SPT21742;SPT21743;SPT21744;SPT21745;SPT21747;SPT21750;SPT21751;SPT21753;SPT21756;SPT21759;SPT21764;SPT21765;SPT21769;SPT21772;SPT21773;SPT21774;SPT21775;SPT21778;SPT21785;SPT21786;SPT21788;SPT21789;SPT21790;SPT21791;SPT21792;SPT21793;SPT21795;SPT21796;SPT21797;SPT21799;SPT21802;SPT21804;SPT21805;SPT21806;SPT21807;SPT21808;SPT21809;SPT21810;SPT21811;SPT21812;SPT21813;SPT21814;SPT21816;SPT21817;SPT21818;SPT21819;SPT21820;SPT21821;SPT21822;SPT21823;SPT21824;SPT21825;SPT21827;SPT21828;SPT21829;SPT21830;SPT21831;SPT21832;SPT21833;SPT21834;SPT21835;SPT21836;SPT21837;SPT21838;SPT21839;SPT21840;SPT21841;SPT21842;SPT21844;SPT21845;SPT21846;SPT21847;SPT21848;SPT21849;SPT21850;SPT21851;SPT21852;SPT21853;SPT21854;SPT21855;SPT21857;SPT21860;SPT21861;SPT21862;SPT21863;SPT21864;SPT21865;SPT21866;SPT21870;SPT21871;SPT21872;SPT21873;SPT21874;SPT21875;SPT21876;SPT21877;SPT21878;SPT21879;SPT21880;SPT21881;SPT21882;SPT21883;SPT21884;SPT21885;SPT21886;SPT21887;SPT21888;SPT21889;SPT21890;SPT21891;SPT21892;SPT21893;SPT21894;SPT21895;SPT21896;SPT21897;SPT21898;SPT21899;SPT21900;SPT21901;SPT21902;SPT21904;SPT21905;SPT21906;SPT21909;SPT21910;SPT21911;SPT21912;SPT21913;SPT21914;SPT21915;SPT21916;SPT21918;SPT21919;SPT21920;SPT21921;SPT21922;SPT21923;SPT21924;SPT21926;SPT21927;SPT21929;SPT21931;SPT21936;SPT21937;SPT21938;SPT21940;SPT21941;SPT21942;SPT21943;SPT21944;SPT21945;SPT21946;SPT21947;SPT21948;SPT21949;SPT21951;SPT21952;SPT21953;SPT21954;SPT21955;SPT21956;SPT21957;SPT21958;SPT21959;SPT21963;SPT21965;SPT21966;SPT21967
Pf3D7_04_v3;748410;SNP,CDS,exon,gene,mRNA;G;A;AAGCT (PF3D7_0417200.1-p1-CDS1);AAACT;S (108/609);N (108/609);bifunctional dihydrofolate reductase-thymidylate synthase (PF3D7_0417200);045:003:045:003;nan;0.0;nan;nan;nan;1.0;nan;1.0;1.0;0.0;nan;nan;nan;1.0;nan;0.0;nan;nan;nan;nan;nan;nan;nan;nan;nan;nan;nan;nan;nan;nan;nan;nan;nan;nan;nan;nan;nan;nan;nan;nan;nan;nan;nan;nan;nan;nan;nan;nan;nan;nan;nan;nan;nan;nan;1.0;nan;nan;nan;nan;1.0;nan;nan;nan;1.0;1.0;0.99;1.0;0.0;nan;nan;0.99;1.0;nan;nan;1.0;nan;1.0;1.0;1.0;0.0;1.0;1.0;1.0;0.98;1.0;1.0;nan;1.0;nan;1.0;0.1;1.0;1.0;0.0;1.0;0.47;1.0;0.98;1.0;1.0;1.0;1.0;1.0;1.0;1.0;nan;nan;0.0;nan;nan;nan;nan;nan;1.0;nan;nan;nan;1.0;1.0;1.0;nan;1.0;nan;1.0;1.0;1.0;nan;nan;1.0;1.0;nan;nan;1.0;1.0;nan;nan;1.0;nan;nan;1.0;nan;1.0;nan;nan;nan;1.0;1.0;nan;nan;1.0;1.0;0.99;nan;nan;nan;1.0;nan;nan;nan;nan;nan;nan;0.48;1.0;1.0;nan;1.0;1.0;1.0;0.0;1.0;1.0;1.0;0.99;1.0;1.0;1.0;1.0;0.53;1.0;0.99;1.0;1.0;1.0;1.0;1.0;1.0;0.99;1.0;0.84;1.0;1.0;1.0;1.0;nan;nan;1.0;1.0;nan;1.0;1.0;nan;1.0;1.0;nan;0.52;1.0;nan;1.0;1.0;1.0;1.0;1.0;nan;nan;nan;1.0;nan;1.0;1.0;nan;nan;1.0;1.0;1.0;nan;1.0;nan;nan;nan;nan;1.0;nan;nan;1.0;1.0;nan;nan;nan;nan;nan;0.95;nan;nan;nan;nan;nan;1.0;nan;1.0;1.0;1.0;1.0;1.0;1.0;1.0;1.0;1.0;nan;1.0;nan;1.0;nan;nan;nan;nan;nan;nan;nan;nan;nan;nan;nan;nan;nan;0.95;1.0;1.0;1.0;nan;nan;1.0;1.0;1.0;1.0;1.0;1.0;1.0;nan;1.0;nan;nan;1.0;1.0;1.0;nan;1.0;nan;nan;nan;1.0;nan;nan;nan;nan;nan;nan;nan;1.0;nan;nan;nan;nan;1.0;1.0;1.0;1.0;nan;nan;1.0;1.0;1.0;0.99;nan;1.0;nan;nan;1.0;0.0;1.0;nan;1.0;0.0;nan;nan;nan;nan;nan;nan;nan;nan;1.0;nan;1.0;1.0;1.0;nan;nan;nan;1.0;1.0;1.0;nan;1.0;nan;nan;nan;1.0;1.0;1.0
Pf3D7_04_v3;748410;SNP,CDS,exon,gene,mRNA;G;C;AAGCT (PF3D7_0417200.1-p1-CDS1);AACCT;S (108/609);T (108/609);bifunctional dihydrofolate reductase-thymidylate synthase (PF3D7_0417200);000:049:000:049;nan;0.0;nan;nan;nan;0.0;nan;0.0;0.0;0.0;nan;nan;nan;0.0;nan;0.0;nan;nan;nan;nan;nan;nan;nan;nan;nan;nan;nan;nan;nan;nan;nan;nan;nan;nan;nan;nan;nan;nan;nan;nan;nan;nan;nan;nan;nan;nan;nan;nan;nan;nan;nan;nan;nan;nan;0.0;nan;nan;nan;nan;0.0;nan;nan;nan;0.0;0.0;0.0;0.0;0.0;nan;nan;0.0;0.0;nan;nan;0.0;nan;0.0;0.0;0.0;0.0;0.0;0.0;0.0;0.0;0.0;0.0;nan;0.0;nan;0.0;0.0;0.0;0.0;0.0;0.0;0.0;0.0;0.0;0.0;0.0;0.0;0.0;0.0;0.0;0.0;nan;nan;0.0;nan;nan;nan;nan;nan;0.0;nan;nan;nan;0.0;0.0;0.0;nan;0.0;nan;0.0;0.0;0.0;nan;nan;0.0;0.0;nan;nan;0.0;0.0;nan;nan;0.0;nan;nan;0.0;nan;0.0;nan;nan;nan;0.0;0.0;nan;nan;0.0;0.0;0.0;nan;nan;nan;0.0;nan;nan;nan;nan;nan;nan;0.0;0.0;0.0;nan;0.0;0.0;0.0;0.0;0.0;0.0;0.0;0.0;0.0;0.0;0.0;0.0;0.0;0.0;0.0;0.0;0.0;0.0;0.0;0.0;0.0;0.0;0.0;0.0;0.0;0.0;0.0;0.0;nan;nan;0.0;0.0;nan;0.0;0.0;nan;0.0;0.0;nan;0.0;0.0;nan;0.0;0.0;0.0;0.0;0.0;nan;nan;nan;0.0;nan;0.0;0.0;nan;nan;0.0;0.0;0.0;nan;0.0;nan;nan;nan;nan;0.0;nan;nan;0.0;0.0;nan;nan;nan;nan;nan;0.0;nan;nan;nan;nan;nan;0.0;nan;0.0;0.0;0.0;0.0;0.0;0.0;0.0;0.0;0.0;nan;0.0;nan;0.0;nan;nan;nan;nan;nan;nan;nan;nan;nan;nan;nan;nan;nan;0.0;0.0;0.0;0.0;nan;nan;0.0;0.0;0.0;0.0;0.0;0.0;0.0;nan;0.0;nan;nan;0.0;0.0;0.0;nan;0.0;nan;nan;nan;0.0;nan;nan;nan;nan;nan;nan;nan;0.0;nan;nan;nan;nan;0.0;0.0;0.0;0.0;nan;nan;0.0;0.0;0.0;0.0;nan;0.0;nan;nan;0.0;0.0;0.0;nan;0.0;0.0;nan;nan;nan;nan;nan;nan;nan;nan;0.0;nan;0.0;0.0;0.0;nan;nan;nan;0.0;0.0;0.0;nan;0.0;nan;nan;nan;0.0;0.0;0.0
Pf3D7_05_v3;958145;SNP,CDS,exon,gene,mRNA;A;T;TGAAT (PF3D7_0523000.1-p1-CDS1);TGTAT;N (86/1420);Y (86/1420);multidrug resistance protein 1 (PF3D7_0523000);005:038:005:038;nan;0.0;nan;nan;nan;0.0;nan;0.0;0.0;nan;nan;nan;nan;0.0;nan;0.0;nan;nan;nan;0.0;nan;nan;nan;nan;nan;nan;nan;nan;nan;nan;nan;nan;nan;nan;nan;nan;nan;nan;nan;nan;nan;nan;nan;nan;nan;nan;nan;nan;nan;nan;nan;nan;nan;nan;0.0;nan;nan;nan;nan;1.0;nan;nan;nan;0.16;0.0;0.0;0.0;0.0;nan;nan;0.0;nan;nan;nan;0.98;nan;0.0;0.0;0.0;0.0;0.0;0.0;0.0;0.0;1.0;0.0;nan;0.98;nan;0.0;0.0;0.0;0.0;0.0;1.0;0.0;0.52;0.0;0.0;0.0;0.0;0.0;0.0;0.0;0.0;nan;nan;0.0;nan;nan;0.0;nan;nan;1.0;nan;nan;nan;0.95;0.0;0.0;nan;0.0;nan;0.0;0.0;0.0;nan;nan;0.0;0.0;nan;nan;nan;1.0;0.0;nan;nan;nan;nan;0.0;nan;0.0;nan;nan;nan;0.0;0.0;nan;nan;0.0;0.0;0.0;nan;nan;nan;nan;nan;nan;nan;nan;nan;nan;0.0;nan;0.0;nan;0.0;1.0;0.0;0.0;0.0;nan;0.0;0.0;0.0;0.0;1.0;0.0;0.0;0.0;0.0;0.0;0.0;0.0;0.0;0.0;0.0;0.0;0.0;0.0;0.0;1.0;0.0;0.0;nan;nan;0.0;nan;0.0;nan;0.0;nan;0.0;nan;nan;0.0;0.0;nan;0.0;0.0;0.0;0.0;0.0;nan;nan;nan;0.0;nan;0.0;0.0;0.0;nan;nan;nan;nan;0.0;0.0;nan;nan;nan;nan;0.0;nan;nan;0.0;0.0;nan;nan;nan;nan;nan;0.0;nan;nan;nan;nan;nan;0.46;nan;0.0;0.0;0.0;0.0;1.0;0.0;0.0;0.0;0.0;nan;1.0;nan;nan;nan;nan;nan;nan;nan;nan;nan;nan;nan;nan;nan;nan;nan;0.0;nan;nan;1.0;nan;nan;0.0;1.0;0.0;0.0;0.0;0.98;0.0;nan;0.0;nan;nan;0.0;nan;0.0;nan;0.0;nan;nan;nan;nan;nan;nan;nan;nan;nan;nan;nan;0.0;nan;nan;nan;nan;nan;0.0;0.0;0.0;nan;nan;nan;0.0;0.0;0.0;nan;0.0;nan;nan;nan;nan;nan;nan;1.0;0.0;nan;nan;nan;nan;nan;nan;nan;nan;nan;nan;0.0;nan;0.0;nan;nan;nan;0.0;0.0;0.0;nan;nan;nan;nan;nan;0.7;0.0;0.0
Pf3D7_05_v3;958146;SNP,CDS,exon,gene,mRNA;A;T;GAATT (PF3D7_0523000.1-p1-CDS1);GATTT;N (86/1420);I (86/1420);multidrug resistance protein 1 (PF3D7_0523000);000:043:000:043;nan;0.0;nan;nan;nan;0.0;nan;0.0;0.0;nan;nan;nan;nan;0.0;nan;0.0;nan;nan;nan;0.0;nan;nan;nan;nan;nan;nan;nan;nan;nan;nan;nan;nan;nan;nan;nan;nan;nan;nan;nan;nan;nan;nan;nan;nan;nan;nan;nan;nan;nan;nan;nan;nan;nan;nan;0.0;nan;nan;nan;nan;0.0;nan;nan;nan;0.0;0.0;0.0;0.0;0.0;nan;nan;0.0;nan;nan;nan;0.0;nan;0.0;0.0;0.0;0.0;0.0;0.0;0.0;0.0;0.0;0.0;nan;0.0;nan;0.0;0.0;0.0;0.0;0.0;0.0;0.0;0.0;0.0;0.0;0.0;0.0;0.0;0.0;0.0;0.0;nan;nan;0.0;nan;nan;0.0;nan;nan;0.0;nan;nan;nan;0.0;0.0;0.0;nan;0.0;nan;0.0;0.0;0.0;nan;nan;0.0;0.0;nan;nan;nan;0.0;0.0;nan;nan;nan;nan;0.0;nan;0.0;nan;nan;nan;0.0;0.0;nan;nan;0.0;0.0;0.0;nan;nan;nan;nan;nan;nan;nan;nan;nan;nan;0.0;nan;0.0;nan;0.0;0.0;0.0;0.0;0.0;nan;0.0;0.0;0.0;0.0;0.0;0.0;0.0;0.0;0.0;0.0;0.0;0.0;0.0;0.0;0.0;0.0;0.0;0.0;0.0;0.0;0.0;0.0;nan;nan;0.0;nan;0.0;nan;0.0;nan;0.0;nan;nan;0.0;0.0;nan;0.0;0.0;0.0;0.0;0.0;nan;nan;nan;0.0;nan;0.0;0.0;0.0;nan;nan;nan;nan;0.0;0.0;nan;nan;nan;nan;0.0;nan;nan;0.0;0.0;nan;nan;nan;nan;nan;0.0;nan;nan;nan;nan;nan;0.0;nan;0.0;0.0;0.0;0.0;0.0;0.0;0.0;0.0;0.0;nan;0.0;nan;nan;nan;nan;nan;nan;nan;nan;nan;nan;nan;nan;nan;nan;nan;0.0;nan;nan;0.0;nan;nan;0.0;0.0;0.0;0.0;0.0;0.0;0.0;nan;0.0;nan;nan;0.0;nan;0.0;nan;0.0;nan;nan;nan;nan;nan;nan;nan;nan;nan;nan;nan;0.0;nan;nan;nan;nan;nan;0.0;0.0;0.0;nan;nan;nan;0.0;0.0;0.0;nan;0.0;nan;nan;nan;nan;nan;nan;0.0;0.0;nan;nan;nan;nan;nan;nan;nan;nan;nan;nan;0.0;nan;0.0;nan;nan;nan;0.0;0.0;0.0;nan;nan;nan;nan;nan;0.0;0.0;0.0
Pf3D7_06_v3;1215233;SNP,CDS,exon,gene,mRNA;G;A;TTGAT (PF3D7_0629500.1-p1-CDS1);TTAAT;S (258/607);L (258/607);amino acid transporter AAT1 (PF3D7_0629500);046:006:046:006;nan;0.0;nan;nan;nan;1.0;0.0;1.0;1.0;0.0;nan;nan;nan;1.0;nan;nan;nan;nan;nan;0.0;nan;nan;nan;nan;nan;nan;nan;nan;nan;nan;nan;nan;nan;nan;nan;nan;nan;nan;nan;nan;nan;nan;nan;nan;nan;nan;nan;nan;nan;nan;nan;nan;nan;nan;1.0;nan;nan;nan;nan;0.0;nan;nan;nan;1.0;1.0;0.99;1.0;0.0;nan;nan;1.0;1.0;nan;nan;0.99;nan;0.98;1.0;1.0;1.0;0.96;1.0;0.1;0.99;1.0;1.0;1.0;1.0;nan;1.0;0.89;0.0;0.99;1.0;1.0;0.56;1.0;0.0;0.98;1.0;1.0;0.99;0.99;1.0;1.0;0.0;nan;1.0;0.8;nan;0.0;nan;nan;1.0;nan;1.0;nan;1.0;1.0;1.0;nan;1.0;nan;1.0;1.0;1.0;nan;nan;1.0;1.0;nan;1.0;1.0;1.0;1.0;nan;nan;nan;nan;0.0;nan;1.0;1.0;nan;0.0;1.0;1.0;nan;nan;1.0;1.0;1.0;nan;nan;1.0;nan;nan;nan;nan;nan;nan;nan;1.0;1.0;1.0;1.0;1.0;1.0;0.0;1.0;1.0;1.0;0.0;1.0;1.0;0.0;0.99;1.0;0.98;1.0;1.0;1.0;1.0;1.0;1.0;1.0;1.0;1.0;1.0;0.68;1.0;1.0;1.0;1.0;nan;nan;1.0;1.0;0.0;1.0;0.99;nan;1.0;1.0;nan;1.0;1.0;nan;1.0;1.0;1.0;1.0;1.0;nan;nan;nan;1.0;1.0;1.0;1.0;nan;nan;nan;1.0;nan;1.0;1.0;nan;nan;nan;nan;1.0;nan;nan;1.0;1.0;nan;nan;nan;nan;nan;0.9;nan;nan;nan;nan;nan;1.0;nan;1.0;1.0;1.0;1.0;1.0;1.0;1.0;1.0;1.0;nan;1.0;nan;1.0;nan;nan;nan;nan;nan;nan;nan;nan;nan;nan;nan;nan;1.0;0.96;0.0;1.0;0.99;nan;nan;1.0;1.0;1.0;1.0;1.0;1.0;1.0;1.0;1.0;nan;nan;1.0;1.0;1.0;nan;1.0;nan;1.0;nan;nan;nan;nan;nan;nan;nan;nan;nan;1.0;nan;nan;nan;nan;1.0;1.0;1.0;1.0;nan;nan;1.0;1.0;1.0;1.0;1.0;1.0;nan;nan;nan;1.0;1.0;nan;1.0;0.0;nan;nan;nan;nan;nan;nan;nan;nan;nan;nan;1.0;1.0;1.0;nan;nan;nan;nan;1.0;1.0;1.0;nan;nan;nan;nan;0.99;1.0;0.0
Pf3D7_07_v3;403625;SNP,CDS,exon,gene,mRNA;A;C;TAAAA (PF3D7_0709000.1-p1-CDS2);TACAA;K (76/425);T (76/425);chloroquine resistance transporter (PF3D7_0709000);031:017:031:017;nan;0.0;nan;nan;nan;1.0;nan;1.0;1.0;nan;nan;nan;nan;0.66;nan;nan;nan;nan;nan;0.0;nan;nan;nan;nan;nan;nan;nan;nan;nan;nan;nan;nan;nan;nan;nan;nan;nan;nan;nan;nan;nan;nan;nan;nan;nan;nan;nan;nan;nan;nan;nan;nan;nan;nan;0.0;nan;nan;nan;nan;0.99;nan;nan;nan;0.44;1.0;1.0;1.0;0.0;nan;nan;1.0;1.0;nan;nan;1.0;nan;0.0;0.0;0.0;1.0;1.0;1.0;0.0;0.0;1.0;1.0;nan;1.0;0.86;1.0;0.0;1.0;0.0;0.0;0.99;0.0;1.0;0.0;1.0;0.0;0.0;0.0;0.0;1.0;0.0;0.0;nan;0.99;nan;0.0;0.0;nan;nan;1.0;nan;nan;nan;1.0;0.94;0.96;nan;0.0;nan;0.0;0.25;0.0;nan;nan;1.0;1.0;nan;nan;0.0;1.0;0.0;nan;0.0;1.0;nan;0.0;nan;1.0;nan;nan;0.0;1.0;1.0;nan;nan;0.0;0.0;0.0;nan;nan;1.0;nan;nan;nan;nan;nan;nan;nan;0.0;1.0;1.0;1.0;1.0;0.0;0.0;1.0;1.0;1.0;1.0;1.0;1.0;0.99;1.0;1.0;0.18;0.0;0.78;1.0;0.0;1.0;1.0;1.0;0.0;0.98;1.0;0.82;0.9;0.98;1.0;1.0;nan;nan;1.0;1.0;1.0;1.0;1.0;nan;1.0;nan;nan;1.0;1.0;nan;1.0;1.0;0.0;1.0;1.0;nan;nan;nan;0.0;nan;0.0;0.0;nan;nan;1.0;1.0;1.0;1.0;1.0;nan;nan;nan;nan;0.0;nan;nan;1.0;1.0;nan;nan;nan;nan;nan;1.0;nan;nan;nan;nan;nan;0.57;nan;1.0;nan;0.0;0.0;1.0;1.0;1.0;1.0;0.99;nan;1.0;1.0;1.0;nan;nan;nan;nan;nan;nan;nan;nan;nan;nan;nan;nan;nan;0.97;0.99;nan;0.0;nan;nan;0.99;0.98;1.0;1.0;0.0;1.0;0.0;1.0;1.0;nan;nan;1.0;1.0;1.0;nan;0.52;nan;nan;nan;nan;nan;nan;nan;nan;nan;nan;nan;1.0;nan;nan;nan;nan;1.0;1.0;0.99;0.0;nan;nan;0.0;0.44;0.99;0.0;nan;0.0;nan;nan;1.0;1.0;0.0;nan;1.0;0.0;nan;nan;nan;nan;nan;nan;nan;nan;nan;nan;1.0;nan;1.0;nan;nan;nan;0.0;0.0;0.0;nan;nan;nan;nan;nan;1.0;0.0;0.0
Pf3D7_08_v3;549685;SNP,CDS,exon,gene,mRNA;G;C;TGGTC (PF3D7_0810800.1-p1-CDS2);TGCTC;G (437/707);A (437/707);hydroxymethyldihydropterin pyrophosphokinase-dihydropteroate synthase (PF3D7_0810800);019:029:019:029;nan;0.0;nan;nan;nan;1.0;nan;0.0;1.0;0.0;nan;nan;nan;0.0;nan;nan;nan;nan;nan;0.0;nan;nan;nan;nan;nan;nan;nan;nan;nan;nan;nan;nan;nan;nan;nan;nan;nan;nan;nan;nan;nan;nan;nan;nan;nan;nan;nan;nan;nan;nan;nan;nan;nan;nan;0.0;nan;nan;nan;nan;0.0;nan;nan;1.0;1.0;0.0;1.0;1.0;0.0;nan;nan;1.0;1.0;nan;nan;1.0;nan;0.0;1.0;0.0;0.0;0.84;0.79;0.99;0.99;0.0;0.95;0.95;0.0;nan;0.98;0.96;0.97;0.42;1.0;0.0;1.0;0.0;0.0;nan;0.0;0.95;0.0;0.0;0.99;0.99;0.0;nan;0.0;0.6;nan;nan;nan;nan;0.99;nan;nan;nan;0.0;1.0;0.0;nan;0.0;nan;0.0;0.57;1.0;0.4;nan;0.0;0.0;nan;0.0;0.0;0.0;0.0;nan;nan;nan;nan;1.0;nan;0.0;nan;nan;0.0;0.0;0.77;nan;0.0;0.0;0.0;0.0;nan;nan;0.0;0.0;nan;nan;nan;nan;nan;nan;1.0;0.0;0.0;nan;1.0;1.0;1.0;1.0;0.0;0.55;1.0;0.0;1.0;0.99;0.0;0.0;0.6;0.0;0.0;1.0;0.0;1.0;1.0;0.0;0.0;1.0;0.44;0.11;0.93;0.0;0.83;1.0;nan;nan;0.0;1.0;nan;1.0;0.93;nan;0.0;1.0;nan;0.22;0.0;nan;1.0;0.0;0.0;0.0;1.0;nan;nan;nan;0.0;0.0;0.0;0.0;nan;nan;0.0;0.0;nan;nan;1.0;nan;nan;nan;nan;0.0;nan;nan;1.0;0.0;nan;nan;nan;nan;nan;0.0;nan;nan;nan;nan;nan;0.29;nan;0.0;nan;0.0;0.0;0.0;0.0;0.0;0.0;1.0;nan;0.0;nan;nan;nan;nan;nan;nan;0.0;nan;nan;nan;nan;nan;nan;nan;0.0;0.97;nan;0.0;1.0;nan;nan;0.0;0.98;1.0;0.0;0.0;0.0;0.0;nan;1.0;nan;nan;1.0;0.99;0.0;nan;0.63;nan;1.0;nan;0.0;nan;nan;nan;nan;nan;nan;nan;1.0;nan;nan;nan;nan;1.0;0.0;1.0;0.0;nan;nan;0.0;0.0;1.0;0.0;nan;0.0;nan;0.0;nan;1.0;0.0;nan;0.0;0.0;nan;nan;nan;nan;nan;nan;nan;nan;0.0;nan;1.0;0.23;0.98;nan;nan;nan;0.0;0.0;0.0;0.0;1.0;nan;nan;nan;0.0;0.89;0.93
Pf3D7_13_v3;1725258;SNP,CDS,exon,gene,mRNA;A;C;ACACA (PF3D7_1343700.1-p1-CDS1);ACCCA;C (580/727);W (580/727);kelch protein K13 (PF3D7_1343700);000:045:000:045;nan;0.0;nan;nan;nan;0.0;nan;0.0;0.0;nan;nan;nan;nan;0.0;nan;nan;nan;nan;nan;nan;nan;nan;nan;nan;nan;nan;nan;nan;nan;nan;nan;nan;nan;nan;nan;nan;nan;nan;nan;nan;nan;nan;nan;nan;nan;nan;nan;nan;nan;nan;nan;nan;nan;nan;0.0;nan;nan;nan;nan;0.0;nan;nan;nan;0.0;0.0;0.0;0.0;0.0;nan;nan;0.0;nan;nan;nan;0.0;nan;0.0;0.0;0.0;0.0;0.0;0.0;0.0;0.0;0.0;0.0;nan;0.0;nan;0.0;0.0;0.0;0.0;0.0;0.0;0.0;0.0;0.0;nan;0.0;0.0;0.0;0.0;0.0;0.0;nan;nan;0.0;nan;0.0;nan;nan;nan;0.0;nan;nan;nan;0.0;0.0;0.0;nan;0.0;nan;0.0;0.0;0.0;nan;nan;0.0;0.0;nan;0.0;0.0;0.0;nan;nan;nan;0.0;nan;0.0;nan;nan;0.0;nan;0.0;0.0;0.0;nan;nan;nan;0.0;0.0;nan;nan;nan;nan;nan;nan;nan;nan;nan;nan;0.0;nan;0.0;nan;0.0;0.0;0.0;0.0;0.0;nan;0.0;0.0;0.0;0.0;0.0;0.0;0.0;0.0;0.0;0.0;0.0;0.0;0.0;0.0;0.0;0.0;0.0;0.0;0.0;0.0;0.0;0.0;nan;nan;0.0;0.0;nan;nan;0.0;nan;0.0;nan;nan;0.0;0.0;nan;0.0;0.0;0.0;0.0;0.0;nan;nan;nan;0.0;0.0;0.0;0.0;0.0;nan;0.0;nan;nan;nan;0.0;nan;nan;nan;nan;0.0;nan;nan;0.0;0.0;nan;nan;nan;nan;nan;0.0;nan;nan;nan;nan;nan;0.0;nan;0.0;nan;0.0;0.0;0.0;0.0;0.0;0.0;0.0;nan;0.0;0.0;nan;nan;nan;nan;nan;nan;nan;nan;nan;nan;nan;nan;nan;0.0;0.0;0.0;nan;0.0;nan;nan;0.0;0.0;0.0;0.0;0.0;0.0;0.0;nan;nan;nan;nan;0.0;nan;0.0;nan;0.0;nan;0.0;nan;nan;nan;nan;nan;nan;nan;nan;nan;0.0;nan;nan;nan;nan;nan;0.0;0.0;0.0;nan;nan;0.0;0.0;0.0;0.0;nan;0.0;nan;nan;nan;0.0;0.0;nan;0.0;0.0;nan;nan;nan;nan;nan;0.0;nan;nan;nan;nan;0.0;0.0;0.0;nan;nan;nan;0.0;0.0;0.0;nan;nan;nan;nan;nan;nan;0.0;0.0
Pf3D7_13_v3;1725258;SNP,CDS,exon,gene,mRNA;A;G;ACACA (PF3D7_1343700.1-p1-CDS1);ACGCA;C (580/727);C (580/727);kelch protein K13 (PF3D7_1343700);000:045:000:045;nan;0.0;nan;nan;nan;0.0;nan;0.0;0.0;nan;nan;nan;nan;0.0;nan;nan;nan;nan;nan;nan;nan;nan;nan;nan;nan;nan;nan;nan;nan;nan;nan;nan;nan;nan;nan;nan;nan;nan;nan;nan;nan;nan;nan;nan;nan;nan;nan;nan;nan;nan;nan;nan;nan;nan;0.0;nan;nan;nan;nan;0.0;nan;nan;nan;0.0;0.0;0.0;0.0;0.0;nan;nan;0.0;nan;nan;nan;0.0;nan;0.0;0.0;0.0;0.0;0.0;0.0;0.0;0.0;0.0;0.0;nan;0.0;nan;0.0;0.0;0.0;0.0;0.0;0.0;0.0;0.0;0.0;nan;0.0;0.0;0.0;0.0;0.0;0.0;nan;nan;0.0;nan;0.0;nan;nan;nan;0.0;nan;nan;nan;0.0;0.0;0.0;nan;0.0;nan;0.0;0.0;0.0;nan;nan;0.0;0.0;nan;0.0;0.0;0.0;nan;nan;nan;0.0;nan;0.0;nan;nan;0.0;nan;0.0;0.0;0.0;nan;nan;nan;0.0;0.0;nan;nan;nan;nan;nan;nan;nan;nan;nan;nan;0.0;nan;0.0;nan;0.0;0.0;0.0;0.0;0.0;nan;0.0;0.0;0.0;0.0;0.0;0.0;0.0;0.0;0.0;0.0;0.0;0.0;0.0;0.0;0.0;0.0;0.0;0.0;0.0;0.0;0.0;0.0;nan;nan;0.0;0.0;nan;nan;0.0;nan;0.0;nan;nan;0.0;0.0;nan;0.0;0.0;0.0;0.0;0.0;nan;nan;nan;0.0;0.0;0.0;0.0;0.0;nan;0.0;nan;nan;nan;0.0;nan;nan;nan;nan;0.0;nan;nan;0.0;0.0;nan;nan;nan;nan;nan;0.0;nan;nan;nan;nan;nan;0.0;nan;0.0;nan;0.0;0.0;0.0;0.0;0.0;0.0;0.0;nan;0.0;0.0;nan;nan;nan;nan;nan;nan;nan;nan;nan;nan;nan;nan;nan;0.0;0.0;0.0;nan;0.0;nan;nan;0.0;0.0;0.0;0.0;0.0;0.0;0.0;nan;nan;nan;nan;0.0;nan;0.0;nan;0.0;nan;0.0;nan;nan;nan;nan;nan;nan;nan;nan;nan;0.0;nan;nan;nan;nan;nan;0.0;0.0;0.0;nan;nan;0.0;0.0;0.0;0.0;nan;0.0;nan;nan;nan;0.0;0.0;nan;0.0;0.0;nan;nan;nan;nan;nan;0.0;nan;nan;nan;nan;0.0;0.0;0.0;nan;nan;nan;0.0;0.0;0.0;nan;nan;nan;nan;nan;nan;0.0;0.0
Pf3D7_13_v3;1725258;SNP,CDS,exon,gene,mRNA;A;T;ACACA (PF3D7_1343700.1-p1-CDS1);ACTCA;C (580/727);_ (580/727);kelch protein K13 (PF3D7_1343700);000:045:000:045;nan;0.0;nan;nan;nan;0.0;nan;0.0;0.0;nan;nan;nan;nan;0.0;nan;nan;nan;nan;nan;nan;nan;nan;nan;nan;nan;nan;nan;nan;nan;nan;nan;nan;nan;nan;nan;nan;nan;nan;nan;nan;nan;nan;nan;nan;nan;nan;nan;nan;nan;nan;nan;nan;nan;nan;0.0;nan;nan;nan;nan;0.0;nan;nan;nan;0.0;0.0;0.0;0.0;0.0;nan;nan;0.0;nan;nan;nan;0.0;nan;0.0;0.0;0.0;0.0;0.0;0.0;0.0;0.0;0.0;0.0;nan;0.0;nan;0.0;0.0;0.0;0.0;0.0;0.0;0.0;0.0;0.0;nan;0.0;0.0;0.0;0.0;0.0;0.0;nan;nan;0.0;nan;0.0;nan;nan;nan;0.0;nan;nan;nan;0.0;0.0;0.0;nan;0.0;nan;0.0;0.0;0.0;nan;nan;0.0;0.0;nan;0.0;0.0;0.0;nan;nan;nan;0.0;nan;0.0;nan;nan;0.0;nan;0.0;0.0;0.0;nan;nan;nan;0.0;0.0;nan;nan;nan;nan;nan;nan;nan;nan;nan;nan;0.0;nan;0.0;nan;0.0;0.0;0.0;0.0;0.0;nan;0.0;0.0;0.0;0.0;0.0;0.0;0.0;0.0;0.0;0.0;0.0;0.0;0.0;0.0;0.0;0.0;0.0;0.0;0.0;0.0;0.0;0.0;nan;nan;0.0;0.0;nan;nan;0.0;nan;0.0;nan;nan;0.0;0.0;nan;0.0;0.0;0.0;0.0;0.0;nan;nan;nan;0.0;0.0;0.0;0.0;0.0;nan;0.0;nan;nan;nan;0.0;nan;nan;nan;nan;0.0;nan;nan;0.0;0.0;nan;nan;nan;nan;nan;0.0;nan;nan;nan;nan;nan;0.0;nan;0.0;nan;0.0;0.0;0.0;0.0;0.0;0.0;0.0;nan;0.0;0.0;nan;nan;nan;nan;nan;nan;nan;nan;nan;nan;nan;nan;nan;0.0;0.0;0.0;nan;0.0;nan;nan;0.0;0.0;0.0;0.0;0.0;0.0;0.0;nan;nan;nan;nan;0.0;nan;0.0;nan;0.0;nan;0.0;nan;nan;nan;nan;nan;nan;nan;nan;nan;0.0;nan;nan;nan;nan;nan;0.0;0.0;0.0;nan;nan;0.0;0.0;0.0;0.0;nan;0.0;nan;nan;nan;0.0;0.0;nan;0.0;0.0;nan;nan;nan;nan;nan;0.0;nan;nan;nan;nan;0.0;0.0;0.0;nan;nan;nan;0.0;0.0;0.0;nan;nan;nan;nan;nan;nan;0.0;0.0
Pf3D7_13_v3;1725259;SNP,CDS,exon,gene,mRNA;C;A;CACAC (PF3D7_1343700.1-p1-CDS1);CAAAC;C (580/727);F (580/727);kelch protein K13 (PF3D7_1343700);000:045:000:045;nan;0.0;nan;nan;nan;0.0;nan;0.0;0.0;nan;nan;nan;nan;0.0;nan;nan;nan;nan;nan;nan;nan;nan;nan;nan;nan;nan;nan;nan;nan;nan;nan;nan;nan;nan;nan;nan;nan;nan;nan;nan;nan;nan;nan;nan;nan;nan;nan;nan;nan;nan;nan;nan;nan;nan;0.0;nan;nan;nan;nan;0.0;nan;nan;nan;0.0;0.0;0.0;0.0;0.0;nan;nan;0.0;nan;nan;nan;0.0;nan;0.0;0.0;0.0;0.0;0.0;0.0;0.0;0.0;0.0;0.0;nan;0.0;nan;0.0;0.0;0.0;0.0;0.0;0.0;0.0;0.0;0.0;nan;0.0;0.0;0.0;0.0;0.0;0.0;nan;nan;0.0;nan;0.0;nan;nan;nan;0.0;nan;nan;nan;0.0;0.0;0.0;nan;0.0;nan;0.0;0.0;0.0;nan;nan;0.0;0.0;nan;0.0;0.0;0.0;nan;nan;nan;0.0;nan;0.0;nan;nan;0.0;nan;0.0;0.0;0.0;nan;nan;nan;0.0;0.0;nan;nan;nan;nan;nan;nan;nan;nan;nan;nan;0.0;nan;0.0;nan;0.0;0.0;0.0;0.0;0.0;nan;0.0;0.0;0.0;0.0;0.0;0.0;0.0;0.0;0.0;0.0;0.0;0.0;0.0;0.0;0.0;0.0;0.0;0.0;0.0;0.0;0.0;0.0;nan;nan;0.0;0.0;nan;nan;0.0;nan;0.0;nan;nan;0.0;0.0;nan;0.0;0.0;0.0;0.0;0.0;nan;nan;nan;0.0;0.0;0.0;0.0;0.0;nan;0.0;nan;nan;nan;0.0;nan;nan;nan;nan;0.0;nan;nan;0.0;0.0;nan;nan;nan;nan;nan;0.0;nan;nan;nan;nan;nan;0.0;nan;0.0;nan;0.0;0.0;0.0;0.0;0.0;0.0;0.0;nan;0.0;0.0;nan;nan;nan;nan;nan;nan;nan;nan;nan;nan;nan;nan;nan;0.0;0.0;0.0;nan;0.0;nan;nan;0.0;0.0;0.0;0.0;0.0;0.0;0.0;nan;nan;nan;nan;0.0;nan;0.0;nan;0.0;nan;0.0;nan;nan;nan;nan;nan;nan;nan;nan;nan;0.0;nan;nan;nan;nan;nan;0.0;0.0;0.0;nan;nan;0.0;0.0;0.0;0.0;nan;0.0;nan;nan;nan;0.0;0.0;nan;0.0;0.0;nan;nan;nan;nan;nan;0.0;nan;nan;nan;nan;0.0;0.0;0.0;nan;nan;nan;0.0;0.0;0.0;nan;nan;nan;nan;nan;nan;0.0;0.0
Pf3D7_13_v3;1725259;SNP,CDS,exon,gene,mRNA;C;G;CACAC (PF3D7_1343700.1-p1-CDS1);CAGAC;C (580/727);S (580/727);kelch protein K13 (PF3D7_1343700);000:045:000:045;nan;0.0;nan;nan;nan;0.0;nan;0.0;0.0;nan;nan;nan;nan;0.0;nan;nan;nan;nan;nan;nan;nan;nan;nan;nan;nan;nan;nan;nan;nan;nan;nan;nan;nan;nan;nan;nan;nan;nan;nan;nan;nan;nan;nan;nan;nan;nan;nan;nan;nan;nan;nan;nan;nan;nan;0.0;nan;nan;nan;nan;0.0;nan;nan;nan;0.0;0.0;0.0;0.0;0.0;nan;nan;0.0;nan;nan;nan;0.0;nan;0.0;0.0;0.0;0.0;0.0;0.0;0.0;0.0;0.0;0.0;nan;0.0;nan;0.0;0.0;0.0;0.0;0.0;0.0;0.0;0.0;0.0;nan;0.0;0.0;0.0;0.0;0.0;0.0;nan;nan;0.0;nan;0.0;nan;nan;nan;0.0;nan;nan;nan;0.0;0.0;0.0;nan;0.0;nan;0.0;0.0;0.0;nan;nan;0.0;0.0;nan;0.0;0.0;0.0;nan;nan;nan;0.0;nan;0.0;nan;nan;0.0;nan;0.0;0.0;0.0;nan;nan;nan;0.0;0.0;nan;nan;nan;nan;nan;nan;nan;nan;nan;nan;0.0;nan;0.0;nan;0.0;0.0;0.0;0.0;0.0;nan;0.0;0.0;0.0;0.0;0.0;0.0;0.0;0.0;0.0;0.0;0.0;0.0;0.0;0.0;0.0;0.0;0.0;0.0;0.0;0.0;0.0;0.0;nan;nan;0.0;0.0;nan;nan;0.0;nan;0.0;nan;nan;0.0;0.0;nan;0.0;0.0;0.0;0.0;0.0;nan;nan;nan;0.0;0.0;0.0;0.0;0.0;nan;0.0;nan;nan;nan;0.0;nan;nan;nan;nan;0.0;nan;nan;0.0;0.0;nan;nan;nan;nan;nan;0.0;nan;nan;nan;nan;nan;0.0;nan;0.0;nan;0.0;0.0;0.0;0.0;0.0;0.0;0.0;nan;0.0;0.0;nan;nan;nan;nan;nan;nan;nan;nan;nan;nan;nan;nan;nan;0.0;0.0;0.0;nan;0.0;nan;nan;0.0;0.0;0.0;0.0;0.0;0.0;0.0;nan;nan;nan;nan;0.0;nan;0.0;nan;0.0;nan;0.0;nan;nan;nan;nan;nan;nan;nan;nan;nan;0.0;nan;nan;nan;nan;nan;0.0;0.0;0.0;nan;nan;0.0;0.0;0.0;0.0;nan;0.0;nan;nan;nan;0.0;0.0;nan;0.0;0.0;nan;nan;nan;nan;nan;0.0;nan;nan;nan;nan;0.0;0.0;0.0;nan;nan;nan;0.0;0.0;0.0;nan;nan;nan;nan;nan;nan;0.0;0.0
Pf3D7_13_v3;1725259;SNP,CDS,exon,gene,mRNA;C;T;CACAC (PF3D7_1343700.1-p1-CDS1);CATAC;C (580/727);Y (580/727);kelch protein K13 (PF3D7_1343700);000:045:000:045;nan;0.0;nan;nan;nan;0.0;nan;0.0;0.0;nan;nan;nan;nan;0.0;nan;nan;nan;nan;nan;nan;nan;nan;nan;nan;nan;nan;nan;nan;nan;nan;nan;nan;nan;nan;nan;nan;nan;nan;nan;nan;nan;nan;nan;nan;nan;nan;nan;nan;nan;nan;nan;nan;nan;nan;0.0;nan;nan;nan;nan;0.0;nan;nan;nan;0.0;0.0;0.0;0.0;0.0;nan;nan;0.0;nan;nan;nan;0.0;nan;0.0;0.0;0.0;0.0;0.0;0.0;0.0;0.0;0.0;0.0;nan;0.0;nan;0.0;0.0;0.0;0.0;0.0;0.0;0.0;0.0;0.0;nan;0.0;0.0;0.0;0.0;0.0;0.0;nan;nan;0.0;nan;0.0;nan;nan;nan;0.0;nan;nan;nan;0.0;0.0;0.0;nan;0.0;nan;0.0;0.0;0.0;nan;nan;0.0;0.0;nan;0.0;0.0;0.0;nan;nan;nan;0.0;nan;0.0;nan;nan;0.0;nan;0.0;0.0;0.0;nan;nan;nan;0.0;0.0;nan;nan;nan;nan;nan;nan;nan;nan;nan;nan;0.0;nan;0.0;nan;0.0;0.0;0.0;0.0;0.0;nan;0.0;0.0;0.0;0.0;0.0;0.0;0.0;0.0;0.0;0.0;0.0;0.0;0.0;0.0;0.0;0.0;0.0;0.0;0.0;0.0;0.0;0.0;nan;nan;0.0;0.0;nan;nan;0.0;nan;0.0;nan;nan;0.0;0.0;nan;0.0;0.0;0.0;0.0;0.0;nan;nan;nan;0.0;0.0;0.0;0.0;0.0;nan;0.0;nan;nan;nan;0.0;nan;nan;nan;nan;0.0;nan;nan;0.0;0.0;nan;nan;nan;nan;nan;0.0;nan;nan;nan;nan;nan;0.0;nan;0.0;nan;0.0;0.0;0.0;0.0;0.0;0.0;0.0;nan;0.0;0.0;nan;nan;nan;nan;nan;nan;nan;nan;nan;nan;nan;nan;nan;0.0;0.0;0.0;nan;0.0;nan;nan;0.0;0.0;0.0;0.0;0.0;0.0;0.0;nan;nan;nan;nan;0.0;nan;0.0;nan;0.0;nan;0.0;nan;nan;nan;nan;nan;nan;nan;nan;nan;0.0;nan;nan;nan;nan;nan;0.0;0.0;0.0;nan;nan;0.0;0.0;0.0;0.0;nan;0.0;nan;nan;nan;0.0;0.0;nan;0.0;0.0;nan;nan;nan;nan;nan;0.0;nan;nan;nan;nan;0.0;0.0;0.0;nan;nan;nan;0.0;0.0;0.0;nan;nan;nan;nan;nan;nan;0.0;0.0
Pf3D7_13_v3;1725260;SNP,CDS,exon,gene,mRNA;A;C;ACACA (PF3D7_1343700.1-p1-CDS1);ACCCA;C (580/727);G (580/727);kelch protein K13 (PF3D7_1343700);000:045:000:045;nan;0.0;nan;nan;nan;0.0;nan;0.0;0.0;nan;nan;nan;nan;0.0;nan;nan;nan;nan;nan;nan;nan;nan;nan;nan;nan;nan;nan;nan;nan;nan;nan;nan;nan;nan;nan;nan;nan;nan;nan;nan;nan;nan;nan;nan;nan;nan;nan;nan;nan;nan;nan;nan;nan;nan;0.0;nan;nan;nan;nan;0.0;nan;nan;nan;0.0;0.0;0.0;0.0;0.0;nan;nan;0.0;nan;nan;nan;0.0;nan;0.0;0.0;0.0;0.0;0.0;0.0;0.0;0.0;0.0;0.0;nan;0.0;nan;0.0;0.0;0.0;0.0;0.0;0.0;0.0;0.0;0.0;nan;0.0;0.0;0.0;0.0;0.0;0.0;nan;nan;0.0;nan;0.0;nan;nan;nan;0.0;nan;nan;nan;0.0;0.0;0.0;nan;0.0;nan;0.0;0.0;0.0;nan;nan;0.0;0.0;nan;0.0;0.0;0.0;nan;nan;nan;0.0;nan;0.0;nan;nan;0.0;nan;0.0;0.0;0.0;nan;nan;nan;0.0;0.0;nan;nan;nan;nan;nan;nan;nan;nan;nan;nan;0.0;nan;0.0;nan;0.0;0.0;0.0;0.0;0.0;nan;0.0;0.0;0.0;0.0;0.0;0.0;0.0;0.0;0.0;0.0;0.0;0.0;0.0;0.0;0.0;0.0;0.0;0.0;0.0;0.0;0.0;0.0;nan;nan;0.0;0.0;nan;nan;0.0;nan;0.0;nan;nan;0.0;0.0;nan;0.0;0.0;0.0;0.0;0.0;nan;nan;nan;0.0;0.0;0.0;0.0;0.0;nan;0.0;nan;nan;nan;0.0;nan;nan;nan;nan;0.0;nan;nan;0.0;0.0;nan;nan;nan;nan;nan;0.0;nan;nan;nan;nan;nan;0.0;nan;0.0;nan;0.0;0.0;0.0;0.0;0.0;0.0;0.0;nan;0.0;0.0;nan;nan;nan;nan;nan;nan;nan;nan;nan;nan;nan;nan;nan;0.0;0.0;0.0;nan;0.0;nan;nan;0.0;0.0;0.0;0.0;0.0;0.0;0.0;nan;nan;nan;nan;0.0;nan;0.0;nan;0.0;nan;0.0;nan;nan;nan;nan;nan;nan;nan;nan;nan;0.0;nan;nan;nan;nan;nan;0.0;0.0;0.0;nan;nan;0.0;0.0;0.0;0.0;nan;0.0;nan;nan;nan;0.0;0.0;nan;0.0;0.0;nan;nan;nan;nan;nan;0.0;nan;nan;nan;nan;0.0;0.0;0.0;nan;nan;nan;0.0;0.0;0.0;nan;nan;nan;nan;nan;nan;0.0;0.0
Pf3D7_13_v3;1725260;SNP,CDS,exon,gene,mRNA;A;G;ACACA (PF3D7_1343700.1-p1-CDS1);ACGCA;C (580/727);R (580/727);kelch protein K13 (PF3D7_1343700);000:045:000:045;nan;0.0;nan;nan;nan;0.0;nan;0.0;0.0;nan;nan;nan;nan;0.0;nan;nan;nan;nan;nan;nan;nan;nan;nan;nan;nan;nan;nan;nan;nan;nan;nan;nan;nan;nan;nan;nan;nan;nan;nan;nan;nan;nan;nan;nan;nan;nan;nan;nan;nan;nan;nan;nan;nan;nan;0.0;nan;nan;nan;nan;0.0;nan;nan;nan;0.0;0.0;0.0;0.0;0.0;nan;nan;0.0;nan;nan;nan;0.0;nan;0.0;0.0;0.0;0.0;0.0;0.0;0.0;0.0;0.0;0.0;nan;0.0;nan;0.0;0.0;0.0;0.0;0.0;0.0;0.0;0.0;0.0;nan;0.0;0.0;0.0;0.0;0.0;0.0;nan;nan;0.0;nan;0.0;nan;nan;nan;0.0;nan;nan;nan;0.0;0.0;0.0;nan;0.0;nan;0.0;0.0;0.0;nan;nan;0.0;0.0;nan;0.0;0.0;0.0;nan;nan;nan;0.0;nan;0.0;nan;nan;0.0;nan;0.0;0.0;0.0;nan;nan;nan;0.0;0.0;nan;nan;nan;nan;nan;nan;nan;nan;nan;nan;0.0;nan;0.0;nan;0.0;0.0;0.0;0.0;0.0;nan;0.0;0.0;0.0;0.0;0.0;0.0;0.0;0.0;0.0;0.0;0.0;0.0;0.0;0.0;0.0;0.0;0.0;0.0;0.0;0.0;0.0;0.0;nan;nan;0.0;0.0;nan;nan;0.0;nan;0.0;nan;nan;0.0;0.0;nan;0.0;0.0;0.0;0.0;0.0;nan;nan;nan;0.0;0.0;0.0;0.0;0.0;nan;0.0;nan;nan;nan;0.0;nan;nan;nan;nan;0.0;nan;nan;0.0;0.0;nan;nan;nan;nan;nan;0.0;nan;nan;nan;nan;nan;0.0;nan;0.0;nan;0.0;0.0;0.0;0.0;0.0;0.0;0.0;nan;0.0;0.0;nan;nan;nan;nan;nan;nan;nan;nan;nan;nan;nan;nan;nan;0.0;0.0;0.0;nan;0.0;nan;nan;0.0;0.0;0.0;0.0;0.0;0.0;0.0;nan;nan;nan;nan;0.0;nan;0.0;nan;0.0;nan;0.0;nan;nan;nan;nan;nan;nan;nan;nan;nan;0.0;nan;nan;nan;nan;nan;0.0;0.0;0.0;nan;nan;0.0;0.0;0.0;0.0;nan;0.0;nan;nan;nan;0.0;0.0;nan;0.0;0.0;nan;nan;nan;nan;nan;0.0;nan;nan;nan;nan;0.0;0.0;0.0;nan;nan;nan;0.0;0.0;0.0;nan;nan;nan;nan;nan;nan;0.0;0.0
Pf3D7_13_v3;1725260;SNP,CDS,exon,gene,mRNA;A;T;ACACA (PF3D7_1343700.1-p1-CDS1);ACTCA;C (580/727);S (580/727);kelch protein K13 (PF3D7_1343700);000:045:000:045;nan;0.0;nan;nan;nan;0.0;nan;0.0;0.0;nan;nan;nan;nan;0.0;nan;nan;nan;nan;nan;nan;nan;nan;nan;nan;nan;nan;nan;nan;nan;nan;nan;nan;nan;nan;nan;nan;nan;nan;nan;nan;nan;nan;nan;nan;nan;nan;nan;nan;nan;nan;nan;nan;nan;nan;0.0;nan;nan;nan;nan;0.0;nan;nan;nan;0.0;0.0;0.0;0.0;0.0;nan;nan;0.0;nan;nan;nan;0.0;nan;0.0;0.0;0.0;0.0;0.0;0.0;0.0;0.0;0.0;0.0;nan;0.0;nan;0.0;0.0;0.0;0.0;0.0;0.0;0.0;0.0;0.0;nan;0.0;0.0;0.0;0.0;0.0;0.0;nan;nan;0.0;nan;0.0;nan;nan;nan;0.0;nan;nan;nan;0.0;0.0;0.0;nan;0.0;nan;0.0;0.0;0.0;nan;nan;0.0;0.0;nan;0.0;0.0;0.0;nan;nan;nan;0.0;nan;0.0;nan;nan;0.0;nan;0.0;0.0;0.0;nan;nan;nan;0.0;0.0;nan;nan;nan;nan;nan;nan;nan;nan;nan;nan;0.0;nan;0.0;nan;0.0;0.0;0.0;0.0;0.0;nan;0.0;0.0;0.0;0.0;0.0;0.0;0.0;0.0;0.0;0.0;0.0;0.0;0.0;0.0;0.0;0.0;0.0;0.0;0.0;0.0;0.0;0.0;nan;nan;0.0;0.0;nan;nan;0.0;nan;0.0;nan;nan;0.0;0.0;nan;0.0;0.0;0.0;0.0;0.0;nan;nan;nan;0.0;0.0;0.0;0.0;0.0;nan;0.0;nan;nan;nan;0.0;nan;nan;nan;nan;0.0;nan;nan;0.0;0.0;nan;nan;nan;nan;nan;0.0;nan;nan;nan;nan;nan;0.0;nan;0.0;nan;0.0;0.0;0.0;0.0;0.0;0.0;0.0;nan;0.0;0.0;nan;nan;nan;nan;nan;nan;nan;nan;nan;nan;nan;nan;nan;0.0;0.0;0.0;nan;0.0;nan;nan;0.0;0.0;0.0;0.0;0.0;0.0;0.0;nan;nan;nan;nan;0.0;nan;0.0;nan;0.0;nan;0.0;nan;nan;nan;nan;nan;nan;nan;nan;nan;0.0;nan;nan;nan;nan;nan;0.0;0.0;0.0;nan;nan;0.0;0.0;0.0;0.0;nan;0.0;nan;nan;nan;0.0;0.0;nan;0.0;0.0;nan;nan;nan;nan;nan;0.0;nan;nan;nan;nan;0.0;0.0;0.0;nan;nan;nan;0.0;0.0;0.0;nan;nan;nan;nan;nan;nan;0.0;0.0
