ID,Barcode,Study,Date,Ns,Xs
J0131403_1511,TACTAATTTTGTATAGATAGCGCGAGACCATAGTAATGCGCTATATAGAAAGACCACCACTTGGTTAAATGACTTCCGAAGCAAGACCC,WGS,1511,0,0
J0151612_1511,NNNNNNTTTNGNATAGATAGNNNGANANCATAGNAATNCGCNATANAGANNGACCACCACTNGGTNANATGNCTTCNNNAGNAANANNN,WGS,1511,31,0
J0272813_1611,AGGTGTTTTCGTATAGATAGCGCGAGACCACAGTGATACGCTATATGGAGTGCCTTCCACTTGGTAACACAACTCTGGAAGTAAATTCC,WGS,1611,0,0
J0010107_1511,XGCTGXTXTXGGAXXGXATXTGCXXGXGCXCAGCAXTATXCTATXTAXGXAGXTCXXXXTCXGGTAACAXGAXCTTCXAAAXXGATXTX,Molecular,1511,0,30
J0010112_1511,TGGXGXTXXXGTAXXNAAAXTNXXAXXCNXNGGTXXCACAXXATXTAXXGTGXNCXXXXTNXXCXAACGTXXXTTXGXAXXTXAAATCX,Molecular,1511,6,37
J0010118_1506,TXGCNXTXXXXGNXXAAAXXXNXXAXXCTXTAGCXXTGCXXXXCXCGXXATGXCCXXXXXCXGCXAXXGXXXXTNXGXXXXTXGXNTTX,Molecular,1506,5,47
J0010120_1412,TGNTXTXTXXXGGXXXAXTGXGXXXXXGNXXXXTAXNXNXXXXCXNXXXGXAXXCXCXXXTXXCTAAXGXAXXTTXXXXXXXXXXANCX,Molecular,1412,6,53
J0010129_1412,XXGXGXTXXXXGGXAAAAAXXAAGAGGCTACGXXGXTACAXTACXTGXAGTGATCXCCATTCGCXAAAAXGXCTCTGXTXXTAAGACCX,Molecular,1412,0,25
J0020202_1412,XGXCGTTTXXXXAXAAATAXXAAGGXGGTXTGXXAXTACAXTCXXCAXXAAAACCXXXXTCXXCTTXXXXXAXTTTXXTAXXXAAXCCX,Molecular,1412,0,38
J0020208_1412,TXCNXTTTXXXXXXAXAAXGTXAGGXXXCACGXXXXTACAXGCTXXAXXNXXACXXTXXXXXGGXXAAXTGACTTCXXTNGTAXXXNCX,Molecular,1412,4,41
J0020301_1412,TANXAXNCTXGXNXXGAXXGTGXGXXGCNXTAGXXXCGNGXXAXXCAXANXGACNXCXXTCXXCXXAAAXXXXTNTGXTXXCCAAAXTX,Molecular,1412,8,37
J0020310_1512,TXXXGTXXTXGTXXAXATXXXACXAXACXGXXXXXXXXCGCGATXXAXXAAXXXCXXCXCCXXGTTXXXXXAXXTCCXXAXCAXGAXXX,Molecular,1512,0,49
J0020313_1412,XXXXAXTXXXXXXXAXAAXXXAXXAXXXXXXXGXXXTAXXXTATXXXXAATXXCXACXXXXXGCXXACXCGGXXXCGXAAAXAXGXXXX,Molecular,1412,0,56
J0020322_1511,XXCXXTNTXXXGAXXAAXXAXGXGAXXNTXCXGTXXTXCNXXCTXTGXAATGXXXXXXXCTXGGXXGCXXXXXTCTGXTXGXXAAXXCX,Molecular,1511,3,46
J0030406_1704,XGGTXXTTTXXXXXAXXTXGXXAGAGXXCGTAGXAXTACGCTXTXXXXAGXXACCXXCATXCAXTXGCXCAACXXXGXTAACAAAXTXX,Molecular,1704,0,37
J0030417_1412,TGGTGTTNTXXGGXANAAAGTAAGAAAGCNTNGTAXTGCGCTATXTGXAGTGATTXTCATCCGGTAACGTANCTTTGXTAANAGGACCX,Molecular,1412,6,9
J0040504_1511,XXGXAXTXTXXGAXXACTXXCGXGXAXGTXXAXXXXXXXXXXXXXXXXXXTGXXXXXXXXXXAGXXAAGXGXXXTCXXXXAXAAXAXTX,Molecular,1511,0,58
J0050616_1512,XGGCGTTTTXGGGXAAATAGCAAGAAXGCACAGTAXTACACGATXTGXAGTGACCXTCATTTGCTAAAACAGCTCTGXAAACAAGTTTX,Molecular,1512,0,10
J0080906_1511,TGGTGXTTTXXGGXGAATAXCAAGGGAGCACAGTAXCACGCTACXTAXAGTGATCXCCACCCGCTTACAXAAATCTGXAAXXAAGTTTX,Molecular,1511,0,14
J0091005_1603,TGGTATTCTXGTAXGAATAGTGCXAAGGTACAATGXTACACGATXCAXAGTAACCXCTATTCGCTAACGCGAATTCGXTCACAAAACTX,Molecular,1603,0,9
J0101103_1705,XGNTAXTNXXXXXXGXATXGXXNXAXXXTXTGGXAXTATGCTXCXXAXGGXXACCAXTXTXXGXTXACXCXXACXTGXACACAAGXTXX,Molecular,1705,3,39
J0111209_1412,TXCTXXXXTXXTXXGAATAXTGXGAXXXXXXXXXXXXGXXXXXCXXAGXGXAATXTTCXCCCGGXXGAACAAXXTXCXXXXXXXGTXXX,Molecular,1412,0,49
J0111211_1412,TGGTATTCTXGGGXAAAAAGTACGAXXGCXTGGTXXTACACTATXTAGAAXGACCXCCATCXGCXXACXXGGXCCCGXAAACAAXTTCX,Molecular,1412,0,19
J0121309_1412,XXXCGTTTTXXXGXXAXAXGTXXGGAXXTXTXXCXXTAXACGCXXXAXXGTXXCXXTXXTCXGCXXXXXXXAXTXXGXXXXTXAAXXXX,Molecular,1412,0,51
J0131404_1511,TGGCGTCCTXGGAXGAAAAGTAAGAAXGTATAGTAXTACGCGATXCAXAGTGACCXCXATCCGGTTACACGGCTTCGXTCGXAAAACTX,Molecular,1511,0,11
J0141506_1506,TGCTGXTCTXGGGXGAAAAGTGCGGGACTACAATGXTGTGCTACXCGXAGTGACCXCCXTCCGCTAACATGAXCTTCXTAGTAGAACCX,Molecular,1506,0,11
J0141506_1511,TGNTGXTTTXGGAXANNNAXTACGGAACNACAGXAXTATNCNANXTGXANTGCCNXTCATCCGCTAANNCAGXTNCGXNNGTAGNTTCX,Molecular,1511,16,12
J0141509_1412,TGCTGTTCTXGGGXGAAAAGTGCGGGXCTACAXTGXTGTGCTACXCGXAGTGACCXCCTTCCGCTAACATGAXCTTCXTAGTAGAACCT,Molecular,1412,0,10
J0151608_1704,XGCTXXNTTXXXXXNXXNXGXXCGNXXXNANNGXNXTACNCNXNXXGXAGXXANNXXCXNXCGCTXACXNNGNXXTGXAAGCAAAXTXT,Molecular,1704,17,35
J0151609_1512,TAGTGXCCTXXGAXAGAAAXXGAGGAAGCXCGGTXXCATGXXAXXTAXAGTGXXTXCXXTTXGGATACGCAAXTTTGXTXXTXGXATCX,Molecular,1512,0,27
J0151616_1412,TGCTATCTTXGGGXAGATTGTGAGGAGCTACAXTAXTACACGACXTAXGGTAATCXTCATCCGGTAACGTGACCCTGXAAACAAATTCX,Molecular,1412,0,9
J0161702_1603,TGGCNXTTTXGGAXNANNAGTANGAAGGCNTAGTNXCACACTATXCNXGGTGANNXCCTCTNGGTANCGTNAATTTGXTAGCANNACCX,Molecular,1603,15,9
J0161708_1412,XGCCXXXXTXXXGXGAAXXXXAAXAXXGXATGXCXXTACAXGCXXXAGXXXAACCXCXAXCXGCXXXXAXGAXTTTXXXAGXXAAAXXX,Molecular,1412,0,45
J0161711_1603,AGCTATTCTXGGAXAAAAAGCAAGGGGGCATAGCAXTACACGACXTGXAGAGACCXCTATTXGGATGCATGACTTCGXAAATAAGACTX,Molecular,1603,0,9
J0171803_1511,TAGTGXTCTXGTAXAAAATGTGAGGXGCCGCAGTAXTACACTACXTGXAGTGATTXCCATCXGGTAAAAXAAXTCCGXTAXXAAGTCTX,Molecular,1511,0,15
J0171804_1412,XXGCAXNXTXXGGXNNAAANTAAGXXXNNXNAXCGXNGCAXTANXCAXNATAATCXTXXTCXGGXAAXXCXAXNNTGXTAXTXAAACTX,Molecular,1412,12,29
J0181907_1412,XXCXGXTXXXXXGXAAATXGCAAGXXXCCXCAXXXXCGCXXXATXTGXAAXGATXXXXXCCXGGXXACXTGNXTTTXXAAXTXAAXXTX,Molecular,1412,1,42
J0181912_1412,XGGXGXTXTXXGGXAAATAACACGXAXGTANGXXXXTACGCTANXNAXAGAAXTCXCTXCCCGCTTAXAXGAATCTGXAAGXXAATNCX,Molecular,1412,4,24
J0202107_1412,TGGTGTCTTXGTAXAAATAGTGCGAGGXCATAGTGXCGTGCGATXTACAXXGATCATCACTCGGTAGCACAGACTTGXAAGCAAXTCTX,Molecular,1412,0,10
J0212203_1412,TGNNATTTTXGGNXNAATTNTAAGNAXGTACAXCAXNACGCTANXTAGAGAGATCXCCANNTGCTNAAACNGATCTGXTANTANGATTC,Molecular,1412,14,8
J0222301_1511,TGCTAXCTTXGGAXAAATTXTGXGGXGGTXCAGTAXTACAXGACXCAXXGTXAXXXTXXTCXGGTAACGTXAXTCTGXAAGXAAAXTTX,Molecular,1511,0,25
J0222306_1412,XXCTGXXXTXXXGXGXATXXXGAXGXXXCXXXXXXXXACXXXXXXXAXXGXXXXCXCXXXCCXCXXAXAXXAXTTTXXXXXXXXXATTX,Molecular,1412,0,59
J0232410_1511,TGNCAXNXTXGTNXANATTXTGAXXXGCTANAGXAXTACAXGACXNAXXGTAXTCXTXATCXGGTAACGXXAXTCTGXAAGXNAATTNX,Molecular,1511,8,24
J0242520_1412,TGGXATTCTXGGGXAAAAAXXAAGAAAGCATGGTAXTACACTATXTAXAATGXCCACCATCCGCTAACGXGGXCCCGXAAACAAGTTCX,Molecular,1412,0,13
J0252609_1412,XGGTXXTXTXXXGXAAXAXXXAAXXXXGCXTGGXGXTGCXXGAXXTGGXXTGACXTXXXXXXGCXXACXXXXACXXGXXXXCAAGXXXX,Molecular,1412,0,48
J0252610_1611,XGCXXTNTTXXXXXAXXAXGXXCXGGXXTXTXGXXXTGCAXGXXXXGXXAXXATXXXXXTXXGCXXACXTAGACXTXXTAGCXXAXTXT,Molecular,1611,1,47
J0252620_1511,XXGXNXTCTXXXNXGAAAXXXGXXXXGCTXCAXTXXTACAXXXXXNAXXGTGXXXXCXXCTXGGXAACACXXXCCTGXAAATAAATTCX,Molecular,1511,3,39
J0262710_1511,XGGTAXTXTXGGXXAGAAXXXGAGAAXGXXTAGTAXTACGCTATXTGXAGTGACCXCCXTTXGXTAAXGXAAXCTTGXTXACXXAAXCX,Molecular,1511,0,28
J0262712_1412,TGCCGTTTTXGGGXGAATAGTAAXGAGGTATAXCAXTGCACGXTXCAGAXAAXCCXCXXXCCGCTTACAXGACTTTGXAAGTAAATCCX,Molecular,1412,0,16
J0262739_1412,XXCXXNTXXXXXXXAXXTXAXXAXAXGXXAXAXCAXXGXXXGXTXXNGXXAXACXXXXAXXXGXXXXAXTGNCXXTCXANNXAXXXXCX,Molecular,1412,5,54
J0262744_1611,XGGTXXTTTXXXXXAXATXGXXCGAGXXCACAGXGXTACGCTXTXXGXAGXXCCTTXCACXTGXTXACXCAACXXTGXAAXXAAAXTXX,Molecular,1611,0,35
J0272802_1412,TGGTATTCTXGGGXAAAAAGTAAGAAAGCATGGTAXTACAXTATXTAXAATGACCXCXATCCGCTAACACGXACCCGXAAACAAGTTCX,Molecular,1412,0,11
J0272813_1704,XGGTXXTTTXXXXXAXXTXGXXCGAGXXCACAGXGXTACGCTXTXXGXAGXXCCTXXCACXTGXTXACXCAACXXTGXAAGXAAAXTXX,Molecular,1704,0,36
J0272815_1704,XGNNXXTTTXXXXXNXXAXGXXNGNNXXCANNGXGXTACGCTCTXXGXAGXXNCNXXNACXTGCTXACXCANNXXTGXAAGXAAAXTXT,Molecular,1704,13,33
J0272815_1705,XGGTXXTTTXXXXXAXXAXGXXCGAGXXCACAGXGXTACGCNXTXXGXAGXXCCTXXCACXTGGTXACXCAGCTXTGXAANTAAAXTXT,Molecular,1705,2,32
J0282916_1704,XGCTATTCTXXXXXGXXTXGXXAGAXXXTATAGXGXCATACGXCXXXXGGXXATTXXCATXCGXTXACXCAACCXTGXAAGXAAAXTXX,Molecular,1704,0,35
K0010105_1412,XGNNGTTNTXGGAXGAAATNNACGAAGNNACAXTAXNGCNNGATXTAXGNXGATCXCCANTXGGTTACAXNGNNTTGXAAGNAGNTCCX,Molecular,1412,17,13
K0010105_1504,AGXXATTTTXGGAXGAATXGTAAGAAACTACAGTAXTACACTATXTAXGGAXATCACCACTCGGTXACACAGCCTTCXAAGTAGATTTX,Molecular,1504,0,12
K0010105_1607,XGGTXXTTTXXXXXXXAAXXXXXXAXXXXXCXGXAXCATGXGXTXXAXXAXXATXXXCACXXXCTXACXCAAAXXTXXTAAXAAAXCXX,Molecular,1607,0,48
K0020203_1511,TGCTAXCTTXXXGXAAATTXXGXXGAGCTXCAGXAXTACAXGACXCAXAGTXATCXXXXTCCGXTAACXXXXCTCTGXAAXTXAATTTX,Molecular,1511,0,29
K0020204_1512,TGCTGTTCTXGGGXAAATAGCAAGGAXCCACAGTAXCACGCTATXTGXAAXGATTXCCACCTGGTAACACGGCTTTGXAAGTAAATTTX,Molecular,1512,0,10
K0030302_1511,TGGTGTTTTXXGGXGAAAAGTAAGAAXCTXTAXTAXTACGXTATXTAXAATXATTXCCATCCGGTAACACAGCTTCCXAAACAAGTTTX,Molecular,1511,0,14
K0030302_1612,XXCXATTXXXXXXXGXXAXGXXXGGXXXXXXAGXXXTAXACXCTXXXXXXXXATXXXXXTXXXCTXXCXCAAXXXTGXXXAXAXAXXXC,Molecular,1612,0,57
K0030303_1511,TGGCAXTTTXGTAXAXAAAGTAAGAAACCATGGTAXCACACGATXTAXAGAGATCXTCATCCGXTAACGTAXCTTCGXAAGTAAAATCX,Molecular,1511,0,12
K0030303_1603,TGNNAANTTXGTGXAAAAAGTACGGGXCNNTAGTAXNANACGATXTAXANTNACNXCNATCCGGTAACACAGCTTTCXTAGTAAATNTX,Molecular,1603,12,9
K0030303_1607,XGCTXACCTXXXXXAXXAXGXXCGAXXXCGTAGXAXXGCGCGXTXXAXXAXXAXCXXCATXTGCTXACXCAGAXXTCXXAXCAAAXCXX,Molecular,1607,0,39
K0030305_1511,XXXXAXTXXXXXGXXAAXXXTAXXXGXGCATXGCXXTXCAXTAXXXAXXGAXXCCXXXAXCXXCTAACXCXXXTCXGXXCXCXXGACCX,Molecular,1511,0,48
K0050508_1603,TGXTGXTXTXGGAXGAATTGTGXGGGXGCACAGCAXCATGCGATXTAXAGAGACCXTXXTTTGGTAACGCAGXCTXGXTAXTAAGTCTX,Molecular,1603,0,18
K0050516_1511,TGGTGXCXTXGGAXAAAAAGTACGAGGGTACAXCAXTATXCGATXTGXAAXXXXCXCCACTCGGTAGAGCXAXTTTGXAAGCAAAXCTX,Molecular,1511,0,19
K0060609_1511,TGGCAXTTXXGTAXAAANNGXAAGAXXCCATAGTAXCACGXGATXTGXAGAGXTCXTXATCCGCTAANGXAAXTTXGXAXXCAAXATCX,Molecular,1511,3,22
K0060609_1605,TGGCAXXXTXGTAXXAAXAGTAXGXXACCXTXXTAXCXCGCXAXXTXXAGAGXXCXTCXTCTXGTAAXGXXXXTTXGXXXXTXAAATCX,Molecular,1605,0,37
K0060614_1511,TAGCGTTCTXXTAXGGATTGCAAGAGXCCATAGTAXTACGCXATXTAXAGXAACCXCCACCCGGTAACGTAAATTTGXAAACAAGTCTX,Molecular,1511,0,12
K0060617_1511,TGGTAXNXTXGGGXNAANTGNGCGNAXGTANAGTGXNNCNXTANXTGXAGTAACCXCXATTCGCTANCGCAAXCTTGXTAXXAGAATCX,Molecular,1511,11,16
K0060617_1605,AGGTATNCTXGGGXNNNNNXCGNGNAXGTANAGTGXTNCNCTXNXTNXNNTNACCXCCNTTCGCTNNCANNACCTTGXTAXXANANTCX,Molecular,1605,23,13
K0060617_1607,XGGTAXTTTXXXXXAXXAXXXXXGAGXXTXTAXXGXTGCAXTXTXXGCGGXXACCTXCXTXXGCTXGXXCAACCXTGXXCACAAAXXXX,Molecular,1607,0,40
K0070713_1610,XGGTAXXXGXXXXXXXXAXGXXCGXXXXTACXGXXXTACGCTXTXXXXGAXXXCXXXCXCXTGCTXXCXXXXXXXTGXAXXXXGAXTXX,Molecular,1610,0,53
K0090903_1511,XGGTAXTTTXGGGXAANTAGCAAGGGACNANXGCGXTACGCGATXNAXGGTGXTTXCCANNCGGTAGXACGXXNNTGXTAXXAAATCTX,Molecular,1511,8,17
K0090903_1603,TGGTAXCCTXGNGXGGAAAATAAGGGACNATGGCGXTACNCNATXNAXGNTGATTXCTANTCGGTAAAACNGACCNGXTAATAAAANTX,Molecular,1603,10,9
K0090903_1610,XGGTXTCCTXXXXXGXXAXAXXAGGGXXTATGGXGXTAXGCGXTXXAGGGXXATTTXTACXCGGTXAAXCAGACXCGXTAATAAAXTXX,Molecular,1610,0,31
K0090905_1607,XAXTXXTCTXXXXXAXXAXXXXXGXXXXTATXGXAXTGCGCTXCXXAXAXXXACXXXXXTXXGXXXXCXTXXCXXTXXTXGCXXGXTXX,Molecular,1607,0,54
K0090906_1504,TAGNGNTTTXGNNXANATAGCNNGANANCATAXNAXTGCGCGANXNAXAGTGACCACCANTTGGTNNCNCGACTNCGXAANCAANNTNN,Molecular,1504,22,7
K0090906_1506,TXXTXXCXTXXXXXAGXTXXXGXGAXAXTXXXGTXXTGTGCTXCXXXXAXXXXCCXCCXTXXGGXXXXXXAXCTXXXXAXAXAAAXTXX,Molecular,1506,0,51
K0101005_1702,XXXCXXTTTXXXXXGXXAXXXXCXGXXXTXTAGXAXTATGXTXTXXXXXGXXACCXXTXTXCGCTXAXXXAAXXXTGXXAACXAAXXXX,Molecular,1702,0,50
K0141403_1506,TGGTGXTTTXGGAXAGAAAGTAAGAAACTGTAGTAXTGCGCTATXTAXAATGATTATCATCCGGTAACACAACTTTGXAAATAAGTCCX,Molecular,1506,0,8
K0141404_1511,XGGTAXTTTXGGGXAAAATXTGCGAGGGTACNGXNXCACGXTACXTGXNGTGXCNXXCXTTTGCTAGCGCAAXCTTGXTCXCNGAATCX,Molecular,1511,5,18
K0151503_1412,TNGTGNTTTXGGAXANATAGCNAGAGXNCNTAXCAXTGCNCGATXNAGANNGACCXCTACTCGGTNAAATGNCTTCCXAAGCAAGANNC,Molecular,1412,14,8
K0151508_1612,XGGTXXTCTXXXXXGXXTXAXXCGXXXXCGXGGXXXXGCXXTXTXXGXAAXXATTTXXXXXXGGTXGXXXGXCXXTGXXAXXAAAXCXC,Molecular,1612,0,49
K0151509_1610,XAXXGTTTTXXXXXGXXAXXXXXGAXXXCXCXAXXXTAXACGXCXXGGXXXXACXXXXXTXXGGTXACXTAGATXTGXXCACXXAXCXX,Molecular,1610,0,48
K0151511_1610,XGGTATTTTXXXXXAXXAXAXXAXAXXXTXTAGXAXTGCGTTXCXXXXAAXXACTTXCXCXCGGTXGAXCGACXXTGXAAGXAAGXTXX,Molecular,1610,0,37
K0151512_1412,TAGXAXTXTXXGAXXAAAXXXGCGXXXGCXTAXXXXTXCXXXCTXCAXXGXXXXXXXXXTXXXGXXACGXGAXTTTXXXXATXXGATTX,Molecular,1412,0,48
K0171707_1412,TNGNGNNTTXGTAXAGATAGXNCGANXNCNNAXTAXTGCNCXATXNAXANTGACNXCCACTXGGTNNANCGNCTTCGXTAGCAANANTX,Molecular,1412,19,13
K0171719_1705,XGNTAATNTXXXXXAXXAXNXXAGGXXXNXCAAXNXNNNGCNATXXXXANXXXCCXXCXTXCGGTXAAXXAACTXTCXTAXCAAAXNXX,Molecular,1705,11,37
K0171723_1412,XGXNGNNNTXXXXXANATXGCXAGAXXXCNTAXXAXTGCGCGATXXAXAAXXACCXXCACXCGGTXNAXCGACTXNCXNAGNANGXCXT,Molecular,1412,11,29
K0171724_1611,XXXTAXTTTXXXXXGXXTXXXXCXXGXXTXXGXXAXTACXCGXCXXAXXXXXATXXXCXTXXACXXAXXXXAXTXXGXTXGCXAXXXXX,Molecular,1611,0,56
K0171728_1605,TGGCAXTTTXGTAXAGATTGTAAGAAXCCATGGTAXCACGCGATXTGXAGAGATCXTCATCCGCTAACGXAGCTTCGXAAXCAAAATCX,Molecular,1605,0,12
K0171730_1603,XGGCAXTCTXXTAXAAATXGXAXGAAXCNXNGGTAXCACGCGATXTAXAGTGXTCXXXATCCGCTANCAXXXXTTCGXXAAXAAANTCX,Molecular,1603,4,25
K0171732_1511,TGCTAXCXTXGGGXXAATTGCGXGGXGCTXCAGXAXTACAXGACXCAXAXTAXTCXXXXTCCGXXAACGTGAXTCTGXAAGCXAXTTTX,Molecular,1511,0,26
K0171732_1612,XGCTAXTTTXXXXXGXCAXGXXAGGGXXCGTAGXGXCGCACTXTXXXXAGXXACCXXCACXCGXTXACXCAGCXXCGXACGCAAGXTXC,Molecular,1612,0,33
K0171742_1612,XGGTATTTTXXXXXAXXAXGXXCGNXXXTGNAGXAXCGCACGXTXXAXXAXXANCXXCXCXCGXTXGCXCGXCXXTNXACGCXGGXCXX,Molecular,1612,4,38
K0171742_1701,XGGTXTTTTXXXXXXXXAXGXXCGXXXXTXTAGXAXCGCACGXTXXXXAGXXACCXXCXCXCGXTXGCXCGACXXTCXXCGCAGGXCXX,Molecular,1701,0,41
K0181810_1412,TGNNGTTTTXXGGXNNATAGNAAGXXGNNATGXCAXTGCACXNTXNAXAGXAACCXXTXNNCGGTTAAAXGAXTTTGXTAGNAANNCNX,Molecular,1412,15,18
K0181810_1612,XGGXXTCTTXXXXXGXXAXAXXAGAAXXCGTAGXAXTATACGXTXXAXGAXXACCAXCATXTGXTXGCXTGXCXXTGXTAACAAAXTXC,Molecular,1612,0,34
K0191907_1511,TXGTGXTXXXXGAXXAAXAXXAXXAXXCTXNXXTXXTNXAXXXNXTAXXNTXXCXXXXXTCXXCXAAAXCXXXTTXXXAXXTXGXNTCX,Molecular,1511,5,49
K0202008_1605,TGCTGXTXTXXTAXAAATAXTAAGAAXCTXCAGCAXCXCGXTATXCAXXGTGXXXXXCAXXCGGTAACAXAAXCCCGXAXAXAAGAXTX,Molecular,1605,0,28
K0212109_1504,TGCTGXTCTXGTAXXAAAXGTGXGXXXGCXTAGTXXTACGXTAXXTAXAGAAATTACCXCTCGXTXACATAXCTTXGXACGXXGATXCX,Molecular,1504,0,26
K0212109_1506,TGCTGXTCTXGTAXGAAAAGTGAGGGGGCXTAGTAXTACGCTACXTAXAGAAATTXCCXCTCGGTAACAXAGCTTCGXACGTAGATCCX,Molecular,1506,0,12
K0212205_1603,XXCXGTTXTXXGAXAAXTXXXGAGAXXGCXXAGXAXXAXXTTATXXGXXXTXXCTXXCACCCGGTAGCXXAXXTTTXXAAXXCAXXXCX,Molecular,1603,0,41
K0222204_1506,XXGXAXCXXXXTGXAANTAACAXXXXXCNXTAGTGXTACGXXAXXNAXXGTGXTTXXXXCNXGGXAGXGXXGXCNTGXTAXXXAATXTX,Molecular,1506,5,39
K0222213_1702,XXGXAXTTXXXXXXGXXTXXXXCXXXXXXNCXGXAXTNCGCGXCXXXXXAXXANCXXXXXXCGGTXGXXTXAXXXXGXTAXCAAXXTXX,Molecular,1702,3,53
K0222213_1705,XNCTXTTTTXXXXXGXXAXGXXCGAXXXNACGGXNXNACACGXCXXGXGNXXATTXXCXTXCGGTXACXCAACTXTNXXAGCAAAXTXX,Molecular,1705,6,35
K0222315_1511,XXGCAXTXTXXTAXXXAAAXTAAGAXACCGTXGTAXCXCGCGXXXXXXXGAGATCXTXXTCCGGTXAXGXXXXTTXXXAAXTAAAATCX,Molecular,1511,0,35
K0232412_1612,XGCTXATCTXXXXXAXXAXAXXCGGGXXCGCGGXAXTGCGCTXTXXXCXAXXACTXXCATXCGCTXAAXXAACXXTCXXAGXCAAXTXC,Molecular,1612,0,36
K0232412_1703,XGCTGATCTXXXXXAXAAXAXXCGGGXXCGCGGXAXCGCGCTATXXAGAAXXACTTXXTTXCGCTXAAXTXACTXTCXTAGTCAAXTXX,Molecular,1703,0,29
K0232412_1704,XGCTXXTCTXXXXXAXAAXAXXCGNAXXCGCGGXAXNGNGCTXTXXXXAAXXACTTXCXTXCGCTXAAXTAACXXTCXXNGXCAAXTXX,Molecular,1704,4,36
K0232412_1705,XGGTXXTCTXXXXXGXXAXGXXCGAXXXTACGGXAXTGCACTXTXXAXAAXXACCTXCATXXXGTXACXCAGCXXTCXAAGTCAGXTXT,Molecular,1705,0,35
K0242508_1412,TXGCGTTXXXXTAXXNAXXNXNXGXXXNCATGXTXXCACGXXATXTGXXGXXXTXXXXXNXXGCXAXXXXXGXTTXGXAXXXXAXXTCX,Molecular,1412,5,48
K0242508_1512,TGCXATCTTXGGAXGGAATGTGAGXGGGXATAGTAXTATACXACXTGXAGTGATCXTCATTTGGTAACACGACXCTGXTAGTAAATTTX,Molecular,1512,0,13
K0242508_1605,TGCNAXCTTXGGAXGGAATXTAAGAAGCNATAGTAXTACACGATXTGXAGTGXTCXCCANTTGGTAACAXAACNTTGXTAXTXAATTTX,Molecular,1605,4,14
K0242508_1607,XGXCAXCXTXXXXXGXXAXXXXXXAAXXCXTAGXAXTATACGACXXGGAGXXACXXXXXTXXGGTXACXCXACTXTGXTAXTXAAXTXX,Molecular,1607,0,43
K0242512_1607,XGXXGXTXTXXXXXAXXXXXXXXGAXXXCXTXAXXXTACAXTXCXXAXXAXXACCXXXXXXXGXXXGCXTXXXTXCXXXCGXAXAXTXX,Molecular,1607,0,57
K0242515_1412,TXXTAXXXXXXGXXXAXAXGXGXGXXXGTGTXXXXXXACXXXXXXTGXXATXXXXTXCXTXXXCXXACXXXXXTXXXXXXXXAAAAXXX,Molecular,1412,0,59
K0252706_1506,XGGCAXTXXXXTNXXAAXXXXAXXAXACCXTNXXXXNACAXXATXTAXXGXGXCCXXXXNNXXCXXACGCXXXTTTXXAXGTXAXATCX,Molecular,1506,5,44
K0252717_1511,XGCTGXTTTXGGGXAAAATXCAAAGAAGCGTAATAXTACGCTATXTAXAGAGACCXTCXTCCGGTAACGXAGXTTCGXTAGTAAAACTX,Molecular,1511,0,14
K0252724_1412,TXGCXXTXXXXXXXXNAAXXXACXXXXNTXCAXXXXCAXXXXATXTAXXNTAXXXXTXXXXXGNXXXXXXGAXTTXGXTAXCXAAXXNC,Molecular,1412,5,52
K0252808_1702,XGCTXXTCTXXXXXGXXTXXXXAXXXXXTXTAGXGXCATACGXCXXXXGGXXATTTXCXXXCGXXXACXCXACXXTGXXAGXXAXXXXX,Molecular,1702,0,49
K0262922_1701,XACTXTTXTXXXXXAXCTXGXXCGAXXXTXCAGXAXTNTGCNXTXXGXAGXXNCCXXTXCXNGGTXGCXTANCTXTGXAANTAAAXTXX,Molecular,1701,6,35
K0262922_1703,XACTXXTCTXXXXXAXCTXAXXCGAAXXTACAGXAXTGTGCTXTXXXXGGXXACCXXTACXCGCTXGCXTAAATXTGXTAACAAAXTXT,Molecular,1703,0,32
K0262932_1611,XAGCATCTTXXXXXXXXAXGXXAGGAXXTGTAGXGXTACGCGXTXXGXAGXXACCXXCATXXGGTXXCXTAACXXTGXAAGXAAAXCXT,Molecular,1611,0,35
K0262935_1702,XGGTXTTCTXXXXXAXXTXAXXAGAXXXCATNGXNXTATGCTXTXXGXXGXXACTAXCXTXCGXTXACXNGNCXXTCXTAGCAAAXTXX,Molecular,1702,4,36
K0262939_1412,XXXTGXTXXXXGGXAAATTGXACXXXGGNXNAXXAXTGCAXTCXXXNXXAXGXXCXXXXTTXXGXXACXXXXXNXXGXTXXXXGAXXTX,Molecular,1412,4,49
K0262940_1603,TAGCGXTTTXGGGXGAAATGTAAGAXACTACAGCGXTACGXTATXTGXAGTGCCTXCCACCCGCTAGCGCGACCTTGXTAACAGAATTX,Molecular,1603,0,11
K0262940_1605,TAGCGXTTTXGGGXGAAATGTAAGAAACTACAGCGXTACGCTATXTXXAGTGXCTXCCACCCGCTAGXGCGACCTTGXTAAXAGAAXTX,Molecular,1605,0,14
K0262940_1612,XXGTXXXXTXXXXXAXXTXXXXAXAXXXCXXAGXGXXXXGCXATXXGXXGXXCTTXXXTCXXGXTXGCXXXXCCXXXXXAGXXXXXXXT,Molecular,1612,0,58
K0262940_1701,XAGCXTTTTXXXXXGXAAXGXXCGNNXXTXXAGXNXTACGCTXTXXGXAGXXCCTAXCACXCGCTXGCXCNXCCXTGXTAAXAGAXNXC,Molecular,1701,5,33
K0262940_1702,XAGCXNTNTXXXXXGXAAXGXXAGAAXXTANAGXGXTACNCTXTXXGXAGXXCCTXXCACXCGCTXGCXCGACCXTGXTAACAGAXTXC,Molecular,1702,4,30
K0262941_1702,XXGTXXTTTXXXXXAXXAXNXXNGXXXXTNTAGXGXXACGCTXCXXAXXAXXAXXXXXXCXCXXTXGAXXGAXXXTGXAAGCXANXTXX,Molecular,1702,4,48
K0262941_1705,XGGTXXTCTXXXXXAXANXAXXAGGXXXCACGGXNXTNCNCGXXXXAXGAXXACNXXCXTXXGCTXACXCAAACXCGXANACAAGXNXX,Molecular,1705,7,36
K0263004_1603,TGGTAATTTXXTAXAAAAAGTGAGAGGCTGCAGCAXCACGCGATXTAXAATAATCATCACCCGCTAACACAAATTCGXTAATAAATCTX,Molecular,1603,0,8
K0263008_1702,XGGTXATCTXXXXXGXXAXGXXCGAGXXTATGGXAXTGCACTXTXXXXAAXXACCXXCATXCGXTXACXCAGCXXTGXAAGXCAGXTXX,Molecular,1702,0,36
K0263008_1703,XGGTXATCTXXXXXGXAAXGXXCGAGXXTATGGXAXTGCAXTXTXXAXAAXXACCXXCXTXCGGTXACXCAGCTXTGXAAGTCAGXTXX,Molecular,1703,0,33
K0263111_1612,XXGTXATTTXXXXXGXXAXAXXXAAXXXTXCXGXXXXAXGCXXXXXXGGGXXXXTXXXXCXXGCXXAAXTGACXXXCXXAXXAGGXTXC,Molecular,1612,0,52
K0263111_1705,XGNCAXNNTXXXXXGXATXGXXCGXXXXTATAGXAXCATACXXCXXAXGGXXATCTXCXTXCGGTXACXXNAAXXTGXTXGTAGAXTXX,Molecular,1705,4,37
K0273207_1511,XGCTXXTTTXGGAXXGAAAXXAXGAAXCXATAXCXXCATAXTCXXTXXXXXGXXXXXXXCCXXCXXGXAXXXXCTXGXXXXCXAXATTX,Molecular,1511,0,46
K0273207_1605,TGCTAXTTTXGXAXGGAAAXTACGAAXCCGTAGCGXCATACTCTXTXXGGXGATCXCCACCXGCTAGCACAACCTCGXAAGCAAAATTX,Molecular,1605,0,15
K0283310_1511,TGCTAXCTTXGTGXGAAAAXCAAXAAGGCGCGGCAXTACGCTCCXTAXAAAAACCXTCXTCXGCXAGCGXXXCCTTGXTAXCAAATTTX,Molecular,1511,0,18
K0303507_1603,TNGTAXNNTXGGNXGAANNGNNXGAAAGCNNAGCGXNNCGCNNTXCAXAGTGACCXNCXNTCGGTAACNCNACTNTGXXAXTANNANNX,Molecular,1603,23,13
K0303507_1605,TGCCGXTTTXXGAXGAAXTGXGXGGGXGTAXGGTAXTACGCTATXTGXAXXGXTCXTCATXCGCXXAAXXAGCTTCGXTAAXXAATTCX,Molecular,1605,0,25
K0303507_1607,XXXCGTTTTXXXXXGXXAXXXXCGGXXXTATGGXAXTAXGCTATXXGXXGXXXTXXXCATXXGCTXAAXXAGCTXCGXXAATAAAXTXX,Molecular,1607,0,41
K0323703_1701,XGCTXXTCXXXXXXXXXTXGXXAGGAXXCACAGXAXCACGCTXTXXGXAAXXATTXXCXCXXGGTXACXCGGXXXTGXAAGXAAAXTXX,Molecular,1701,0,40
K0323703_1704,XGNNXTNTTXXXXXNXXNXGXXCGNXXXNGNNGXAXTACGXTXCXXGXAGXXXNNXXCXNXXGXTXNCXCGGCXXTGXAAGXAAAXTXX,Molecular,1704,13,40
K0323719_1511,TGGCGXXCTXXXGXXGAXAACAXGXXXGCXTXXTGXTXCACXAXXTXXAGTGXXCXCCXTTCXGTTAXGXXXXTTXGXXXXTXAGACCX,Molecular,1511,0,39
K0323725_1511,TGGXGXTTTXXGGXGAAAAGTGAGAAXGCATGGTAXTACGXGATXTGXAATGXTTXCCATTCGGTAGCGXAACTCTGXAAATAGXTCXX,Molecular,1511,0,17
K0323730_1511,TXGXGXTTTXXGGXXNAAAGTACGAXXGCXNGGTAXTACAXGATXTGXAGTXATTXCXXTCXGCTAACGTXXCCTTGXAAANCGNACCX,Molecular,1511,4,23
K0344102_1511,XXGCAXTXTXXGAXAGXXAXTAXXAXXCCXTGGXXXCACAXGAXXTAXAGAGATCXXXXTCCXCTAACGCXAXTCTCXXCXCXGAATCX,Molecular,1511,0,34
K0344111_1511,TAGTAXTCTXGGAXAAAAAGTGCXAAXGCATAGCGXTGCGCTCTXCAXAGXGACCXCCTTTXAGTAACGCGACTTTGXTAXTAGGATTX,Molecular,1511,0,14
K0364312_1511,TGGTXXTTTXXGAXGGAAAGTAAXGGGGTXTXGCXXTGCGXTAXXTGXAATGACCXCXATCXGXXXAAXCGAXTCCGXAAGTAXGTCCX,Molecular,1511,0,25
K0364312_1612,XGXTXTTTTXXXXXAXXTXGXXAGXAXXTATAGXGXTACGCTXTXXXXAGXXACCAXCATXXGXTXGCXTGAXCXTGXXAACAAAXTXX,Molecular,1612,0,38
K0364314_1612,XGGXXXCCTXXXXXXXXTXGXXCGAXXXTGCAGXAXTACGXGXCXXXGAGXXATCAXCXCXTGGTXACXXGXCTXCXXXXACAGGXTXX,Molecular,1612,0,42
K0364324_1612,XGCTATTCTXXXXXGXXTXGXXAGAXXXNXTAGXGXNATACXXCXXAXANXXATTXXCXTXCGXTXACXCAXCXXTGXXAXCAAAXTXX,Molecular,1612,3,40
K0364329_1511,TGCTATCTTXGGGXAAATTGTGAGGAGCTACAGTAXTACACGACXCAXAGTAATCXTCATCCGGTAACGTGACTCTGXAAGCAAATTTX,Molecular,1511,0,8
K0374406_1702,XGCNATTNTXXXXXNXCTXGXXNNAXXXTXNAGXAXNATACNCNXXAXAGXXACNXXCTCXCNCXXACXCXNCCXTGXTCANXANXXXX,Molecular,1702,14,35
K0374406_1705,XGGTXTCTTXXXXXGXXAXNXXAGAAXXCGNAGXAXTATACGXTXXAGGNXXACCXXCATXNGXTXGCXTGACXXTGXTANCAGAXTXC,Molecular,1705,5,32
K0374502_1705,XGGTATTCTXXXXXGXXNXGXXAGAAXXTNTAGXAXCATACNXTXXGXAGXXACCXXCACXCGCTXAAXTAGCTXTGXNCACAAAXTXT,Molecular,1705,4,30
K0384601_1701,XGGTXTTTTXXXXXXXXTXGXXCGAAXXCGXAGXGXTACGCTCTXXGXAGXXCCTTXCXCXXGGTXGCXCGAACXTGXAAGTAAAXTXX,Molecular,1701,0,34
K0384611_1612,XGXTXXTCTXXXXXAXXTXAXXAGAAXXCGTNXXAXTACGCTCTXXAXAXXXACTXXCTCXXGNTXGXXCGAACXTGXTAGCAAAXCXT,Molecular,1612,2,36
K0384611_1701,XGGTAXTTTXXXXXXXXTXGXXXXXXXXTACAGXGXTACGCGCTXXGGAGXXACCTXXXTXXAXTXACXCXXCXXXGXXAACAGGXCXX,Molecular,1701,0,43
K0394917_1611,XGGTATCTTXXXXXGXXXXXXXCXAAXXTXXAGXGXTGCXCTXCXXAXXGXXXCCXXCXTXXGGXXGCXCAAAXXCGXTAATAXAXXXT,Molecular,1611,0,44
K0394923_1610,XGGTXTTCGXXXXXAXXAXGXXCGAGXXTACAGXGXTACGCTXTXXAXGGXXCCTXXCACXTGCTXACXCAGAXXTGXAAAXAGAXTXC,Molecular,1610,0,33
K0394934_1610,XGGTAXTTTXXXXXAXXAXAXXAGAGXXTATAGXAXTGXGTTXCXXAGAXXXACTTXCACXCGGTXGAXCAACTXTGXAAGTAAGXTXX,Molecular,1610,0,32
K0415109_1603,TGNTAXTCTXGGGXNGAATGTGCGAGXNNNNAGTAXCACGCTACXTGXNGXAACNXCCTTTCGNTANCGCAACCTTGXTNACANAATCX,Molecular,1603,12,11
K0425208_1605,TNCNGATTTXGGAXNAAANXXNCGNNAGCANAGTNXTACGCNXTXTAXAGTGANCXTCNTNCNCTAANATNNCTNCGXTAATAANTNNX,Molecular,1605,21,11
N0111111_1607,XGGTAXTCTXXXXXAXXTXGXXAGAAXXTXTGGXXXTGCACTAXXXGGAXXXXTXXXXATXXGXXXACXTAGCTXCGXACAXXAAXTXX,Molecular,1607,0,42
N0111112_1610,XGCTGXTTTXXXXXAXXNXGXXAGXXXXTXTGGXAXCGCGXXXCXXXXAGXXNNCXXCXTXCGGTXAXXCAGCTXTCXXXXXXGAXTXX,Molecular,1610,3,45
N0111114_1611,XGGTXTTTTXXXXXGXATXNXXAGANXXNACGGXAXTNCGCGCCXXAXAGXXACTAXCANXCGGTXACXTNACCXCCXAAACAAAXCXC,Molecular,1611,6,28
N0121205_1611,XAXXXATTTXXXXXAXXAXGXXAXGAXXCXCAGXAXCXCACGXCXXAXGAXXACCXXCXCXCAXTXXCXTAACXXTGXAAACAGAXCXT,Molecular,1611,0,40
N0131303_1612,XGGXGXTCTXXXXXAXXTXGXXCXAXXXTXCAGXNXTGCACTCTXXXXAAXXACCXXCXTXCGGTXGCXCAGCCXTGXXANCAAAXTXX,Molecular,1612,2,38
N0131303_1703,XXXXXXXTXXXXXXXXXTXGXXXGAAXXTGCAXXXXTXTACGXTXXXXAAXXXXCAXCXXXCGXTXACXTGACXXCGXTAAXXAXXXXX,Molecular,1703,0,53
N0131303_1705,XGGTXATCTXXXXXAXAAXNXXANGXXXNXCAAXGXNATGCTXTXXGXAGXXACTXXCXTXCGGTXACXCAACTXTCXTAACAAAXTXX,Molecular,1705,4,34
N0131318_1701,XGNXGXNTTXXXXXAXXNXNXXCGAXXXCXNAGXAXNNTNCTAXXXXXNGXXACCXXCXNXCNNTXGCXXANCNXTGXAAGNAANXTXX,Molecular,1701,16,38
P0010112_1611,XGNTAXTNTXXXXXGXATXXXXCGGGXXTANNGXAXTNCGCNXNXXAXAAXXANCNXCXTXCGCTXGCXNNACTXTGXTNACAGNXTXX,Molecular,1611,13,32
P0010116_1607,XGGCAXTCTXXXXXAXXTXXXXAGAAXXCATAGXAXCACGCGATXXAXAGXXACXXXCXTXXGCTXACXTAACTXCGXAAACAAAXCXC,Molecular,1607,0,34
P0010121_1607,XGGTGXTCTXXXXXAXXTXGXXAGAAXXCATGGXAXCATGCGXTXXAXAXXXATXXXCATXCGCTXACXCAXCTXTCXTAACAGAXTXX,Molecular,1607,0,35
P0020206_1607,XXGTATCTTXXXXXAXXTXXXXXGXXXXCXCXGXXXTGTGXTXCXXGXXXXXXXXXXCATXXXGAXACXTXACXXXGXTAATCAGXCXX,Molecular,1607,0,50
P0020208_1607,XGCTAXCTTXXXXXAXXTXXXXAGGXXXTACXGXAXTAXACGACXXXGAGXXXTXAXCATXCGGTXACXXGXCTXTGXAAGCAAAXTXX,Molecular,1607,0,38
P0020213_1704,XGGTAXTCTXXXXXAXXAXGXXAGGAXXTACAAXAXTACGCTXTXXAXAGXXACCXXCATXCGGTXAAXCAACCXTCXTAACAAAXTXX,Molecular,1704,0,32
P0020214_1607,XGGTAXTTNXXXXXAXXAXGXXAGNGXXTANAGXGXCATNCTATXXGXAGXXANXXXCATXXGGTXGCXCGXCTXTGXTAGNAAAXTXX,Molecular,1607,6,34
P0020214_1612,XGGTXXCTXXXXXXAXXTXGXXAXAXXXTATAGXAXTACGCGXCXXXXGGXXATCXXCXTXCGXTXACXTXXCXXTGXTAGXXAGXTXC,Molecular,1612,0,43
P0020214_1701,XGGTXXCTTXXXXXAXXTXGXXAGAAXXTATAGXAXTACGCGXCXXXXGGXXATCXXCATXCGXTXACXTAACXXTGXXAGXAAGXTXX,Molecular,1701,0,38
P0020215_1607,XXXXXTTXTXXXXXGXXAXAXXCGAXXXXXXAGXXXXAXGXTXCXXGXGXXXATXXXXXTXCGCXXXCXXAACXXCXXXAACAAGXXXX,Molecular,1607,0,55
P0020215_1612,XGGTAXTCXXXXXXGXXAXGXXAGAXXXTXTAGXAXCATACTXTXXGXAGXXACCXXCXCXCGCTXAAXXAGCXXTGXXCACAAXXTXX,Molecular,1612,0,40
P0050519_1701,XACTXTTTTXXXXXGXXAXGXXCGAXXXCXCGGXGXTATACGXCXXGXGGXXATCXXCXTXCGXTXACXCAXCXXTGXXAGCXAAXTXX,Molecular,1701,0,40
P0050519_1703,XACTXTTTTXXXXXGXXAXGXXCGAAXXCACGGXGXTATACGXCXXGXGGXXATCAXCTTXCGGTXACXCAXCTXTGXXAGCAAAXTXX,Molecular,1703,0,33
P0050519_1704,XACTXTTNTXXXXXGXCNXGXXCGAAXXCNCNGXNXTNTACNXCXXGXGGXXANCXXCNNXCGGTXNCXCAANTXTGXTANCAAAXTXT,Molecular,1704,13,30
P0060606_1607,XGNNXXTNTXXXXXAXXTXGXXAGAAXXCANAGXAXCACGCNXTXXGXANXXATTAXCXNXTNGTXACXNNNCXXTGXAANXAAAXTXC,Molecular,1607,12,34
P0060623_1607,XGGTAATTTXXXXXAXXAXGXXAGAGXXTXCAGXAXCACGCGXTXXXXAAXXATCAXCXCXCGCTXACXCAAAXXCGXXAAXAAAXCXX,Molecular,1607,0,36
P0060623_1701,XGGXXXTNXXXXXXAXXTXAXXCXAAXXCXCAGXGXNGTGCTXTXXGGGGXXACNXXCTTXCGCTXACXXGGNXXTGXTAXXAGGXCXT,Molecular,1701,4,39
P0070701_1611,XGGCXTTCTXXXXXAXXAXGXXAAAAXXCGCAGXGXTACGCGXCXXGXAGXXACCAXCACXCGXAXGAXTGGCXXTGXAAACAAAXTXC,Molecular,1611,0,32
P0070724_1610,XGNTXXTCTXXXXXAXXTXGXXAGGXXXTATAGXAXCACACGXNXXAXGGXXANTXXCXCXCGCTXXNXCNNCXXCGXAAATXAAXCXT,Molecular,1610,6,37
P0080805_1701,XGCTXXCTTXXXXXAXXTXGXXCGGAXXTATGGXAXTACACGXTXXGXXGXXATCAXCATXCGXTXACXTGACXXCGXXAGCAAAXTXX,Molecular,1701,0,36
P0080805_1702,XGCTAACTTXXXXXAXXTXGXXCGGAXXTATGGXAXTAXACGXTXXGXAGXXATCAXCATXCGGTXACXTGACCXXGXTAGCAAAXTXX,Molecular,1702,0,32
P0080805_1704,XGCTAXCTTXXXXXAXXTXGXXCGGAXXTATGGXAXXACACGXTXXGXAGXXATCAXCATXCGXTXACXTGACXXCGXXAGCXAAXTXX,Molecular,1704,0,36
P0080811_1701,XGCTAXCTTXXXXXAXXTXGXXAGGXXXTACAGXAXTACACGXCXXXXGGXXATCAXCATXCGGTXACXTGACCXTGXAAXCAAAXTXX,Molecular,1701,0,34
P0080811_1703,XGCTAXCCGXXXXXGXXTXGXXAGGXXXTNCAGXGXTANGCGXCXXGXGAXXATCXXCXCXCGCTXACXNXNACXNCXAAAXAAAXTXX,Molecular,1703,5,36
P0080811_1704,XGNTXXTNTXXXXXGXXTXGXXNGAAXXTGTAGXAXCNTGCTXTXXGXGGXXACCTXNXCXXGCTXGCXCGACCXTGXXCGCAAAXNXX,Molecular,1704,6,35
P0080824_1607,XGGTGATCTXXXXXAXXTXGXXAGAAXXCATAAXGXTAXGCTXTXXAGAXXXACXXXCXTXCAGTXACXCGACTXTGXAAATAAAXXXT,Molecular,1607,0,34
P0080835_1705,XGCCXNTCTXXXXXNXXTXGXXAGNXXXTANAGXAXCATACNXTXXAXGNXXACCXXCATXXGCTXACXXANAXXTGXTAGXAAAXCXC,Molecular,1705,7,36
P0080842_1607,XGGCAXTCTXXXXXAXXTXNXXAGAAXXCATGGXAXCACNCGXTXXXCAGXXANCAXCATXCGCTXACXTAGCTXCGXAAACAANXTXT,Molecular,1607,4,30
P0080842_1701,XGCTXXCTTXXXXXAXXNXGXXCGGNXXTANAGXAXTACACGXCXXGXAGXXATCAXCATXCGCTXACXTAACTXTGXTANCAAAXTXC,Molecular,1701,4,31
P0080858_1607,XGGTXTCTTXXXXXAXXTXXXXXGAAXXTATXGXAXTAXXCGACXXAGXGXXATXXXCATXXGGTXACXTAXXTXTGXTAGTAAGXTXX,Molecular,1607,0,40
P0080867_1607,XGGCATTCTXXXXXXXXTXXXXXXAAXXCXTGGXXXCAXAXGXTXXAGAGXXXTXXXCXTXXGCXXACXTAGATXCGXAAXCXAAXTXX,Molecular,1607,0,45
P0080880_1702,XGCTXXTTXXXXXXNXXTXXXXNGGXXXTNTNGXAXTNCNXGXNXXGXXNXXATCTXCXTXCGXTXXXXTGACCXXGXTAXXXAAXTXX,Molecular,1702,8,45
P0121204_1612,XGGTXATTTXXXXXAXXAXGXXAGAGXXTGCAGXAXCACGCGXTXXAXAAXXATCAXCACXCGCTXACXCAAAXXCGXTAAXAAAXCXC,Molecular,1612,0,32
J0010103_1412,TGGTGTCTTTGTAGAAATAGTGCGAGGXCATAGTGXCGTGCXATATACAXAGATCATCACTCGGTAGCACANACTXGXAAGCAAATCTT,Consensus,1412,1,6
J0020302_1506,AGCTGTTCTTGGGTGAAAAGTAAGGAGGTACAGCAACACGCGACATAGAGTAACCTCCACCTGCTTAAACGGCTCTGCTAGCAGGATTC,Consensus,1506,0,0
J0030406_1701,TGGTGTTTTTTGGTAAATTGTAAGAGGCCGTAGTAATACGCTATACAGAGTGACCTCCATCCAGTAGCGCAACTTCGGTAACAAATTCC,Consensus,1701,0,0
J0030406_1702,TGGTGTTTTTTGGTAAATTGTAAGAGGCCGTAGTAATACGCTATACAGAGTGACCTCCATCCAGTAGCGCAACTTCGGTAACAAATTNC,Consensus,1702,1,0
J0030406_1705,TGGTGTTTTTTGGTAAATTGTAAGAGGCCGTAGTAATACGCTATACAGAGTGACCTCCATCCAGTXGCGCAACTTCGGTAACAAATTCC,Consensus,1705,0,1
J0030407_1512,TAGTXXTTTXGTAXXGAXAXCGAGAGXCCATAGTAXXXCGXTATXTAXAGTGACXACTAXTCGGTXAXATGACTXXXXTAXXAAXAXXX,Consensus,1512,0,28
J0030409_1610,AGGTATTCGCGTGTAAAATGTGCGAGGGTACAGTGATACGCTATATAGGGTGCCTTCCACTTGCTAACACAGATTTGGAAATAGATTCX,Consensus,1610,0,1
J0050605_1511,XXGTGXTTTXXGXXXAAAAACXXGXAXGTAXAGCXXXXCXXXAXXTAGAGXXATCXXXXTXXXXXXGXAXAAXTCTGXAXACXXGAXTX,Consensus,1511,0,43
J0050607_1412,TGCTGTTTTCTTATGAATAGTGAGAAAGTATAGCGXTGCACTACATAGGGAAATCTTCACCCGGTTGAACAACTTTCCTAGCAGGATTC,Consensus,1412,0,1
J0050611_1611,AGGCGATTTTGGGGGAAAAGTACGGGGCTATAGTAACACGCGATGCAGAGTACTCACCATTCGCTAACACGGATCCGCTAATAGGTTCC,Consensus,1611,0,0
J0050617_1611,NGCTGTTTTTTGGTAGAAAGTAAGAGGCCATAGTAACACACGANATGGAGNGACTTNCATCCGCTTAAATAGCTTCGCTAGTAAGATCT,Consensus,1611,4,0
J0050618_1610,AXXTXXTTTXXXXXGAXTXXXXXXXGXXTXXAXXXXXACGCGXTGXXXAGXXCCTXXXXTXXXCXXAXXCXGACXCGXTAAXXAGXXXX,Consensus,1610,0,52
J0060701_1511,TGGXGTTTTTTGGTGAAAAGTGAGAAAGCATNGTATTACGCGATATGGANTGATTNCCATNCGGTANCGTAACTNTGNANATAGGNCNN,Consensus,1511,11,1
J0070804_1610,XGGTXXTCGXXXANXAXAXGXXAGGGAXTATGGTXATACACTXCGTAGAAXXAXCAXCATCTGGTXAXXXGACXXTCXTAATXAAACXX,Consensus,1610,1,28
J0101103_1701,TGCTATTTTCGGATGGATAGTAAGAAGGTATGGTATTATGCTACACAGGGAAATCACTACTCGCTAACACGAACTTGGACGCAAGATCT,Consensus,1701,0,0
J0101103_1702,TGCTATTTTCGGATGGATAGTAAGAAGGTATGGTATTATGCTACACAGGGAAATCACTACTCGCTAACACGAACTTGGACGCAAGATCT,Consensus,1702,0,0
J0101103_1703,XGCTXXTTTXXXXXGGATXGXAAGAAXGTATGGXAXTATGCTACXCAXGGXAATCAXTACXCGCTXACXCGAXCXTGXACGCAAGXTCT,Consensus,1703,0,24
J0101103_1704,TGCXXXTTTXXXXXGXATXXXAAGAAXXTXTAGXAXCATGCTXTXXGXXGXXACCXXXXXXXGCXXGCXCXXACXXXXXCXCXAXXTXT,Consensus,1704,0,46
J0111208_1610,AGGCGATTTTGGGGGAAAAGTACGGGGCTATAGTAACACGCGATGCAGAGTACTCACCATTCGCTAACACGGATCCGCTAATAGGTTCC,Consensus,1610,0,0
J0131406_1512,AGGTATCCTCXGATGAATAATXAAGAGGTGCAGTATCGCACGATATAGAGAAATCACCATCTGGTAACACAGCTCTGGAAACAAGATCC,Consensus,1512,0,2
J0141503_1511,TGNTGTTTTCGGANANNAAGTAAGGAANNACAGTATTANACTACATGGAGTGACNTTCATCCGCTAAAACANCTNCGGNNGTANGTCCC,Consensus,1511,13,0
J0151608_1701,TGGTGTTTTCXGATAAAATATAAGGAAGCGCGATAXTACGCTCCXTAGAGTGATTTXCATCCAGTAGCACAGCTCCCCTAATAAATTTC,Consensus,1701,0,4
J0151608_1703,XGGTAXTCTXXXXXAAXAXGXXAXGAXXTXCAXXXXTACGXXXXXXAXAGXXXCCTXXXTXXXGTXAXXCAACXXTCXTAACAXAXXXT,Consensus,1703,0,45
J0171802_1611,NGCTGTTTTTTGGTAGAAAGTAAGAGGCCATAGTAACACACGATATAGAGNGACTTTCATCCGCTTAAATAGCTTCGCTAGTAAGATCT,Consensus,1611,2,0
J0171804_1610,TGGXXXTCTXGGXTXAAAXGTAAGGGXGTATGGXAXTACGCTACXTAGAAXXXTCAXCATXTGGTXACXXGAXCTTCXTAXTAAAXCXT,Consensus,1610,0,24
J0171805_1611,TGGTGTTCTNGGAGGGAAANNNAGGGAGCGTGGCNATACGCGATACAGNAAGACTTCCACTCGCTAACATAAATCCGXANACAAANCTC,Consensus,1611,8,1
J0171806_1511,TGGTATTTTTXGGGAAATAATGAGAAGCTGCAGTGATACGCGATGTGGAAAGACCACCTCTCGGTAAAACAGCTCCGGAAGTAAGATCC,Consensus,1511,0,1
J0181910_1511,XXXTATXTTXXTAXAGATAGTXCGAXAGCXTAGXAXTGCGXGATXXGXAGXGACCXCXXCTXGGTTXCATXXCTTXCXAAGCXAXATXX,Consensus,1511,0,30
J0181911_1611,AGGCGATTTTNGGGNGAATGTACGGGGNTATAGTAACACGCGACNCAGAGTACTCACCATTCGCTAACACNGACCXGNTAATAGGTTCC,Consensus,1611,6,1
J0222302_1701,XGCXAXTXTXXXXXXXATXGXXAGGXXXTATXGXAXTAXGCGXCXXAXGGXXAXCXXCACXCGCTXXCXCAXCCXTGXACACAGAXXXT,Consensus,1701,0,40
J0232404_1511,TGCTAXCTTXGGAXXGAAAGXGAGAAGGCATAGTAXTATAXXACXXGXGGTGXTCXCCATTXGGTAXCACGXCCTTGXTAXCAAATXTX,Consensus,1511,0,20
J0242509_1611,AGGTGTTTTCGTATAGATAGCGCGAGACCACAGTGATACGCTATATGGAGTGCCTTCCACTTGGTAACACAACTCTGGAAGTAAATTCC,Consensus,1611,0,0
J0242517_1611,TGGTATTTTXGXATGGATXGTXXGAAAXXXTAXTAXCACACGATAXGCANAXAXCACCXTXCGCTXXXACAACTXCGXTANTAAATTNC,Consensus,1611,3,20
J0262707_1412,TGCTGTTTGTGGATAACTAGCGCGGGGGCGTAGTAATGCGCXATGTAGGGAGATCTTCTCTTGGTAGCGTGACCCTGGTCATAAATCTC,Consensus,1412,0,1
J0262707_1506,TGCTXXTXGXXGXXAACXXGCGXGGXGGCXXXGTXXTXCGXXXTGXAGXXXGATCTXXTCTXXGXTGCGTGXXXCTGXTCXTXAAXCTX,Consensus,1506,0,37
J0262723_1511,TAGCGTTCTTTTATGGATTGCAAGAGACCATAGTATTACGCGATGTAGAGAAACCTCCACCTGGTAACGTAAATTTGGAAACAAGTCTT,Consensus,1511,0,0
J0262731_1412,TGGTGTTNTTTGGTANAAAGTAAGAAAGCATAGTATTGCGCTATATGGAGTGATTATCATCCGGTAACGTANCTTXCXTAACAGGACCC,Consensus,1412,3,2
J0272803_1512,TNGTANNNTNGGNNNAANNGNNNGAAAGCNTNGCGNNNCGCNNNNCAGAGTGACCANCNTNCNGTAACACNNCTNNGNNANTANNANNC,Consensus,1512,37,0
J0272804_1511,AGGTAATTTCGGAGAGAATGTACGAGACCGTAGTAACACGCTATATAGGGTGACCACCATTTGCTAGCGCAACCTTGGTCACAGATTTT,Consensus,1511,0,0
J0272805_1412,TGCTXXTTXXXXGXXXAAXXXGXXAXXCXXXAGTXXTAXXXTXCXTXXXGXAXCXXXXXXXXGCXAACXCXAXXXXXXTCAXXXXACCX,Consensus,1412,0,53
J0272809_1611,AGXTGTTTTCGTATAGATXGXGCGAGACCACAGXGATACGCTATXTGGAGTXXCTTXCACTTGGTXACXCAACTCTGXAAGTAAAXTCC,Consensus,1611,0,12
J0272809_1612,AGGTGTTTTCGTATAGATAGNGCGAGNCCACAGTGATACGCTATATGGAGTGCCTTCCACTTGGTAACACAACTCTGGAAGTAAATTCC,Consensus,1612,2,0
J0272810_1506,XXGTAXTXXXXGGXXAAAXGCAXXXXXXTXTAXXXXTGCAXXACXCGXXAXGXCTXXXXTCXXXXAXCGXXXXXTXXXTXXTXAXTXTX,Consensus,1506,0,51
J0272812_1611,AGGTGTTTTCGTATANATAGNGCGAGNNNACAGTGATACGCTATATGGAGTGCCTTCCACTTGGTAACACAACTCTGGAAATAAATTCC,Consensus,1611,5,0
J0272813_1610,XGGTXTTTTCXXXXAXXTXGXXCGAGXXCACAGTGXTAXXCTATXXGXAGXXCCTTXCACXTGGTXACXXAAXTCTGXAAGTCAAXTCC,Consensus,1610,0,29
J0272813_1612,AGGTGTTTTCGTATAGATAGCGCGAGACCACAGTGATACGCTATATGGAGTGCCTTCCACTTGGTAACACAACTCTGGAAGTAAATTCC,Consensus,1612,0,0
J0272813_1701,AGGTGTTTTCGTATAGATAGCGCGAGACCACAGTGATACGCTATATGGAGTGCCTTCCACTTGGTAACACAACTCTGGAAGTAAATTCC,Consensus,1701,0,0
J0272813_1702,AGGTGTTTTCGTATAGATAGCGCGAGACCACAGTGATACGCTATATGGAGTGCCTTCCACTTGGTAACACAACTCTGGAAGTAAATTCC,Consensus,1702,0,0
J0272813_1703,AGGTGTTTTCXTATAAAAXGCGCGAGACCACAGTGXTACGCTATATGGAGTGCCTTCCACTTGGTAACACAGCTCTGGAAGTAAATTCC,Consensus,1703,0,3
J0272813_1705,AGGTGTTTTCGTATAGATAGCGCGAGACCACAGTGATACGCTATATGXAGTGCCTTCCACTTGGTAACACAACTCTGGAAGTAAATTCC,Consensus,1705,0,1
J0272815_1611,AGGTGTTTTCGTATAAAAAGCGCGAGACCACAGTGATACGCTATATGGAGTGCCTTCCACTTGGTXACACAGCTCTGGAAGTAAATTCC,Consensus,1611,0,1
J0272815_1701,AGGTGTTTTCGTATAAAAAGCGCGAGACCACAGTGATACGCTATATGGAGTGCCTTCCACTTGGTAACACAGCTCTGGAAGTAAATTCC,Consensus,1701,0,0
J0272815_1702,AGGTGTTTTCGTATAAAAXGCGCGAGACCACAGTGXTACGCTATATGGAGTGCCTTCCACTTGGTXACACAGCTCTGXAAGTAAATTCC,Consensus,1702,0,4
J0272815_1703,AGGTGTTTTCGTATAGATAGCGCGAGACCACAGTGATACGCTATATGGAGTGCCTTCCACTTGGTAACACAACTCTGGAAGTAAATTCC,Consensus,1703,0,0
J0282915_1511,TXXTGXXXTXXGGTXXAXAXXGXXXXXXCXTXXXXXTACGXXXXXTXXGXTXATTXCXATCXAXXAAXAXAAXXTXXXXAXTXXXXCCX,Consensus,1511,0,52
J0282916_1701,NGCTATTCTTGGATGGATTGNAAGGAGNTACAGTGATACGCXACNNNGGAAAATTTCCACNCGCTAACANNGNTCTNGAANTAAAATCC,Consensus,1701,12,1
J0282916_1702,TGCTATTCTTGGATGAATTGTAAGAGGCTATAGTGACATACGACGTAGGGAAATTTCCATCCGGTAACACAACTCTGGTAGTAAAATTC,Consensus,1702,0,0
J0282916_1703,TGCTATTCTTXGATGGATXGXAAGGAGGTACAGXGXTACGCXACXCGGAAAAATTTCCAXXCGCTXACXCGGATXTCXAAATAAAATCC,Consensus,1703,0,13
J0282916_1705,TGCTAXCCTXGGATGAATXXXXAGAGGXTATAGTAXTATACGXCGXAXGXXAXXXTCCATCCGGTXXCACAACXXTGXTAGTAAAXTTX,Consensus,1705,0,23
K0010101_1611,AGGTATTTTCGGGTGAATXGTGCGGGGCTATAGCAATACGCGATACAGAAAAATCACCATTCGCTAGCATAACTTCGCTAACAGATTTC,Consensus,1611,0,1
K0010105_1506,AGGCAXTTTCGGAXGAAXAXTAAGAAACTACAGTAXTGCACTATATACGGAGATCTCCACTCGGTTACATAGCCTTCCAAGTAGATTTC,Consensus,1506,0,5
K0022008_1512,AGGTAANTTTGGGTGAAAAGTGNGAAAGNGCGGTAANACACXACATAGANAGACCTTNANTCNCTANCATAANTTNGNNNGCAAGATCT,Consensus,1512,14,1
K0030301_1504,TGGTGTTTTCXGGNGAAAAGTGAGAAAGCATAGTAXTACGCTATATAGAGTGACCATCATCCGGTAACGTAGCTTTGXAAATAGGACCT,Consensus,1504,1,3
K0030302_1512,TGGTGTTTTTXGGTGAAAAGTAAGAAXCTGTAGTAXTACGCTATXTAGAATGATTACCATCCGGTAACACAGCTTCCXAAACAAGTTTX,Consensus,1512,0,6
K0030302_1610,AGGTATTTTTGTGTAGAAAATAAGAGAGTATAGTAATGCGTTACATAGAAAGACTTTCACCCGGTAGAGCGACTCTGGAAGTAAGTTTT,Consensus,1610,0,0
K0030302_1611,AGGTANTTTNGGGTNAANXGTGCGNNNCNNTAGNAACACGCTATANGGGNAAANCACCATTTGCTAGCNCAACCTTGGTAACAGATTTC,Consensus,1611,14,1
K0030303_1512,NGCTAANCTNGXGTANAAAGTACGAGACCNTAGTANTNCGCGATATANAGTAACCTTCATTCGCTAACANANNTTTCGTAGTANANNTC,Consensus,1512,14,1
K0030303_1605,TGGCATTTTCGTATAAAAAGTAAGAAACCATGGTATCACACGATGTACAGXGATCATCATCCGNTAACGTAGCTTXGGAAGTAAAATCC,Consensus,1605,1,2
K0030303_1612,AGGTATTTTCGGGTGAATAGTGCGGGGCTATAGCAATACGCGATACAGAAAAATCACCATTCGCTAGCATAACTTCGCTAACAGATTTC,Consensus,1612,0,0
K0050502_1512,TGGXAXTTTXGTATXGAXAGTAXGGXGCCXTXXTAXCXCGCGAXGTGXAGXGXXCXCXXCCCXCTAXXAXAAXTTXGXNXXXAAATXCX,Consensus,1512,1,32
K0050512_1611,TGGTGTTCTCTGAGAGATAGTGAGGGAGTGCAGTGTTACGCTATGCGGGAAGACCTCCACCCGGTAGCACGGCTCCGGTAGTAAAATCC,Consensus,1611,0,0
K0060617_1512,TGGNAATNTTGGGNNNNNNGNGAGNAAGNANAGTGNNACGCTATATAGANTNACCACCATTCGCTNNCNNNACNTTGGTANCANANTCC,Consensus,1512,25,0
K0060617_1603,XGGTAXXCTTGGXXXGAXXGXGAGGAAGCXCXGTGXTAXXCTATXTAGAGTXACXXCCATTCGXTXACXCAACTTTGXTAGXAXAXTCX,Consensus,1603,0,26
K0070714_1611,TGCCGTTTTTGGAGAGAAAGTGCGGGGGCGCAGTAATGTACXATACAGAAAGACCTTCACTTGCTAACACGACTTCGGTAATAGAATTC,Consensus,1611,0,1
K0080809_1612,XGGTXTXXTXXGXXAAXTXAXXXGXXXXXGCGGXGXXGTGCTXXXXGXAXXXACXXXCXTXCGCTXACXCXGCXXTXXTAGCAAGXTXX,Consensus,1612,0,44
K0080809_1702,XGCXAXTTTXXXXXAAAXXGXGAGAGGCTAXAGXAXXACACXXXXCAXAGXXATCXXCATTCGCTXGCXCAACTTTGXTAXCAAAXTXX,Consensus,1702,0,31
K0090903_1512,AGGTATCCTNGNGTGACTANTACGGGACTATAGNGATACGCGATATAGNGTGATTTCNACTCGGTAGCACAGCCCTGGTAATAAATCTT,Consensus,1512,6,0
K0090903_1605,TGGCATCCTCGGGTAGAAAATAAGGGACCATGGCGATACACTATACAGGATGATTACTATCCAGTAACACGGACCCGGTAATAAAACTT,Consensus,1605,0,0
K0090903_1607,XGGTXXCCTXXXXXGAXAXXXXXGGGXXXXTGGXGXTAXGCGXTXXAXXGXXXTTXXTXCXXGGTXXXXCAGACXCGXTAATXAAXTXX,Consensus,1607,0,44
K0101005_1512,TGGTGTTCTTTGATAAATTGTGAGGAAGCGCGGCGATGCGCTCTATAGAGAGATTATCATTCGGTAGCGCAACTTTCGAAACAGAACCC,Consensus,1512,0,0
K0101007_1412,TGCTAATTTNGGGTAAATTGTGCGGAGCTACAGTAXTACACTACATAGGGAGATCACCATCCGGTAACGTGGCTTTGXTAGTAAATTTC,Consensus,1412,1,2
K0111111_1611,TAGTGTTCTTTGATAGCAAGTGCGGAAGTACAGTGATACGCGATACAGGAAGACCATCATTCGCTAGCGCAGCTTCGGTCGTAAATTTT,Consensus,1611,0,0
K0141403_1504,TGGTGTTTTCGGAGAGAAAGTAAGAAACTGTAGTATTGCGCTATATAGAATGATTATCATCCGGTAACACAACTTTGCAAATAAGTCCC,Consensus,1504,0,0
K0141403_1511,TGGTGATTTXXGGGGAATAAXAAGGGXGCACAGTAXCACGCTXCXTAGAGXGATCXCCACCCGCTTACACGAATCTGXXAATAAXTTXX,Consensus,1511,0,14
K0141403_1512,TGGTAATTTXGGAXAGAATGTGAGAAXGTATAGTAXTACGCTATXTGXAGTGACCXCCTTTXGCTAGCGCAACCTTGXTAACAGAATCX,Consensus,1512,0,10
K0161621_1506,TXGXXTTXTXXXAXAGAXAXTAXXXXXXTXTXXTGXTACGCGAXXTGXXATGXCTATCXTCXGGXXACAXXAXTTXCXXXXXAXXACCX,Consensus,1506,0,41
K0171716_1612,TGGTGTTTTTGTAGGAATAGTGAGAAAGCGCAGTATCGTGCTATACGGAGTGACCTTCACCTGCTAGCACGACTTCGGTCGTAAATCTC,Consensus,1612,0,0
K0171716_1701,TGGTGTTTTTGTAGGAATAGTGAGAAAGCGCAGTATCGTGCTATACGGAGTGACCTTCACCTGCTAGCACGACTTCGGTCGTAAATCTC,Consensus,1701,0,0
K0171716_1702,TGGXGTTTTTXTXGGAATXGXXAGAAAGCGCAGTAXCGTGCTXTACGGXGTXACCTTCACCTGCTXGCXCGACXXCGGTCGXAAATCXX,Consensus,1702,0,17
K0171716_1703,TGGTXXTTTXXXXXGAAXXGXGAGAAAGCGCAGXAXCGTGCXXXXCGGAGTGXXCTTCACCTGCTXGXXXGAXTXCGXXCXTAAAXCXX,Consensus,1703,0,30
K0171719_1701,AGGTATTTTXXXXXGGXAXGXXCGGGXXTATAGXAXTACACGXTXXAXAAXXATCXXCATXCGXXXGCXXAACTXXGXAAACAGAXTXC,Consensus,1701,0,32
K0171722_1512,AGCTGTTCTCGGATAGATAGTAAGGGAGTGCAGTATTGCACXATGTAGAATAATCTTCATTTGCATGCACAACCTCGGAAACAGAATTC,Consensus,1512,0,1
K0171728_1512,TGGCATTCTCGTATAAAAAGTAAGAAACCATAGTATCACACGATGTACAGAGACCATCATCCGCTAACGTAACTTCGGAAATAAAATCC,Consensus,1512,0,0
K0171732_1512,TAGTAATCTCGGAGAAAAAGTGCGAAAGCATAGCGTTGCGCTCTACAGAGAGACCACCTTTTAGTAACGCGACTTTGCTAATAGGATTC,Consensus,1512,0,0
K0171738_1412,TGCTATCTTTGGGTAGATTGTGAGGAGCTACAGTATTACACXACATAGGGTAATCATCATCCGGTAACGTGACCCTGCAAACAAATTCT,Consensus,1412,0,1
K0181809_1512,TGGTATTTTTGGGTGAAAAGTAAGAAAGTGTAGTGNTGCACTACACGGAAAGACCTTCATCCGGTAACGCAACTTXGGTAATAAATTTC,Consensus,1512,1,1
K0181810_1705,AGGTXTCTTCTGAGGGAAAXTGAGAAAXCGTAGTATTATACGATATAGGNTXACCACCATTTGGTXGCATGACTTTGXTAGCAAATTTC,Consensus,1705,1,6
K0202002_1512,AGCTATTTTTGGATGAATAGTGCGAAGGCATAGCGATACACTATATAGAGAGACCACCACTTGCTAGCACGACTTCCCTAATAAATCTC,Consensus,1512,0,0
K0212102_1512,TGGTAXTTTXGGAXGAATAGTGCGAXGXCATXGCAATXCACTATXTAGAGXGACCXCCAXTTGCTAGCACAXCTTCCXTAXTAAXTCTX,Consensus,1512,0,16
K0212110_1512,TGGCATTTTCGTATAGATTGTAAGAAACCATAGTATCACACGATGTACAGAGATCATCATCTAGTAACGTAGCTTCGGAAACAAAATCC,Consensus,1512,0,0
K0222208_1611,TGCTGTTCTCGGATAGATAATGCGAAACTGTAGTGTCGTGCGATACGGAATGATCTCCTTTCGGTAACACGGCCTCGGTCATAGATTTC,Consensus,1611,0,0
K0222213_1612,XGGXAXXXXCGXXXGXXAXGTXXGAAXXTATAGTGXTACGCGXTXXGGXAXXXCXAXCACXCGGTXACXXAXATCTGXAAACAAGTTXC,Consensus,1612,0,33
K0222213_1701,XGGXATTTTXXXXXGXXTXGTXXXGGGCTXNAGCAXTACGCGXCXXXXAAAXATCTCCTTTCXCTAGCATAACXTXGXAXACAGAXTTT,Consensus,1701,1,27
K0232412_1701,TGCTXATCTXGTATAAAAXATXCGGGAGCXCGGTAXTGCGCTATATAGAAAXACTTTCXTXCGCTXAAGTAACTTTCXTAGTCAATTTC,Consensus,1701,0,11
K0252713_1512,TGCTXATTTTXGXTGAATAGXXAGGXGGCACAGXXXTACACTAXGTAGAGTGAXCNCCACXCGCTAXCACAANTXTGCXANXAAXTXTC,Consensus,1512,3,18
K0252717_1512,TGCXGTTTTTXGGTAAAATGCAAAGAAGCGTAATAXTACGCTATGTAGAGAGACCTTCATCCGGTAACGCAGCTTCGXTAGTAAAACTT,Consensus,1512,0,4
K0252808_1611,AGGTXATTTTXXATGAXTXGTAAAGAAGCACAGXAXTGCGCTANATAXAAXXXTCTCCACTCGGTXACACAXCTTTCXTAACAGGTTTX,Consensus,1611,1,15
K0252808_1701,TGCTGTTTTCGGGTGAATAGTAAGAAGCTGCAGCGATGTACXATATAGAAAAACCACCACCCGGTAACACGACTCCGGTAATAAGACTC,Consensus,1701,0,1
K0262902_1511,TGCTATCTTCGGATGGAAAGTGAGAAGGCATAGTAATATACTACGTGGGGTGATCTCCATTTGGTAGCACGGCCTTGGTAACAAATTTT,Consensus,1511,0,0
K0262913_1611,TANTNTTTTCTXATGAANAGCGAGNAGGCATAGTAACACACGATXXGGNAAAANCNTCATTNGGTXAAGTAACTCTGXTAGCAAAACCC,Consensus,1611,8,5
K0262922_1612,TACTGTTCTTGGATAACTAATACGAAGCTACAGTAATGTGCTATACAGGGAGACCTTTACTCGCTAGCGTAAATCTGGTAACAAATTTC,Consensus,1612,0,0
K0262922_1702,XACTXTTCTTXXXXAXCTXAXXCGAAXXTACAGXAXTGTGCTXTXXAGGGXXACCXXTACXCGCTXGCXTAAAXXTGXTAACAAAXTXC,Consensus,1702,0,29
K0262922_1704,TACTGTTCTTGGATAACTAATACGAAGCTACAGTAATGTGCTATACAGGGAGACCTTTACTCGCTAGCGTAAATCTGGTAACAAATTTX,Consensus,1704,0,1
K0262922_1705,TACTGTTCTTGGATAACTAATACGAAGCTACAGTAATGTGCTATACAGGGAGACCTTTACTCGCTAGCGTAAATCTGGTAACAAATTTC,Consensus,1705,0,0
K0262935_1612,XGGTATTTTXXXXXXAXTXGXXCGGGXXTATAGXAXTACGCTXTXXGXAATXATCXXCXTXCGCTXGCXTAACXXTGXXAACAGAXTXT,Consensus,1612,0,32
K0262940_1511,TAGCGTTTTTGGGTGAAATGTAAGAAACTACAGCGXTACGCTATATNGAGTGCCTACCACCCGCTAGCGXGACCTTGXTAACAGAATTC,Consensus,1511,1,3
K0262940_1512,TAGCGTTTTTGGGTGAAATGTAAGAAACTACAGCGATACGCTATATGGAGTGCCTACCACCCGCTAGCGCGACCTTGGTAACAGAATTC,Consensus,1512,0,0
K0262940_1703,XAGCXTTTTXXXXTGXAAXGXAAGAAXXTACAGXGXTACGCTXTXXGGAGXGCCTAXCACXCGCTXGCXCGACCXTGXTAACAGAATXX,Consensus,1703,0,25
K0262940_1704,TAGCGTTTTTGGXTAAAXXGTXAGAAACXACAGCXXTACNCTATATGGAGTGCCTACCAXCTGCTAACXCGACXTTGXAAACAAAATXC,Consensus,1704,1,12
K0263004_1511,TGGTAATTTTTTAGAAAAAGTGAGAGGCTGCAGCATCACGCGATATAGAATAATCATCACCCGCTAACACAAATTCGXTAATAAATCTC,Consensus,1511,0,1
K0263004_1512,TGGTAATTTTTTAGAAAAAGTGAGAGGCTGCAGCATCACGCGATATAGAATAATCATCACCCGCTAACACAAATTCGGTAATAAATCTC,Consensus,1512,0,0
K0263008_1612,TGGTXXTCTCTXAGGAAAXGXXCGAGXXTATGGXAXTGCACTATXTAGAATGACCACCXTXCGGTXACXCAGCTTTGXAAGTCAGXTCX,Consensus,1612,0,18
K0263008_1704,TGGXGXTCTCXXXXGAAAAGXGCGAGXCTATGGXAATGCACTATATAXAATXXCCXCCATCCGGTXACXCAGCTTTGGAAGTCAGATXX,Consensus,1704,0,17
K0263008_1705,TGGXGXTCTCTGXXGAXAXGCGCGAAXXTAXGGXAXTACACTATXXXXAATGACCACCATCCGGTXACGCAXCTXTXXAAGTCAGATXX,Consensus,1705,0,22
K0283406_1512,TGGTGATTTTGGGTGAATAACAAGGGNGCACAGTANNACNCNACNNAGAGTGATCNCCACCCGCTTACACAAATCTGCAANCAAGTTTC,Consensus,1512,9,0
K0323702_1611,TGGCGTTCTTGGAGAAAAAGCAAAAAGGCGCAGTGATACGCGACACGGAGTGACCATCACCCGGATGAATGGCTCTGCAAACAAAATCC,Consensus,1611,0,0
K0344032_1512,TGGCATTTTCGTATAAAAAGTAAGGAACCATAGTATCACGCGATGTGCAGAGATTACCACCTAGTAACATAACTTCGGAAACAAATCCC,Consensus,1512,0,0
K0364309_1511,TGGCGTXXTXXGGXGXAAAXXGCXAAAXCXTGGTXXTACGXGXTXTXGAGTXCTTTCXXTCXXGXAACGTAXXTTTGXAAAXXGXACXX,Consensus,1511,0,31
K0364311_1511,TGGTGTTCTCGTGTAAATAGCAAGGAACTGTGGTAATGCACTATATGGAATGACCACCACTCGGTAAAATAACTCCGXACGTAAGTTTC,Consensus,1511,0,1
K0364312_1607,TACTATTCTTGGGGANAANGTACGGAGCTGNGGTATCGCGCXACATAGAGAGACCTTCATTCGGTTACGTGGCTXCGGTAGCAAGTCCC,Consensus,1607,3,2
K0364314_1701,TGGTGACCTCTGATAAATAGTACGAAACTGCAGCAATACGCGACATAXAGTGATCACCACCTGGTAACGCGGCTCCGGTAACAGGTTCC,Consensus,1701,0,1
K0364319_1511,AGCTATTCTCGGGGGAAATGTGAGGGGGCATAGTAACACACTATGTAGAGTAACCTCCATTCGGTAGCACGACTTCGGTAACAGATTTC,Consensus,1511,0,0
K0364319_1612,TGCTATTTTCGGGTAAATAGTAAGGGGCCATAGTGATGCGCGATATAGAAAGACCACCTCCCGGTAGCACAACTTCCCTCACAGGATTC,Consensus,1612,0,0
K0364324_1701,AGCTXXTTTCGXXTGAXTXGTGCXGGGCTATAGNAXTACGCGACXXAXGXAXACCXCCATTCACTAGCATAACXTCGXTAACAGATXCC,Consensus,1701,1,17
K0374406_1612,TGGCXTTTTCXXAXAACAXATAAGAAACTATGGTAXCGTGCGACGTAGGGAGACCATCACCCGGTXGCXXGACTTTGXAAGCAAGACTC,Consensus,1612,0,10
K0374406_1701,XGCCAXTTTXXGGTXAATXGXXAXGXXCTACAGXAXTACACGAXXCAGGGAXXXCXCCXCTCGCTXGCXXAXCTXCGXAXACAGAXTTX,Consensus,1701,0,29
K0374408_1412,TGNTGTTCTNGGGTANAAAGTAAGANAGCANAGTATTGCGCGANANAGANTNATCNCCATCCNNTAACNCAACNNTGCAAANAGGACCC,Consensus,1412,16,0
K0374413_1611,TGNTNTTNTTNGANGNXTAGNNNGNNNNTACAGTNNTACNCNATNNAGGNAGACNNCNANNCGNTANCNCAGCTNTGGTNGCAANNTNN,Consensus,1611,34,1
K0374502_1412,TGGTGTTCTTTGGTGGAAAGTGAGAAAGCATGGTAXTACGCTATATGGAGTGACCACCATCCGGTAACGTAACTTCCXAAACAGGATTT,Consensus,1412,0,2
K0374502_1612,TXCTGTCTTTGXGTGAATXGXXAGAAXCCGTAATGTTATACGATNTGXGGAGXTTXTCATCCGGTXACXXAXATTCGXAAGCAGGXTCT,Consensus,1612,1,15
K0384601_1702,AGGTXXTTTXXXXXAAAAXGXXXGGGGXXAXAGXAXTACACGXTXXXGAAAXACCXXCXTXCAXTXGCXXAXCTXCGXXAACAAAXTXX,Consensus,1702,0,36
K0384602_1512,AGGCAATCTXGGGXAAAATGTGAGAAAGTATAGTGXCACGCTATXCAXAGTGACCACCATTTGCTAGCGCAAXCTTGXTAACAGAATCX,Consensus,1512,0,8
K0384604_1511,XGGTGXTTTXXGGGAGATXGTAAGGAGGTAXAGTXXTACAXGACXTAXAATGXCTXXXATTCGCTAACGCXAXTTTGXAAGXAAGACCX,Consensus,1511,0,20
K0384611_1702,TGGTGTTTTCGGATAAATAGTGAGGGGGCACAGTGXTACACXATGTGGAGAGACCTCCATTTAGTXACGCAGCTTCGXTAACAAGTCCT,Consensus,1702,0,4
K0394906_1611,AGGTATTTTCGGGTGAATAGTGCGGGGCTATAGCAATACGCGATACAGAAAAATCACCATTCGCTAGCATAACTTCGCTAACAGATTTC,Consensus,1611,0,0
K0394938_1611,TGCTGATCTTGTGTAAAAAGTAAGGGACTACGGCATTGCACTACGCAGAGAGACCTTCATCTGGTAACACGACTCTGGTCATAAGTCCC,Consensus,1611,0,0
K0405016_1611,TAGCGTTCGCTGAGGAATAGTGCGGGACTGCGGTATTATGCTXTATAGAGAGACCACCACTCGGTAAAACGACCCTGCAAGCAGGTTTC,Consensus,1611,0,1
K0415108_1701,AGGCXTTTTXXGAGGAATXGXGCGGAGCTACAGXAXTACGCGXTXCAGAAAAATCACCXTTCGCTXGCXXAAXXXCGXTAXCAGATTXT,Consensus,1701,0,19
K0415108_1702,TGCTATTTTCXXXXGGATXGXGXGGNXXTAXXGXAXTACACXXCXXGXXGXXATCXXCATXCACTXXXXTXGCTXXGXAAXCAGATTNT,Consensus,1702,2,33
K0425208_1512,TGXTGTTCTCGGAGAAAAAGTGCGGAAGCATAGCGTTGCGCTCTACAGAGAGATCTTCATCTAGTAACGCGACTTTGCTAACAAGTCTC,Consensus,1512,0,1
K0425216_1511,XXCCGXXXXXXXAXAXATXGXXXGXXGCCAXAGTGXTXCAXGAXXCAXXGAXXTCXXXTTTXGGXXXXAXGGXCCCGXXAXXAGAAXTX,Consensus,1511,0,43
N0050505_1610,XGGXAATTTXXXXXAXAAXGXXXGXAGXXXTAGCXXTACGCGXTXXGXGAAXACCAXXATTTXCTXACXCAACCXTGXAXACAGAXTXT,Consensus,1610,0,33
N0131303_1701,TGCTGTTTTCXXGTGAATAGTAXGAAGCTGCAGCGATGTACXATATAGAAAAACCACCACCCGGTXACXCGACTCCGGTAATAAGACTC,Consensus,1701,0,6
N0131310_1611,XGCXXXTXXXXXXXAXXTXXXXCGAXXXTXXAGXAXCGTGCXXTXXGXXAXXATCXXXATXCGXXXACXCXGCCXXGXTCATXXAXTXX,Consensus,1611,0,49
N0131318_1611,TGCTGTCCTTTGANAAATXACACGAGNGNATAGCANCANACXATANNGAGNGATTTCCACTCGCTAGCNTAGCCTTGGTAATAAAANCN,Consensus,1611,11,2
N0131323_1610,TGCTAXTTTCGGATAGAAXGXNAGGANGTATANTXXTACGCGATATAGANTGATTXCCTCXCGGTXACATXACTTCCXTCACAAGATXC,Consensus,1610,4,11
N0141403_1612,XGGTAXCTTXXXXXAGATXGXAAGAAXCTATAGXAXTACGCGACXTAXGGXGATCTXCATCCGXTXACXTAACXXTGXTAGTAAGTTXX,Consensus,1612,0,24
P0010104_1611,AAGTNTTNTTGGGTAAAAAGTNAGANAGCNCGNTATNNCNCNACGNGGGGNGANCTCCACTNGGTXACACAGCTTTGGTAACAGATTTC,Consensus,1611,14,1
P0010121_1611,XGCXXXTXTXXXXXGXCTXGXXXGXXXXTATXGXGXCGXACTXXXXGXXXXACXTXXXXCXCGXXXAXXXXAATXXGXXAGTXAGXXXX,Consensus,1611,0,53
P0010126_1611,XXCXGATTXXXXXXGAXXXGXXCGAAXXCATAGXXXTXXXXXACXXGXXXXXXTCXXXACXCGXTXXCXXXAXTXXGXTXATAGGXTXX,Consensus,1611,0,50
P0010127_1610,AGCTNTTCTNGGGTGAATAGTANGNAGGTATAGTAXCANACGATXTAGAANGATCTCCACTCGCTXAAACNGCTTCGCTAACAANNCTC,Consensus,1610,9,3
P0010137_1610,AXGTAXXCGXXXXXAXAAXGXXCXAXGGTACAGXGXXACGCTATATXGGGTGCCTTCCXCTTGXXXACXCAGXTTTGXXAXXXGAXTCX,Consensus,1610,0,31
P0020206_1701,TGCTGTTNTNXGGNGAATAGTAAGAAGCTNCAGCGXTNTACGAXANNGAAXAACCACCACCCGXTXXCACGACTCCGGTAATAAGACTC,Consensus,1701,7,7
P0020206_1702,TGNCATTCTTTGNNAGCTAGTNNGAXGNTACAGTANNATACGCTATAGAGAGACCTNCACTCNCTXAAACAACCTTGGTCANAAATTTT,Consensus,1702,11,2
P0020206_1703,NGGTATNNTTNGGGNNAAXGTNAGAANNTNTAGTNANATACNANATGGANAGANCTNCACNCGCTXNNNTANCTTCGGANACAAATNNT,Consensus,1703,25,2
P0020206_1704,XGCCATTCTXXXXXAXCTXGXXXGAAXGTAXAGXAXNATACTCTXTNXXGXGACCTXCACXCXCTXAAXCAXCCXTGXTCACAAAXTXX,Consensus,1704,2,30
P0020206_1705,TGGTATTCTTTXGGGGAAAGTAAGAAACTATAGTAACATACTATATGGAGAGACCTCCACTCGCTTAANTAGCTTXGGTCACAAATTTT,Consensus,1705,1,2
P0020213_1612,AGGTAATCTCGTGGAAAATGTGAGGAACTACAATAATACGCTATATAGAGAAACCTCCATTCGGTAAAACAACTTTCGTAACAAATTCC,Consensus,1612,0,0
P0020213_1701,AGGTAATCTCGTGGAAAATGTGAGGAACTACAATAATACGCTATATAGAGAAACCTCCATTCGGTXAAACAACTTTCGTAACAAATTCC,Consensus,1701,0,1
P0020213_1705,AGGTAATCTCGTGGAAAATGTGAGGAACTACAATAATACGCTATATAGAGAAACCTCCATTCGGTXAAACAACTTTCGTAACAAATTCX,Consensus,1705,0,2
P0020215_1701,TGXTATTCTCXGGGGGATAGTAAGAAXCTATAGXAXCATACTCTXTGGAGTGACTTCCACTCACTXACACAGCTTCGGTAACAAAACTC,Consensus,1701,0,7
P0030304_1607,NGCTATTCTTGGGTAAAAAGTGAGAAGGTNCAGCAXCACGCTATNNAGAGTAATCTTNANNTGGTXACATAGATTTGXTCATAAATTTX,Consensus,1607,7,4
P0050504_1611,TGGTGTTTTTGGGGAACAAGTACGAAGGCGCGGCAATACGCTCTACGGAGTGACCACTACCCGGTAACATAAATTCGCTAGCAAATTTC,Consensus,1611,0,0
P0050514_1611,TGCTATCTTTTGGGAAAAAGTAAGAAGGCGTAGTATTACACGATATGGAATAATTTCCATTCGCTAGCATAGATTTGGTAGTAAATTTC,Consensus,1611,0,0
P0050519_1705,TACTGTTTTCXGGGGAAAXGTACGAAAGCACGGXGXTATACGACGTGGGGNGATCACCTTCCGGTXACXCAACTTTGXTAGCAAAATCT,Consensus,1705,1,7
P0060609_1611,AGCTGTTCTCGGGTGAATAATAAGGAGGTATAGTGACATACGACACAGAGAGATTTCCACCCGGTAAAACGGCTTCGCAAACAAATCCC,Consensus,1611,0,0
P0060616_1611,TGGTGTTTTCGTATGAAAAGTGCGGAAGCGCAGTANTACACTATGTAGGGTGACCACCACTCGCTAGCACAGCCTTGGACATAAGATTC,Consensus,1611,1,0
P0060620_1611,NGNTNTCNTTTGGTAGAATATACGAAAGNGCNGNNNNGTNCNACACNCGNTGACCTCCTTCCGCTAACNCAGCCTTGXTAGCAAGNNNC,Consensus,1611,18,1
P0060622_1611,TGGTGTTCTTGGGTAAATAACAAGAAAGCATAGCGATATGCTATGTGGAGTGACTATCATTCGGTTACATGACTCTCGTAGCAAATTTT,Consensus,1611,0,0
P0060623_1612,TGGTNTNCTTNGGNAGATNATANGNNAGCGCGGCGANGTGCTANACGGGNTGACCNNCNTNCGCTAACNCAGCTNTNGTAGCAAGNTTX,Consensus,1612,19,1
P0060623_1702,NNCTGTNCTTTGGTXGAANATACGAAAGCGCAGTANCGCACGATACGCGANGACCTXCTTCCGCTAACGCAGCCNXNCTAGCANGNTTC,Consensus,1702,10,3
P0060623_1703,TGGTGTTCTTGGGTAAATAACAAGAAAGCATAGCGATATGCTATGTGGAGTGACTATCATTCGGTTACATGACTCTCGTAGCAAATTTT,Consensus,1703,0,0
P0060623_1704,AGCTGTCCTTXTGTGGAANATACGAAAGCGCAGTAXCGCACGATACACGAXGACCTCCTTCCGCTXACGTAGCXNXGCTAGCAGGNXTC,Consensus,1704,3,7
P0060623_1705,TGGTNTTCTNGGGTAAATAACAAGAAAGCATNGNNATATGCTATGNGGAGNGACTATCANTCGGTNACNNGNCTCTCGTAGCAAATTTT,Consensus,1705,12,0
P0070705_1611,TGCXANTCTTNXXGAGAAXGXAAGGXAGTGTAGTAXXACGCGATGCGGGNAGATTTCCACNCANTXGCXCAGATNTGXTAXTAAATTCC,Consensus,1611,6,12
P0070707_1610,TGGTXACTTXGXXXAAATXGXXAGAAGXTXTAGXAXCXTACTATAXGGAGTAATTTTCXCXCGCTXAXXCAAXCXCGXAAACAXAXXXX,Consensus,1610,0,27
P0070710_1607,TGGCATTTTNGTATAAAAAGTAAGAAACCATAGTATCACGCGATNTGCAGNGANCATCATCXNCTAACNNAACTTCGGAANTAAAATCC,Consensus,1607,8,1
P0070711_1611,XGXTAXXXTXXXXXGXXXAXXXCXXXXXCXCAGXAXXGCXCXXCXXAXXAXXAXCXXCXXXCGCTXAAXCAGCTXTGXTAGCXGGXTXX,Consensus,1611,0,48
P0070722_1612,AGCTGTTTTCGGGGGAAAAGCGCGAAAGCATAGTGATACATTACATGGAGTGATCTCCACCCGCTAACGCAACTTCGGTAATAAGATTT,Consensus,1612,0,0
P0070722_1701,AGCTGTTTTCXGGGGAAAAGCGCGAAXGCATAGTGXTACATTACXTGGAGTGATCTCCACCCGCTXACGCAACTTCGGTAATAAGATTX,Consensus,1701,0,6
P0070722_1702,AGCTGTTTTCGGGGGAAAAGCGCGAAAGCATAGTGATACATTACATGGAGTGATCTCCACCCGCTAACGCAACTTCGGTAATAAGATTT,Consensus,1702,0,0
P0080805_1612,TGCTATCTTTGTGTAAATTGTGCGGAAGTATGGTATTACACGATATGGAGTAATCATCATCCGGTAACGTGACTCCGGTAGCAAATTCC,Consensus,1612,0,0
P0080805_1705,TGCTATCTTTGTGTAAATTGTGCGGAAGTATGGTAXTACACGATATGGAGTAATCATCATCCGGTXACGTGACTCCGGTAGCAAATTCC,Consensus,1705,0,2
P0080836_1612,AGCTGTTTTCGGGGGAAAAGCGCGAAAGCATAGTGATACATTACATGGAGTGATCTCCACCCGCTAACGCAACTTCGGTAATAAGATTT,Consensus,1612,0,0
P0080836_1701,AGCTGTTTTCGGGGGAAAAGCGCGAAAGCATAGTGATACATTACATGGAGTGATCTCCACCCGCTAACGCAACTTCGGTAATAAGATTT,Consensus,1701,0,0
P0080840_1611,AGGTXXTTTXGXXXGAXTXGXXCGGGGXTXTXGXAXTACGXGATXXAXAAXXAXXACXTTXXXCXXGAXTXAXTXCGXXAACAXATXXX,Consensus,1611,0,39
P0080842_1612,TGCTGTTTTTGGGTAAATTGTGCGGAAGTATGGTAATACACGATATGGAGTAATCATCATCCGGTAACATGACTTXGGTAGCAAATTTC,Consensus,1612,0,1
P0080842_1703,TGCTXTNTTXXXNTXAATXGTGCGGXXNTATGGXAXTACACGACACGGAGXNATCATCATXCGGTXACATGACTXXGXTAGCAAATTXX,Consensus,1703,4,18
P0080842_1704,TGCCNTNTTNGNNTNAAATGTGNGGAAGTATGGTANTACNCNANANGGAGNNATCATCATCCGCTAANNTGGCXNTGNAAGCAAATTNC,Consensus,1704,19,1
P0080842_1705,TGCTGTCTTTGGGTAAANXGTGCGGNGCTACAGTANTACACGATACGGAGTAATCATCATCCGGTAACGTNACTNTGGTAATAAATTTC,Consensus,1705,5,1
P0080843_1611,TGCTATCTTTTGGGAAAAAGTAAGAAGGCGTAGTATTACACGATATGGAATAATTTCCATTCGCTAGCATAGATTTGGTAGTAAATTTC,Consensus,1611,0,0
P0080854_1611,AGGTATTTTCGGGTGAATAGTGCGGGGCTATAGCAATACGCGATACAGAAAAATCACCATTCGCTAGCATAACTTCGCTAACAGATTTC,Consensus,1611,0,0
P0080857_1702,XGGTATTTTCXXGXGAATXGTGCGGXXNTATXGXAXTACGCGATXCAGAXXAATCAXCATXCGCTXGCXTXACTXCGXTAACAGAXTNC,Consensus,1702,2,21
P0080880_1612,TACTGTTCTCTGAGAGATXXTNCGAAGGCACAGCANCGCACGCTACGGGAAGACCTCCTTCCAGTTACGCAGCCTCGCTAGCAAGACTX,Consensus,1612,2,3
P0090904_1610,XGXTXXTXTXXXXXAXCXXXXXCGXXXXTATAGXXXCACXXXXTXXGXGGXXATCXXXACCCGCXXXAXCAXAXXXXXTAAXCXGXXXT,Consensus,1610,0,50
P0090907_1701,XGCXXXTTTXXXXXGXXAXGXXCGXXXXXXCAGCAXXGTXCXXTXXXXGXXXACCXXCXCXXXCTXXCXXXACXXXXXXAXXAGAXTXX,Consensus,1701,0,54
P0111104_1611,TGCTATCTTTTGGGAAAAAGTAAGAAGGCGTAGTATTACACGATATGGAATAATTTCCATTCGCTAGCATAGATTTGGTAGTAAATTTC,Consensus,1611,0,0
P0111105_1701,AGGTATTTGXXXXXAAXTXGXGCGGAXCTATAGXAXTACGCGXTXCAXAAAXATCAXCTTTCGGTAGCAXAACTTTGXXXXCAGXXTTX,Consensus,1701,0,24
P0111106_1611,TGGCATCTTCGGATGGATAATGAGAAACTACAGCATTACACTATACAGAGTGACCTCCACTCGGTAGCGTAACTTTCGTAGTAAAATTC,Consensus,1611,0,0
P0121204_1701,XGGTXATTTXXXXXAAAAXGXGAGAGXXTGCAGXAXCACGCGATXXAGXAXAATCXXCACXCGCTXACXCAAAXTCGXTAAXAAAXCXX,Consensus,1701,0,28
P0121204_1703,XGGTXATTTXXXXXAAAAXGXXAGAGXCTGCAGXAXCACGCGXTXXAXAAXXATCXXCACXCGCTXACXCAAAXXCGXTAACAAAXCXX,Consensus,1703,0,30
P0121204_1704,XGGTAXTTTXXTXXAAAAXGXXAXAGXXTXCAGXAXCACXCGXTAXAGAATXATCATCACXCGCTXAXACAAXTXCGXXAATAAATCTX,Consensus,1704,0,27
P0121204_1705,TGGXAATTTTXXAGAAAAAGXGAGAGGCTGCAGXAXCACGCGATXTAGAATAATCATCACCCGCTXACACAAATTCGGTAATAAATCTC,Consensus,1705,0,8
