CHROM,POS,ID,REF,ALT
Pf3D7_01_v3,145515,.,T,A
Pf3D7_01_v3,180554,.,G,A
Pf3D7_01_v3,283144,.,C,G
Pf3D7_01_v3,535211,.,C,T
Pf3D7_02_v3,470013,.,G,A
Pf3D7_02_v3,529709,.,T,A
Pf3D7_02_v3,714480,.,T,C
Pf3D7_02_v3,839620,.,T,C
Pf3D7_03_v3,656861,.,T,G
Pf3D7_04_v3,110442,.,C,T
Pf3D7_04_v3,139051,.,G,T
Pf3D7_04_v3,286542,.,G,T
Pf3D7_04_v3,529500,.,G,A
Pf3D7_04_v3,531138,.,G,T
Pf3D7_04_v3,648101,.,G,A
Pf3D7_04_v3,881571,.,A,G
Pf3D7_04_v3,891732,.,A,C
Pf3D7_04_v3,1037656,.,A,T
Pf3D7_04_v3,1102392,.,A,T
Pf3D7_05_v3,350933,.,G,A
Pf3D7_05_v3,369740,.,T,C
Pf3D7_05_v3,796714,.,A,G
Pf3D7_05_v3,1204155,.,A,C
Pf3D7_06_v3,900278,.,G,A
Pf3D7_06_v3,1282691,.,G,A
Pf3D7_06_v3,1289212,.,A,G
Pf3D7_07_v3,461139,.,G,A
Pf3D7_07_v3,619957,.,G,C
Pf3D7_07_v3,635985,.,T,C
Pf3D7_07_v3,704373,.,A,G
Pf3D7_07_v3,1044052,.,T,C
Pf3D7_07_v3,1066698,.,G,A
Pf3D7_07_v3,1213486,.,G,A
Pf3D7_07_v3,1256331,.,C,T
Pf3D7_07_v3,1358910,.,A,G
Pf3D7_07_v3,1359218,.,A,T
Pf3D7_08_v3,150033,.,T,C
Pf3D7_08_v3,339406,.,A,G
Pf3D7_08_v3,399774,.,C,T
Pf3D7_08_v3,413067,.,A,G
Pf3D7_08_v3,417335,.,C,T
Pf3D7_08_v3,701557,.,T,G
Pf3D7_08_v3,1056829,.,C,A
Pf3D7_08_v3,1313202,.,T,C
Pf3D7_08_v3,1314831,.,G,A
Pf3D7_09_v3,163977,.,C,T
Pf3D7_09_v3,452690,.,A,G
Pf3D7_09_v3,599655,.,G,C
Pf3D7_09_v3,900277,.,A,G
Pf3D7_09_v3,1379145,.,G,A
Pf3D7_10_v3,317581,.,A,T
Pf3D7_10_v3,336274,.,A,G
Pf3D7_10_v3,1383789,.,A,C
Pf3D7_10_v3,1385894,.,C,T
Pf3D7_10_v3,1386850,.,C,T
Pf3D7_11_v3,408668,.,T,A
Pf3D7_11_v3,477922,.,C,T
Pf3D7_11_v3,828596,.,T,C
Pf3D7_11_v3,1006911,.,A,T
Pf3D7_11_v3,1018899,.,T,C
Pf3D7_11_v3,1020397,.,C,T
Pf3D7_11_v3,1294107,.,C,T
Pf3D7_11_v3,1802201,.,G,A
Pf3D7_11_v3,1815412,.,C,G
Pf3D7_11_v3,1935031,.,T,A
Pf3D7_11_v3,1935227,.,T,A
Pf3D7_12_v3,857245,.,A,G
Pf3D7_12_v3,858501,.,C,A
Pf3D7_12_v3,1663492,.,A,G
Pf3D7_12_v3,1667593,.,T,C
Pf3D7_12_v3,1934745,.,G,A
Pf3D7_13_v3,159086,.,A,G
Pf3D7_13_v3,388365,.,A,C
Pf3D7_13_v3,1056452,.,T,C
Pf3D7_13_v3,1233218,.,T,C
Pf3D7_13_v3,1419519,.,T,C
Pf3D7_13_v3,1466422,.,G,C
Pf3D7_13_v3,1867630,.,G,C
Pf3D7_13_v3,2161975,.,T,A
Pf3D7_13_v3,2573828,.,A,C
Pf3D7_14_v3,107014,.,G,A
Pf3D7_14_v3,137622,.,T,C
Pf3D7_14_v3,438592,.,A,C
Pf3D7_14_v3,1757603,.,A,G
Pf3D7_14_v3,2164225,.,A,G
Pf3D7_14_v3,2355751,.,T,A
Pf3D7_14_v3,2733656,.,C,T
Pf3D7_14_v3,3046108,.,C,T
Pf3D7_14_v3,3126219,.,C,T
