Genome_ID,Barcode,Ns,Xs
J0020311_1412,XXXXXXXXXXXXXXXXXXXXXXXXXXXXXXXXXXXTXXXXXXXXXXXXXXXXXXXXXXXXXXXXXXXXXXXXXXXXXXXXXXXXXXXXXXXXXXXXXXXXX,0,100
K0242518_1412,XXXXXXXXXXXXXXXXXXXXXXXXXXXXXXXXXXXXXXXXXXXXXXXXXTXXXXXXXXXXXXXXXXXXXXXXXXXXXXXXXXXXXXXXXXXXXXXXXXXXX,0,100
J0262707_1412,TXGCTXGTTTXXGTGGXATAACTAXGCGCXGGGGGCGTAGTXAATGCGCTATGTAGGGAGATCTTCTCTTXGGTAGCGTGXACCCTGGTXCATAAATXCTC,0,12
J0050605_1412,XXXXXXXXXXXXXXXXXXXXXXXXXXXXXXXXXXXTXXXXXXXXXXXXXXXXXXXXXXXXXXXXXXXXXXXXXXXXXXXXXXXXXXXXXXXXXXXXXXXXX,0,100
J0050607_1412,TXGXTXGTTTXXTCTTXATGAATAXGTGAXGAAAGTATAGCXXXTGCACTACATAGGGAAATCTTCACCCXGGTTGAACAXACTTTCCTXAGCAGGAXTTC,0,15
J0262731_1412,TXGXTXGTTNXXTTTGXGTANAAXXGTAAXGAAANCATNGTXATTNCXCTATATGGAGTGATTATCATCCXGGTAAXGTAXNCTTCNXTXAANAGGAXCCC,8,17
J0111201_1412,TXXXXXXXTXXXXCXGXXXXAAXXXXXXXXGXXXGXXXXXXXXXTXCXXTXXXXXXXGXXACCXCXXTCXXXXXXXXXXXXXXXXXXXTXXXXAXAXXXXX,0,80
J0020316_1412,XXXXXXXXXXXXXXXXXXXXAXXXXXXXXXXXXXXXXXXXXXXXXXXXXTXXXXXXXXXXXXXXXXXXXXXXCXXXXXXXXXXXXXXXXXXXXXXXXXXXX,0,98
J0262732_1412,XXXXXXXXXXXXXXXXXXXXXXXXXXXXXXXXXXXXXXXXXXXXXXXXXTXXXXXXXXXXXXXXXXXXXXXXXXXXXXXXXXXXXXXXXXXXXXXXXXXXX,0,100
J0192001_1412,XXXXXXXXXXXXXXXXXXXXXXXXXXXXXXXXXXXTXXXXXXXXXXXXXTXXXXXXXXXXXXXXXXXXXXXXXXXXXXXXXXXXXXXXXXXXXXXXXXXXX,0,99
J0010103_1412,TXGGTXGTCTXXTTGTXAGAAATAXGTGCXGAGGGCATAGTXXXCGNNCTATATACAGAGANCATCACTXXGGTAGCACAXNNCTCGXAXAGCAAATXCTT,5,16
J0010125_1412,XXXXXXXXXXXXXXXXXXXXXXXXXXXXXXGXXXXTXXXXXXXXXXXXXTXXXXAXXXXXXXXXXXXXXXXXXXXXXXXXXXXXXXXXXXXXXAXXXXXXX,0,96
J0101102_1412,XXXXXXXXXXXXXXXXXXXXAXXXXXXXXXXXXXXXXXXXXXXXXXXXXTXXXXXXXXXXXXXXXXXXXXXXXXXXXXXXXXXXXXXXXXXXXXXXXXXXX,0,99
J0272805_1412,XXXXXXXXXXXXXXXXXXXXXXXXXXXXXXXXXXXTXXXXXXXXXXXXXTXXXXAXXXXXXXXXXXXXXXXXXXXXXXXXXXXXXXXXTXXXXXXXXXXXX,0,97
J0010113_1412,XXXXXXXXXXXXXXXXXXXXXXXXXXXXXXXXXXXXXXXXXXXXXXXXXTXXXXXXXXXXXXXXXXXXXXXXXXXXXXXXXXXXXXXXXXXXXXXXXXXXX,0,100
J0272803_1412,XXXXXXXXXXXXXXXXXXXXXXXXXXXXXXXXXXXXXXXXXXXXXXXXXTXXXXXXXXXXXXXXXXXXXXXXXXXXXXXXXXXXXXXXXXXXXXXXXXXXX,0,100
K0283320_1506,XXXXXXXXXXXXXXXXXXXXXXXXXGXXXXXXXXXXXXXXXXXXXXXXXTXXXXGXXXXXXXXXXXXXXXXXXXXXXXXXXXXXXXXXXXXXXAXXXXXXX,0,97
K0090901_1506,XXXXXXXXXXXXXXXXXXXXXXXXXXXXXXXXXXXXXXXXXXXXXXXXXTXXXXXXXXXXXXXXXXXXXXXXXXXXXXXXXXXXXXXXXXXXXXXXXXXXX,0,100
K0161601_1506,XXXXXXXXXXXXXXXXXXXXAXXXXXXXXXXXXXXXXXXXXXXXXXXXXXXXXXXXXXXXXXXXXXXXXXXXXXXXXXXXXXXXXXXXXXXXXXXXXXXXX,0,100
J0262707_1506,XXGXTXXXXXXXXXXXXXXXAXXXXGXXXXGXXGXXXXXXXXXXXXXXXXXTGXXGXXXXXXXTXXTXXXXXGXXXXXXXXXXXXXXXTXXXXXXXXXXXX,0,88
J0060703_1506,XXXXXXXXXXXXXXXXXXXXXXXXXXXXXXXXXXXXXXXXXXXXXXXXXXXXXXAXXXXXXXXXXXXXXXXXXXXXXXXXXXXXXXXXXXXXXXXXXXXXX,0,100
J0181906_1506,XXXXXXXXXXXXXXXXXXXXXXXXXXXXXXXXXXXTXXXXXXXXXXXXXXXXXXXXXXXXXXXXXXXXXXXXXXXXXXXXXXXXXXXXXXXXXXXXXXXXX,0,100
K0010105_1506,AXGXXXAXTTXXTCXGXXXGAAXXXXTAAXGAAACTACAGXXXXTGCACNATATACGGXXXXXTCCXCTXXGGTXXCATAXGCCTTCCAXAGTAXATXXTC,1,35
J0171803_1506,XXXXXXXXXXXXXXXXXXXXXXXXXXXXXXXXXXXXXXXXXXXXXXCXXXXXXXXXXXXXXXXXXXXXXXXXXXXXXXXXXXXXXXXXXXXXXXXXXXXXX,0,100
J0272810_1506,XXXXXXXXXXXXXXXXXXXXXAXXXXXXXXXXXXXXXXXXXXXXXXCXXXXXXXXXXXXXXXXXXXXXXXXXXXXXXXXXXXXXXXXXXXXXXXXXXXXXX,0,99
J0020302_1506,AXGCTXGTTCXXTTGGXGTGAAAAXGTAAXGGAGGTACAGCXAACACGCGACATAGAGTAACCTCCACCTXGCTTAAACGXGCTCTGCTXAGCAGGAXTTC,0,12
K0010102_1506,XXXXXXXXXXXXXXXXXXXXXXXXXXXXXXXXXXXXXXXXXXXXXXCXXXXXXXXXXXXXXXXXXXXXXXXXXXXXXXXXXXXXXXXXXXXXXXXXXXXXX,0,100
K0394923_1506,XXXXXXXXXXXXXXXXXXXXAXXXXXXXXXXXXXXXXXXXXXXXXXCXXXXXXXXXXXXXXXXXXXXXXXXXXXXXXXXXXXXXXXXXXXXXXXXXXXXXX,0,99
K0161621_1506,XXXXXXXXTXXXXXXXXXXXXXXXXXXAXXXXXXXXXXXXTXXXXACXXGAXXTGXXXXXXCXXXXXXXXXXGXXAXAXXXAXTXXXXXXXXXAXXXXCXX,0,84
K0374408_1412,NXGNTXGTTNXXTNGGXGTNNAAAXGTAAXGANAGCANAGTXATTGCGCGANANAGANNNATCNNCATCCXNNTAACNNAXACNNTGCAXAANAGGAXCCC,22,12
K0171738_1412,TXGCTXATCTXXTTGGXGTAGATTXGTGAXGGAGCTACAGTXATTACACTACATAGGGTAATCATCATCCXGGTAACGTGXACCCTGCAXAACAAATXTCT,0,12
K0374502_1412,TXGGTXGTTCXXTTTGXGTGGAAAXGTGAXGAAAGCATGGTXXXTACGCTATATGGAGTGACCACCATCCXGGXXACGTAXACTTCCXAXAACAGGAXTTT,0,17
K0101007_1412,TXGCTXAATTXXTNGGXGTAAATTXGTGCXGGAGCTACAGTXXXTACACTACATAGGGAGATCACCATCCXGGTXAXGTGXGCTTTGXTXAGTAAATXTTC,1,17
J0060701_1504,XXXXXXXXXXXXXXXXXXXXAXXXXXXXXXXXXXXXXXXXXXXXXXCXXXXXXXXXXXXXXXXXXXXXXXXXXXXXXXXXXXXXXXXXXXXXXAXAXXXXX,0,97
K0060610_1504,XXXXXXXXTXXXXXXXXXXXXXXXXXXXXXXXXXXXXTXXXXXXXXCGCXXXXXXXXXXXXXXXXXXXXXXXXXXXXXXXXAXXXXXXXXXXXXXAXXXXX,0,94
K0141403_1504,TXGGTXGTTTXXTCGGXAGAGAAAXGTAAXGAAACTGTAGTXATTGCGCTATATAGAATGATTATCATCCXGGTXACACAXACTTTGCAXAATAAGTXCCC,0,13
K0030301_1504,TXGXTXXTTNXXTCXGXGNNAAAXXXTNAXGAAAGCATAGTXXXTACGCTXTATAGANTGXXXAXXATXCXGGTAACGTAXGCTTXXXAXAATAXGAXXCT,5,31
K0222202_1504,XXXXXXXXXXXXXXXXXXXXXXXXXXXXXXXXXXXXXXXXXXXXXXCXXXXXXXXXXXXXXXXXXXAXXCXXXXXXXXXXXAXXXXXXXXXXXAXXXXXXX,0,96
K0020202_1504,XXXXXXXXXXXXXXXXXXXXXXXXXXXXXXXXXXXXXXXXXXXXXXXXXXXXXXXXXXXXXXXXXXXXXXXXXXXXXXXXXXXXXXXXXXAXTXXXXXXXX,0,99
K0262940_1512,TXAGCXGTTTXXTTGGXGTGAAATXGTAAXGAAACTACAGCXGATACGCTATATGGAGTGCCTACCACCCXGCTAGCGCGXACCTTGGTXAACAGAAXTTC,0,12
K0141403_1512,XXXXXXXXXXXXXXXXXXXXXAXXXXXXXXXXXXGTXXXXXXXXTXXXXXXXXXNXXXXXXXXXXXXXXXXXCXXXXXXXXXXXXXXXXXXXXXXXXXXXX,1,95
K0090903_1512,AXGGTXATCNXXTNGNXGTNACTAXNTANXGGGACTATNGNXGATACGCGATATAGNGTGATTTCNACNCXGGTAGCACAXGCCNTGGTXAATAAATXCTT,12,12
K0212110_1512,TXGGCXATTTXXTCGTXATAGATTXGTAAXGAAACCATAGTXATCACACGATGTACAGAGATCATCATCTXAGTAACGTAXGCTTCGGAXAACAAAAXTCC,0,12
K0263004_1512,TXGGTXAATTXXTTTTXAGAAAAAXGTGAXGAGGCTGCAGCXATCACGCGATATAGAATAATCATCACCCXGCTAACACAXAATTCGGTXAATAAATXCTC,0,12
K0202002_1512,AXGCTXATTTXXTTGGXATGAATAXGTGCXGAAGGCATAGCXGATACACTATATAGAGAGACCACCACTTXGCTAGCACGXACTTCCCTXAATAAATXCTC,0,12
K0252713_1512,TXGNXXGATTXXTTXGXGTXAATXXNCAAXGGGNNCACAGTXAXNACXCNACGNAGAGTGATCNCCACCCXGCXXACACAXANTCTGCAXANCAAGTXTTC,10,20
K0283406_1512,TXGNTXGATTXXTTNGXGTGAATAXACAAXGGGNNNACAGTXANNACNCNACNNAGAGTGATCNCCACCCXGCTTACACAXANTCTGCAXANCAAGTXTTC,14,12
K0344032_1512,TXGGCXATTTXXTCGTXATAAANAXGTAAXGGAACCATNGTXATCACGCGATGTGCAGAGATTACCACCTXNGTAACNTAXACTTCGGAXAACAAANXXCC,5,13
K0171728_1512,TXGGCXATTCXXTCGTXATAAAAAXGTAAXGAAACCATNGTXATCACACGATGTACAGAGACCATCATCCXGCXAACGTAXACTTCGGAXAANAAAAXTCC,2,13
K0171732_1512,TXAGTXAATCXXTCGGXAGAAAAAXGTGCXGAAAGCATAGCXGTTGCGCTCTACAGAGAGACCACCTTTTXAGTAACGCGXACTTTGCTXAATAGGAXTTC,0,12
K0022008_1512,AXGGTXAANTXXTTGGXGTGAAAAXGTGNXGAXAGNGCGGTXAANACACTACATAGANAGACCTNNANTCXNCTANCATAXNNTTNGNNXNNCAAGNXNCT,19,13
K0212102_1512,XXXXXXXXXXXXXXXXXXXXXAXXXXXGXXXXXXXXXTXXXXAAXXXXXXXXXXAGXXTXXXXXXXXTXXXXXXXXXXXAXGXXXXXXXXXXXXXGXXXXX,0,89
K0425208_1512,TXGCTXGTTCXXTCGGXAGAAAAAXGTGCXGGAAGCATAGCXGTTGCGCTCTACAGAGAGATCTTCATCTXAGTAACGCGXACTTTGCTXAACAAGTXCTC,0,12
K0050502_1512,XXXXXXAXTXXXXXXXXATXXAXXXXXXXXXGXXXXXTXXXXXXXXCXXGXXGTGXXGXXXXXXXXXXXXXXXXXXXXXAXAXTXXXXNXXXXAXATXXCX,1,80
K0030302_1512,TXGGXXGTTTXXXTXGXGTXAAAXXXTAAXGAXXCTGTAGXXXXTACGCTAXXTAGAANGXTTAXXATXCXGGXXXXAXAXGXTTXXXAXAAXAAGTXTTX,1,40
K0181809_1512,TXGGTXATTTXXTTGGXGTGAAAAXGTAAXGAAAGTGTAGTXGNTGCACTACACGGAAAGACCTTCATCCXGGTAACGCAXXCTTCGGTXAATAAATXTTC,1,13
K0171722_1512,AXGCTXGTTCXXTCGGXATAGATAXGTAAXGGGAGTGCAGTXATTGCACTATGTAGAANAATCTTCATTTXGCATGCACAXACCTCGGAXAACANAAXTTC,2,12
K0030303_1512,NXGCNXAANNXXTNGGXGTANAAAXGTACXGAGACCNTAGTXANTNCNCGATATANAGTAACCTNCATNNXGCTAACNNAXNNTTTCGTXAGTANANXNTC,21,12
K0101005_1512,TXGGTXGTTCXXTTTGXATAAATTXGTGAXGGAAGCGCGGCXGATGCGCTCTATAGAGAGATTATCATTCXGGTAGCGCAXACTTTCGAXAACAGAAXCCC,0,12
K0252717_1512,TXGCCXGTTTXXTTXXXGTAAAAXXGCAAXAGXAGCGTAATXXXTACGCTATGTAGAGAGACCTTXATCCXXGTAACGCAXGCTTCGXTXAGTAAAAXXTT,0,22
K0060617_1512,NXGGNXANTNXXTTNGXGNNNNNNXGNGAXGNAAGNANAGTXGNNACGCTATATAGANNNACCACCATTNXGCTNNCNNNXACNTTGGTXANCANANXTCC,30,12
J0272803_1512,TXNGTXANNNXXTNGGXNNNAANNXNNNNXGAAAGCNTNGCXGNNNCGCNNNNCAGAGNGACCANCNTNNXNGTAACNCNXNCTNNGNNXANTANNAXNNC,41,12
J0131406_1512,AXGGTXAXCCXXTCTXXATGAATAXATAAXAGAGGTGCAGTXATCXCACGATATAGAGAAATCACCATCTXGGXXACAXAXGCTCTGGAXAACAAGAXTCC,0,18
K0060617_1603,XXXGXXXXCCXXTTXXXAXAGAXXXXXGXXGGAXGCGCGGXXXXTXTXXTAXXTAGAGTXXXTXCXATTXXXGXXACXXAXAXTTTXXTXXGTAXAXXXCX,0,53
K0090903_1605,TXGGCXATCCXXTCGGXGTAGAAAXATAAXGGGACCATGGCXGATACACTATACAGGATGATTACTATCCXAGTAACACGXGACCCGGTXAATAAAAXCTT,0,12
K0030303_1605,TXGGCXATTTXXTCGTXATAAAAAXGTAAXGAAACCATGGTXATCACACGATGTACAGAGATCATCATCCXGNTAACGTAXGCTTCXGAXAGTAAAAXTCC,1,13
K0364311_1511,TXGGTXGTTCXXTCGTXGTAAATXXGCAAXGGAACTGTGGTXXATGCACTATATGGAATGACCACCACTCXGGTAAAAXAXACTCCGXAXCGTAAGTXTTC,0,16
K0263004_1511,TXGGTXAATTXXTTTTXAGAAAAXXGTGAXGAGGCTGCAGCXATCACGCGATATAGAATAATCATCACCCXGCTAACACAXAATTCGXTXAATANATXCTC,1,14
J0272804_1511,AXGGTXAATTXXTCGGXAGAGAATXGTACXGAGACCGTAGTXAACACGCTATATAGGGTGACCACCATTTXGCTAGCGCAXACCTTGGTXCACAGATXTTT,0,12
J0131403_1511,TXACTXAATTXXTTGTXATAGATAXGCGCXGAGACCATAGTXAATGCGCTATATAGAAAGACCACCACTTXGGTTAAATGXACTTCCGAXAGCAAGAXCCC,0,12
K0141403_1511,XXXXXXXXTXXXTXXXXGGXAAXXXXTXXXXGXGGXAXXXXXXXXXCXXTCXXXAGXGAXXXXXXXXXXXXXXXXXXXXGXXXTXXXXTXAXTAXAXXXCX,0,75
J0050605_1511,XXXXXXXXXXXXXXXXXXXXAAXXXXXXXXXXXXXXXXXXXXXXXXXXXXXXXXXGXXXXXXXXXXXXXXXXXXXXXXXXXXXXXXXXXXXXXXXXXXXXX,0,98
K0364319_1511,AXGCTXATTCXXTCGGXGGGAAATXGTGAXGGGGGCATAGTXAACACACTATGTAGAGTAACCTCCATTCXGGTAGCACGXACTTCGGTXAACAGATXTTC,0,12
K0364309_1511,TXGXCXXTCXXXTXXXXXXNGAXXXXXXXXXXXXCXXXXGXXXXTXCXXXXXXXAGXGXXXXXTXXXXXXXXGXXXXXXXXXXXXXXXXXXAXXXAXXXTX,1,80
J0282915_1511,XXXXXXXXXXXXXXXGXGTXGAXXXXXXXXXXXXCCXXXXXXXXXXXXXTXXXXXXGXTXATTXXXXTCXXAXXXXXAXXXXXCXXXXXXXXXXAAXXXXX,0,81
K0384604_1511,XXXXXXXXTXXXTXXXXGGXGAXXXXXAXXGXXXXXAXAXXXXXXXCXXGAXXTXXXXXXXXXXXXXXXXXXXXXXXXXXXAXXXTXXXXAGXAXGXXXXX,0,81
K0364323_1511,XXXXXXXXXXXXTXXXXXXXAAXXXXXXXXXXXXXXXXXXXXXXXXXXXTXXXXXXXXXXXXXXXXXXXXXXCXXXXXXXXXXXXXXXTXXXXXXXXXXXX,0,95
K0262940_1511,TXAXCXGTTTXXTTGGXGTGAAXTXGTAAXGAAACTACAGCXXXTACGCTATATNGAGTGCCTACXACCCXGCTAGCXXGXACCTTGXTXAACAGAAXTTC,1,20
K0425216_1511,XXXXXXXXCXXXXXXXXXXXXAXXXXXXXXGXXXXCAXXXXXXXXXXXXXAXXXXXXGXXXXXXXXXXXXXGXXXXXXXGXGXCXNXXXXAXXXXAXXXXX,1,87
J0232404_1511,XXXXXXXXXXXXTXXXXXXXXXXXXXXXXXXXXXXXXXXXXXXXXXXXXXXXXXXXXXXXXXXXXXXXXXXXXXXXXXXXXXXXXXXXXXXXXXXXXXXXX,0,100
J0141503_1511,NXGNTXNTTTXXTCNGXANANNNXXGTAAXGGAANNACAGTXATTANACTACATGGAGTGNCNTTCATCCXGCTAANNNAXNCTNCGGNXNNTANGTXCCC,22,13
J0060701_1511,TXGGTXGTTTXXTTTGXGTGAAAAXGTGAXGAAAGCATNGTXATTACGCGATATGGANTGATTNCCATNCXGGTANCGTAXACTNTGNAXNATAGGNXCNN,11,12
J0171806_1511,TXGGTXATTTXXTTXGXGGAAATAXATGAXGAAGCTGCAGTXGATACGCGATGTGGAAAGACCACCTCTCXGGTXAAACAXGCTCCGGAXAGTAAGAXTCC,0,14
J0262723_1511,TXAGCXGTTCXXTTTTXATGGATTXGCAAXGAGACCATAGTXATTACGCGATGTAGAGAAACCTCCACCTXGGTAACGTAXAATTTGGAXAACAAGTXCTT,0,12
J0181910_1511,XXXXXXXXXXXXXXXXXXXXXXTXXXXXXXXXXXXXXXXXXXXXXXXXXXXXXXXXXXXXXXXXXXXXXXXXXXXXXXXXXXXXXXXXXXXXXXXXXXXXX,0,100
K0262902_1511,TXGCTXATCTXXTCGGXATGGAAAXGTGAXGAAGGCATAGTXAATATACTACGTGGGGTGATCTCCATTTXGGTAGCACGXGCCTTGGTXAACAAATXTTT,0,12
J0151612_1511,NXNNNXNNTTXXTNGNXATAGATAXGNNNXGANANCATAGNXAATNCGCNATANAGANNGACCACCACTNXGGTNANATGXNCTTCNNNXAGNAANAXNNN,31,12
K0384602_1512,AXXXXXAXTXXXTXGXXXXAAAXXXXTGXXGAXAGXXTXGXXXXXXCXXTAXXXAXAGTXXXXACXATXTXGCXAXXXXAXAXCTXXXTXXAXAXAAXXCX,0,60
J0030407_1512,XXXXXXXXXXXXXXXXXXXXXAXXXXXXXXXXXXXXXXXXXXXXXXXXXXXXXXXXXXXGXXXAXTXXXXXXXXXXXXXXXAXXXXXXXXXXXAXXXXXXX,0,95
K0030302_1610,AXGGTXATTTXXTTGTXGTAGAAAXATAAXGAGAGTATAGTXAATGCGTTACATAGAAAGACTTTCACCCXGGTAGAGCGXACTCTGGAXAGTAAGTXTTT,0,12
J0030409_1610,AXGGTXATTCXXGCGTXGTAAAATXGTGCXGAGGGTACAGTXGATACGCTATATAGGGTGCCTTCCACTTXGCTAACACAXGATTTGGAXAATAGATXTCC,0,12
J0050618_1610,AXXXXXXXXXXXTXXXXXXXAXXXXXXXXXXXXXXTXXXXXXXXXXCXXGXXGXXXXXXXXXXXXXXXXXXXCXXXXXXXXXXXXXXXXXXXXXXXXXXXX,0,93
J0272813_1610,XXXXXXXTTTXXTCXXXXXXXXXXXXXXXXXXXXXXAXXGTXXXXXXXXTAXXXGXXGXXCCTTXXXXXXXGGXXXXXXAXAXTCXXXXXXGXXXAXXXCX,0,76
J0171804_1610,TXGGXXXXXXXXTXGGXXTXAAXXXXTAAXGGGXGXXXGGXXXXXACXXTAXXTAGAAXXXTCAXXAXXXXGGXXACXXGXAXXTXCXTXAXTAXAXXCXT,0,55
J0111208_1610,AXGGCXGATTXXTTGGXGGGAAAAXGTACXGGGGCTATAGTXAACACGCGATGCAGAGTACTCACCATTCXGCTAACACGXGATCCGCTXAATAGGTXTCC,0,12
J0070804_1610,XXGXTXXXTCXXNXXXXANXAXXXXXXXAXGXXAXXATGXTXXAXXXAXTXCGTXGAXXXXXXXXCATCXXXGXXXXXXGXACXXNXXTXAAXXXXAXXXX,3,65
P0070707_1610,TXGXTXXXCXXXTXGXXXXAAXTXXXXXXXXXAGXTXXAXXXXXXXTXXTAXAXXGAXTAXXXXTXXXXXXXCXXXXXXAXAXXXCXXXXXXXXXAXXXXX,0,74
P0010137_1610,AXXXXXXXXCXXGXXXXXXAXAXXXXXXCXXXXGGXXXAXXXXXXACXXTXTATXGGGTGCCTTCXXCTXXXXXXACXXAXXXTTXXXXXAXXXXAXXXCX,0,66
P0090904_1610,XXXXXXXXXXXXXXXXXXXXXXXXXXXXXXXXXXXXAXXXXXXXXXXXXXXXXXXXXXXXXXXXXTACCXXXXXXXXXXXXXXXXXXXXXXXXXXXXXXXX,0,96
P0010127_1610,AXGCTXNTTCXXTNGGXGTGAATAXGTANXGNAGGNATAGTXXXCANAXGATXTAGANNGXTCTCCACTCXGNXXAAACNXGNTTCGCTXAACAANNXCTC,13,19
N0131323_1610,TXGCTXNXTTXXTCGGXATAGAAXXGXNAXGGANGTATXNTXXXTACXCGATATAGANTGAXXXCXTCXXXGGXXACAXXXACTTXNXTXCACAANAXXXC,7,33
N0050505_1610,XXXXXXAAXXXXXXXXXXXAXAXXXXXXXXXXXGXXXTXGCXXXXXXGCXXXXXXXXAAXXXXXXXXTTXXXCXXXXXXAXXXNXXXXXXXNCAXAXXXXX,2,80
K0252808_1611,AXXGXXXATTXXTTXXXATGAXXXXGTAAXAXAAGCACAGXXXXTGCGCTANATXXAAXXXXXTCXACTXXGGXXACAXAXXCTTTCXTXXACAXGTXXTX,1,42
K0010101_1611,AXGGTXATTTXXTCGGXGTGAATXXGTGCXGGGGCTATAGCXAATACGCGATACAGAAAAATCACCATTCXGCTAGCATAXACTTCGCTXAACAGATXTTC,0,13
K0030302_1611,AXGGTXANTTXXTNGGXGTNAANXXGTGCXGNNNCNNTAGNXXACACGCTATANGGNNAAANCACCATTTXGCTAGCNNAXACNTTGGTXAACAGATXTTC,17,14
J0272809_1611,AXXCXXXTTTXXTCGTXATAGATXXXXGCXXAGACCACAGXXXAXXXXXTXXXTGGAXTXXXXTXXXCTXXGGXXXXXXAXACTCXXXAXAGTAXAXXXCC,0,50
J0272813_1611,AXGGTXGTTTXXTCGTXATAGATAXGCGCXGAGACCACAGTXGATACGCTATATGGAGTGCCTTCCACTTXGGTAACACAXACTCTGGAXAGTAAATXTCC,0,12
J0272815_1611,AXGGTXGTTTXXTCGTXATAAAAAXGCGCXGAGACCACAGTXGATACGCTATATGGAGTGCCTTCCACTTXGGXXACAXAXGCTCTGGAXAGTAAATXTCC,0,15
J0171803_1611,XXXXXXXXXXXXXXXXXXXXXXXXXXXXXXXXXXXXXXXXXXXXXXXXXXXXXXXXXXXXXXXXXXXXXXXXXXXXXXXXXXXXXXXXXXXXTXXXXXXXX,0,100
P0010126_1611,XXXCXXXXXXXXXXXXXXXXAXXXXXXXXXXAXXXXATXGXXXXXXXXXXXXXXGXXXXXXXXXXXAXXXXGXXXXXXXXXAXTXXXXTXXXTAXGXXXXX,0,86
P0010121_1611,XXXXXXXXTXXXXXXXXXXXXCXXXXXXXXXGXXXXXXXXXXXXCXXXXXXXXXXXXXXAXXXXXXXXXXXXXXXXXXXXXXXXXXXXXXAXXXXGXXXXX,0,94
P0070711_1611,XXXXXXXXXXXXXXXXXXXXXXXAXXXXXXXXXXXCXXXXXXXXXXCXXXXXXXAXXXXXXXXXXXXXXXXXXXXXXXXXXXXXXXXXXXXXXXXXXXXXX,0,97
K0070709_1611,XXXXXXXXXXXXXXXXXXXXAXXXXXXXXXXXXGXXXXXXXXXXTXXXXXXXXXXXXXXXACXXXXXXXXXXXXXXXXXXXXXXXXXXTXXXXXXXTXXXX,0,94
J0091005_1611,XXXXXXXXXXXXXXXXXXXXXXXXXXXXXXXXXXXXXXXXXXXXXXXXXXXXXXXXXXXXXXXXXXXXXXXXXXXGCXXXXXXXXXXXXXXXXXXXXXXXX,0,99
N0131310_1611,XXXXXXXXXXXXXXXXXXXXXXXXXXXXXXXXXXXXXXXXXXXXXXXXXXXXXXXXXXXXXXXXXXAXXXXXXXXXXXXXXXXXXXXXXXXXXXXXXXXXX,0,100
N0131318_1611,TXGCXXGTCCXXTTTGXANXAATXXACACXGNGNGNATAGCXANCANACTATANNGAGNGATTTCCACTCXGCTAGCNTNXGCCTTGGTXAATAAAAXNCN,13,15
J0242517_1611,TXGXTXXTTTXXTXGXXATGGAXXXGTXXXGNNAXCXTAXTXXXCXCAXGATAXXCANAXXXCXCXXTXXXXNXXXXAXAXAXTXCXXTXANTAAATXXNX,6,49
P0080854_1611,AXGGTXATTTXXTCGGXGTGAATAXGTGCXGGGGCTATAGCXAATACGCGATACAGAAAAATCACCATTCXGCTAGCATAXACTTCGCTXAACAGATXTTC,0,12
P0080840_1611,AXXXTXXXXXXXTXGXXXXXAXXXXXXXXXXXGGXXXXXXXXXXXXCXXGXXXXXXXXXXXXXXCXXXXXXXCXXXXXXXXXXTXCXXXXAACAXATXXXX,0,82
P0080843_1611,TXGCTXATCTXXTTTGXGGAAAAAXGTAAXGAAGGCGTAGTXATTACACGATATGGAATAATTTCCATTCXGCTAGCATAXGATTTGGTXAGTAAATXTTC,0,12
K0222208_1611,TXGCTXGTTCXXTCGGXATAGATAXATGCXGAAACTGTAGTXGTCGTGCGATACGGAATGATCTCCTTTCXGGTAACACGXGCCTCGGTXCATAGATXTTC,0,12
P0060609_1611,AXGCTXGTTCXXTCGGXGTGAATAXATAAXGGAGGTATAGTXGACATACGACACAGAGAGATTTCCACCCXGGTAAAACGXGCTTCGCAXAACAAATXCCC,0,12
K0111111_1611,TXAGTXGTTCXXTTTGXATAGCAAXGTGCXGGAAGTACAGTXGATACGCGATACAGGAAGACCATCATTCXGCTAGCGCAXGCTTCGGTXCGTAAATXTTT,0,12
K0394906_1611,AXGGTXATTTXXTCGGXGTGAATAXGTGCXGGGGCTATAGCXAATACGCGATACAGAAAAATCACCATTCXGCTAGCATAXACTTCGCTXAACAGATXTTC,0,12
K0262913_1611,TXANTXNTTTXXTCTXXATGAANAXGCGAXGNAGGCATAGTXAACACACGATXXNGNAAAANCNTXATTNXGGXXAAGTAXACTCTGXTXAGCAAAAXCCC,9,19
K0050512_1611,TXGGTXGTTCXXTCTGXAGAGATAXGTGAXGGGAGTGCAGTXGTTACGCTATGCGGGAAGACCTCCACCCXGGTAGCACGXGCTCCGGTXAGTAAAAXTCC,0,12
K0394938_1611,TXGCTXGATCXXTTGTXGTAAAAAXGTAAXGGGACTACGGCXATTGCACTACGCAGAGAGACCTTCATCTXGGTAACACGXACTCTGGTXCATAAGTXCCC,0,12
P0111104_1611,TXGCTXATCTXXTTTGXGGAAAAAXGTAAXGAAGGCGTAGTXATTACACGATATGGAATAATTTCCATTCXGCTAGCATAXGATTTGGTXAGTAAATXTTC,0,12
P0070705_1611,TXGCXXANTCXXXTNXXXGAGAXXXXXAAXGGXAGTGNAGTXXXXACGCGAXGCGGXNAGANNTCCACNXXANXXGCXXAXGATNXGXTXAXTAAATXXCC,9,35
J0050611_1611,AXGGCXGATTXXTTGGXGGGAAAAXGTACXGGGGCTATAGTXAACACGCGATGCAGAGTACTCACCATTCXGCTAACACGXGATCCGCTXAATAGGTXTCC,0,12
P0050504_1611,TXGGTXGTTTXXTTGGXGGAACAAXGTACXGAAGGCGCGGCXAATACGCTCTACGGAGTGACCACTACCCXGGTAACATAXAATTCGCTXAGCAAATXTTC,0,12
K0374413_1611,TXGNTXNTNNXXTTNGXANGNANAXGNNNXGNNNNTANNNTXNNTACNCNATNNAGNNAGACNNCNANNNXGNTANCNNAXNNTNNGGTXNGNAANNXTNN,46,12
J0272812_1611,AXGGTXGTTTXXTCGTXATANANAXGNGCXGAGNNNACAGTXGATACGCTATATNGAGTGCCTTCCACTTXGGTAACACAXACTCTGGAXAATAAATXTCC,7,12
K0405016_1611,TXAGCXGTTCXXGCTGXAGGAATAXGTGCXGGGACTGCGGTXATTATGCTATATAGAGAGACCACCACTCXGGTAAAACGXACCCTGCAXAGCAGGTXTTC,0,12
P0111106_1611,TXGGCXATCTXXTCGGXATGGATAXATGAXGAAACTACAGCXATTACACTATACAGAGTGACCTCCACTCXGGTAGCGTAXACTTTCGTXAGTAAAAXTTC,0,12
J0242509_1611,AXGGTXGTTTXXTCGTXATAGATAXGCGCXGAGACCACAGTXGATACGCTATATGGAGTGCCTTCCACTTXGGTAACACAXACTCTGGAXAGTAAATXTCC,0,12
P0050514_1611,TXGCTXATCTXXTTTGXGGAAAAAXGTAAXGAAGGCGTAGTXATTACACGATATGGAATAATTTCCATTCXGCTAGCATAXGATTTGGTXAGTAAATXTTC,0,12
P0010104_1611,AXAGTXNTTNXXTTGGXGTAAANAXGTNAXGANAGCNCGNTXATNNCNCNACGNGGNGNGANCTCCACTNXGGTXACANAXNCTTTGGTXAANAGNTXTTC,20,13
K0323702_1611,TXGGCXGTTCXXTTGGXAGAAAAAXGCAAXAAAGGCGCAGTXGATACGCGACACGGAGTGACCATCACCCXGGATGAATGXGCTCTGCAXAACAAAAXTCC,0,12
P0060616_1611,TXGGTXGTTTXXTCGTXATGAAAAXGTGCXGGAAGCGCAGTXANTACACTATGTAGGGTGACCACCACTCXGCTAGCACAXGCCTTGGNXCATAAGAXTTC,2,12
P0060622_1611,TXGGTXGTTCXXTTGGXGTAAATAXACAAXGAAAGCATAGCXGATATGCTATGTGGAGTGACTATCATTCXGGTTACATGXACTCTCGTXAGCAAATXTTT,0,12
P0060620_1611,NXGNTXNTCNXXTTTGXGTAGAATXATACXGAAAGNGCNGNXNNNGNNCNANACNNGNTGACNTCCTTCCXGCTAACNNAXGCNTNGXTXAGCAAGNXNNC,25,13
J0171805_1611,TXGGTXGTTCXXTNGGXAGGGAAAXNNNAXGGGAGCGNGGCXNATACGCGATACAGNAAGACNTCCACTCXGCTAACATNXAATCCGXNXNACAAANXCTC,12,13
J0171802_1611,NXGCTXGTTTXXTTTGXGTAGAAAXGTAAXGAGGCCATAGTXAACACACGATATAGAGNGACTTTCATCCXGCTTAAATAXGCTTCGCTXAGTAAGAXTCT,2,12
J0181911_1611,AXGGCXGATTXXTTNGXGGNGAATXGTACXGGGGNTATAGTXAANACGCNANNCAGAGTACTCACCATTCXGCTAACACNXGANCCGNTXAATAGGTXTCC,10,12
J0050617_1611,NXGNTXGTTTXXTTTGXGTNGAAAXGTAAXGAGGCNATAGTXAACACACGANATNGAGNGACTTNCATCCXGCTTANANAXGCTTCGCTXAGTAAGAXTCT,10,12
K0070714_1611,TXGCCXGTTTXXTTGGXAGAGAAAXGTGCXGGGGGCGCAGTXAATGTACTATACAGAAAGACCTTCACTTXGCTAACACGXACTTCGGTXAATAGAAXTTC,0,12
K0222201_1612,XXXXXXXXXXXXXXXXXXXXXAXXXXXXXXXXXXXXXXXXXXXXTXXXXXXXXXAXXXXXXXXXCXXXXXXXXXXXXXXXXXXXXXXXXXAXXXXAXXXXX,0,95
K0262935_1612,XXXXXXAXXXXXXXXXXXXXAXXXXXXXXXXXXXXXXXXXXXXXXXXXXTXXXXXXXXTXXXXXXXXXXXXXXXXXXXXXXXXXXXXXXXXXXXXAXXXXX,0,96
K0262922_1612,TXACTXGTTCXXTTGGXATAACTAXATACXGAAGCTACAGTXAATGTGCTATACAGGGAGACCTTTACTCXGCTAGCGTAXAATCTGGTXAACAAATXTTC,0,12
K0263008_1612,TXGGXXXXTCXXTCTXXAGXAAXXXGXXCXGAGXXTXTGGXXXXXXCXXTAXXTXGAATGACCACCXXXXXGGXXACXXAXGCTTTXXAXAGTCXGXXXCX,0,48
K0222213_1612,XXGXXXXXXXXXXCGXXXXXXXXXXXTXXXXAAXXXXTXGTXXXXXCGCXXXXXXGXAXXXXXAXXAXXXXGGXXXXXXXXXATCXGXXXXAXAXGTXTXC,0,73
K0374406_1612,TXGGXXXTTTXXTCXXXAXAACAXXATAAXGAAACTATXGTXXXCGTGCGAXGTAGGGAGACCATCACCCXGGXXGCXXGXACTTTGXAXAGCAXGAXCTC,0,28
K0364319_1612,TXGCTXATTTXXTCGGXGTAAATAXGTAAXGGGGCCATAGTXGATGCGCGATATAGAAAGACCACCTCCCXGGTAGCACAXACTTCCCTXCNCAGGAXTTC,1,12
K0080809_1612,XXXXXXXXXXXXXXXGXXXXAXXXXXXXXXXXXXXXXXXXXXXXXXXXXXXXXXXXAXXXXXXXXXXXXXXXXXXXXXXXXXXXXXXXXXXXXXXXXXXXX,0,98
K0030303_1612,AXGGTXATTTXXTCGGXGTGAATAXGTGCXGGGGCTATAGCXAATACGCGATACAGAAAAATCACCATTCXGCTAGCATAXACTTCGCTXAACAGATXTTC,0,12
K0374502_1612,TXXCXXGTXTXXTTGXXGTGAATXXGXXAXGAAXCCGTANTXGTTXTACGATNTGXXGAGXXTXTCATCXXGGXXACXXAXXATTXGXAXAGCAGGXXXCX,2,37
P0060623_1612,TXGGTXNTNNXXTTNGXGNAGANNXATANXGNNAGCGCGGCXGANGTGCTANACNGNNTGACCNNCNTNCXGCTAACNCAXGCTNTNGTXAGCAAGNXTTC,23,12
P0070722_1612,AXGCTXGTTTXXTCGGXGGGAAAAXGCGCXGAAAGCATAGTXGATACATTACATGGAGTGATCTCCACCCXGCTAACGCAXACTTCGGTXAATAAGAXTTT,0,12
P0080802_1612,AXXXXXXXXXXXXXXXXXXXXXXXXXXXXXXXXXXXXXXXXXXXXXXXXXXXXXXXXXXXXXXXXXXXXXXXXXXXXXXXXXXXXXXXXXXXXXXXXXXXC,0,99
K0171716_1612,TXGGTXGTTTXXTTGTXAGGAATAXGTGAXGAAAGCGCAGTXATCGTGCTATACGGAGTGACCTTCACCTXGCTAGCACGXACTTCGGTXCGTAAATXCTC,0,12
P0080842_1612,TXGCTXGTTTXXTTGGXGTAAATTXGTGCXGGAAGTATGGTXAATACACGATATGGAGTAATCATCATCCXGGTAACATGXACTTCGGTXAGCAAATXTTC,0,12
P0080805_1612,TXGCTXATCTXXTTGTXGTAAATTXGTGCXGGAAGTATGGTXATTACACGATATGGAGTAATCATCATCCXGGTAACGTGXACTCCGGTXAGCAAATXTCC,0,12
P0080836_1612,AXGCTXGTTTXXTCGGXGGGAAAAXGCGCXGAAAGCATAGTXGATACATTACATGGAGTGATCTCCACCCXGCTAACGCAXACTTCGGTXAATAAGAXTTT,0,12
P0080880_1612,TXACXXGTTCXXTCTGXAGAGATXXXTNCXGAAGGCACAGCXANCGCACGCTACGGGNAGACCTCCTTCXXAGTTACGXAXGCNTCGCTXAGCAAGAXNTC,5,17
P0020213_1612,AXGGTXAATCXXTCGTXGGAAAATXGTGAXGGAACTACAATXAATACGCTATATAGAGAAACCTCCATTCXGGTAAAACAXACTTTCGTXAACAAATXTCC,0,12
N0141403_1612,XXGXXXXXCTXXTXXXXXXXGAXXXXXAXXGAXXCTATAGXXXXTAXXXGAXXTAXGXXGXTXTXXXXCXXGXXXXCXTXXXCXXXXXTXAGTXXGTXTXX,0,64
J0272813_1612,AXGGTXGTTTXXTCGTXATAGATAXGCGCXGAGACCACAGTXGATACGCTATATGGAGTGCCTTCCACTTXGGTAACACAXACTCTGGAXAGTAAATXTCC,0,12
J0272809_1612,AXGGTXGTTTXXTCGTXATAGATAXGNGCXGAGNCNACAGTXGATACGCTATATGGAGTGCCTTCCACTTXGGTAACACAXACTCTGGAXAGTAAATXTCC,3,12
K0263008_1701,XXGXTXXAXCXXTXTXXAGGAXXXXXXGXXXXXXXXAXXGTXXXXXXXXTXXXXXGAXTGXXXAXXXTCXXGGXXXXXXXXXCXTXXXXXAGXXXXXXXCX,0,72
K0374406_1701,XXXCXXAXTXXXTXXGXGTXAAXXXXXXAXXGXXCTAXXXXXXXXXCXXGAXXCAGGXAXXXXXCCXCTCXXXXXXXXXAXXXTXCGXNXXAXAGAXXXTX,1,64
K0232412_1701,TXGXTXXATCXXTXGTXATAAAAXXATXCXGGGAGCXCGGTXXXTXCGCTATATAGAAAXAXTTTCAXXXXXCXXAXGTAXACTTTXXTXAGTCXATXXTC,0,34
K0101005_1701,AXXXXXXXTXXXTXXXXXXGAXXXXXXXXXXGXGXXXXAXXXXXXXXXXGXXXXXXXXXXXXXXCXAXXXXXXXXXXXXXXXXTXXXXTXAAXXXAXXXXX,0,85
K0364324_1701,AXXCTXXXXTXXXCGXXXTGAXXXXGTGXXXXGGCTAXXGNXXXXXCXXGAXXXXXXXAXXXXXCXATTCXXCTAXXATXXAXXTCXXTXAACAXATXXCC,1,56
K0364314_1701,TXGGTXGACCXXTCTGXATAAATAXGTACXGAAACTGCAGCXAATACGCGACATAGAGTGATCACCACCTXGGTAACGCGXGCTCCGGTXAACAGGTXTCC,0,12
P0020213_1701,AXGGTXAATCXXTCGTXGGXAAATXGTGAXGGAACTACAATXAATACGCTATATAGAGAAACCTCXATTCXGGTXAAACAXACTTTCGTXAACAAATXTCC,0,15
P0121204_1701,XXXXXXXXXXXXXXXXXXXXAAXXXGXGXXXXXXXXXCXGXXAXCXCGXXAXXXAGXXXAXXXXXXXCXXXXXXXXXXXXXXXXTXXXXXXAXXXXXXXXX,0,84
P0020215_1701,TXGCXXATTCXXTCXGXGGXGATAXXTAAXGAXXCTATAGXXAXCATAXTCXXTGGAXTGACTTCXACTCXACXXACACAXGXTTCXGTXAACAAAAXCTC,0,29
P0070722_1701,AXGCXXGTTTXXTCXGXGGXAAAAXGCGCXGXXXGCATAGTXXXTACXTTAXXTGGAXTGATCTCCACCCXGCXXACGCAXACTTCXGTXAATAAGAXTTX,0,28
P0020206_1701,TXGCTXGTTNXXTNXGXGNXAATAXXTAAXGNXGCTNNAGCXXXTNTACGAXANNGXAXAACCACXACCXXGGXXXCAXGXACTCCGGTXAATAAGAXNTX,10,28
J0222302_1701,XXXXXXXXXXXXXXXXXXXXXXXXXXXXXXXXXXXXXXXXXXXXXXXXXXXXXXXXXXXXXXXXXXAXXXXXXXXXXXXXXXXXXXXXXXXXXXXXXXXXX,0,100
J0282916_1701,NXGCTXATTCXXTTGGXATGGATTXGNAAXGGAGNTANAGTXGATACGCTACNNNGNNAAATTTCCACNCXGNTAACANNXNNTCNNGNXANTAAAAXTCC,19,12
P0090907_1701,XXXXXXXXXTXXXXXXXXXXXXXXXXXXXXXXXXXXXXXXCXXXXXXXXXXXXXXXXXXXXXXXXXXXXXXXXXXXXXXXXXXXXXXXXXXXXXXXXXXXX,0,99
P0080836_1701,AXGCTXGTTTXXTCGGXGGGAAAAXGCGCXGAAAGCATAGTXGATACATTACATGGAGTGATCTCCACCCXGCTAACGCAXACTTCGGTXAATAAGAXTTT,0,12
K0222213_1701,XXXXCXXXTTXXTXXXXXXGXXTXXXTXXXXXXGCTXNXGCXXXTXCGXGXXXXXXAXAXXXXTCXXTTXXXCTAXXAXXXAXXTXGXXXXAXAXAXXTTT,1,65
J0272813_1701,AXGGTXGTTTXXTCGTXATAGATAXGCGCXGAGACCACAGTXGATACGCTATATGGAGTGCCTTCCACTTXGGTAACACAXACTCTGGAXAGTAAATXTCC,0,12
J0272815_1701,AXGGTXGTTTXXTCGTXATAAAAAXGCGCXGAGACCACAGTXGATACGCTATATGGAGTGCCTTCCACTTXGGTAACACAXGCTCTGGAXAGTAAATXTCC,0,12
J0151608_1701,TXGGXXGTTTXXTCXGXATXAAATXATAAXGGAAGCGCGATXXXTACGCTCXXTAGAGTGATTTXXATCCXAGXAGCACAXGCTCCCCTXAATAAATXTTC,0,22
J0101103_1701,TXGCTXATTTXXTCGGXATGGATAXGTAAXGAAGGTATGGTXATTATGCTACACAGGGAAATCACTACTCXGCTAACACGXAACTTGGAXCGCAAGAXTCT,0,12
N0131303_1701,TXGCXXGTTXXXTCXXXGTXAATAXGTAXXGAXGCTGCAGCXGATGTACTAXATAGAAAAACCACXACCXXGGXXACXXGXACTCCGGTXAATAAGAXCTC,0,26
K0252808_1701,TXGCTXGTTTXXTCGGXGTGAATAXGTAAXGAAGCTGNAGCXGATGTACTATATAGAAAAACCACCACCCXGGTAACAXGXACTCCGGTXAATAAGAXCTC,1,13
K0171716_1701,TXGGTXGTTTXXTTGTXAGGAATAXGTGAXGAAAGCGCAGTXATCGTGCTATACGGAGTGACCTTCACCTXGCTAGCACGXACTTCGGTXCGTAAATXCTC,0,12
K0171719_1701,AXXXXXXXXTXXXXXXXXXXGXXXXXXXXXGXXXXTXXXXXXXXXXCXXXXXXXXXXXXXXXCXXXXXXXXXXXXXXXXAXXXTXCXXXXAAXAXAXXXXX,0,87
J0030406_1701,TXGGTXGTTTXXTTTGXGTAAATTXGTAAXGAGGCCGTAGTXAATACGCTATACAGAGTGACCTCCATCCXAGTAGCGCAXACTTCGGTXAACAAATXTCC,0,12
P0111105_1701,AXXGXXXTTTXXXXXXXXXXAXXXXGXGCXGGXXCXATXGXXXXTAXXXGXXXCAXAAAXATCAXXTTTXXXGTAXXAXXXAXTTXGXXXXXCAXXXXXTX,0,60
K0415108_1701,AXXXXXXTTXXXTXXGXAGXAATXXXXGXXGGAGCTAXXGXXXXTXXXXGXXXCXGXXAAATCACCXTTCXGCXXGCXXXXAXXXCGXTXAXXAXATXXXX,0,55
K0262922_1702,XXXCXXXXXXXXXTXXXXXXXCXXXXXXXXXXXXXXXXXXXXXXTXXXXXXXXXAGXXXXXXXXXXXXXXXGXXXXXXXXXXXXXXXXXXXXXXXXXXXXX,0,94
K0263111_1702,XXXXXXXXXXXXXXXXXXXXXXXXXXXXXXXXXXXXXXXXXXXXXXXXXXXXXXXXXXXAXXXXXXXXXXXXXXXXXXXXXXXXXXXXXXXXXXXXXXXXX,0,100
P0121204_1702,XXXXXXXXXXXXTXXXXXXXXXXXXXXXXXXXXXXXXXXXXXXXXXXXXXXXXXXXXXXXXXXXXXXXXXXXXXXXXXXXXXXXXXXXXXXXXXXXXXXXX,0,100
P0080857_1702,XXXGXXAXTXXXXCXXXGXXAATXXXTGCXXXXXNTAXXXXXXXTAXXXXAXXCNGXXXAXXXAXXXXXXXGXXXXXXXXXAXTXXXXXXANXXNAXXXNX,5,71
P0020206_1702,TXGNCXATTCXXTTTGXNNAGNNAXGTNNXGNXGNTACAGTXNNNATACGNTATAGAGAGACCTNCACTCXNCTXAAACAXACNTTGGTXCANAAATXTTT,17,14
K0080809_1702,XXGXXXXXTTXXXXXXXXXAAXXXXXXGXXGXXGCTXXAGXXXXXXCACTXXXCXXAXXXXXXXXXATTXXGCXXGCXXXXAXTTTXXTXXXCAXAXXXXX,0,68
K0384601_1702,AXXXTXXXXXXXXXXXXXXXAAXXXXXXXXXGXGXXXXXXXXXXXXCXXXXXXXXGXAAXAXXXXXXXXXXXXXXXXXXXXXXTXXXXXXXXXAXAXXXXX,0,87
K0384611_1702,TXGGTXGTTTXXTCGGXATAAATAXGTGAXGGGGGCACAGTXXXTACACTATGTGGAGAGACCTCCATTTXAGTXACGXAXGCTTCGXTXAACAAGTXCCT,0,17
J0101103_1702,TXGCTXATTTXXTCGGXATGGATAXGTAAXGAAGGTATGGTXATTATGCTACACAGGGAAATCACTACTCXGCTAACACGXAACTTGGAXCGCAAGAXTCT,0,12
J0282916_1702,TXGCTXATTCXXTTGGXATGAATTXGTAAXGAGGCTATAGTXGACATACGACGTAGGGAAATTTCCATCCXGGTAACACAXACTCTGGTXAGTAAAAXTTC,0,12
P0060623_1702,NXNCTXGTNCXXTTTGXGTXGAANXATACXGAAAGCGCAGTXANCGCACGAXACNNGANGACCTXCTTCCXGCTAACGNAXGCNNCNCTXAGCANGNXTTC,14,15
P0070722_1702,AXGCTXGTTTXXTCGGXGGGAAAAXGCGCXGAAAGCATAGTXGATACATTACATGGAGTGATCTCCACCCXGCTAACGCAXACTTCGGTXAATAAGAXTTT,0,12
J0272813_1702,AXGGTXGTTTXXTCGTXATAGATAXGCGCXGAGACCACAGTXGATACGCTATATGGAGTGCCTTCCACTTXGGTAACACAXACTCTGGAXAGTAAATXTCC,0,12
J0030406_1702,TXGGTXGTTTXXTTTGXGTAAATTXGTAAXGAGGCCGTAGTXAATACGCTATACAGAGTGACCTCCATCCXAGTAGCGCAXACTTCGGTXAACAAATXTNC,1,12
J0272815_1702,AXGGTXGTTTXXTCGTXATAAAAXXGCGCXGAGACCACAGTXXXTACGCTATATGGAGTGCCTTCCACTTXGGTXAXACAXGCTCTGXAXAGTAAATXTCC,0,18
K0415108_1702,TXXXXXXTTTXXXCXXXXXGGATXXXXGXXXGNXXXXXXXXXXXTXCXXXXXXXXXXXXXATCXXXATXXXAXXXXXXXXXXXXXCXXAXXXCAXATXXNX,2,74
K0171716_1702,TXGGXXGTTTXXTTXTXXGXAATXXXXXAXGAAAGCGXAGTXXXCXTGCTXTACGGXGTXACCTTXACCTXGCXXGXXXXXACXXXGGTXCGXAAATXCXX,0,40
K0263008_1704,TXXGXXGXTCXXTCXXXXXXAAAAXGXGCXXXXXCTXXXGXXAATGCACTAXATAXAATXXXXXCXATCCXGGXXXXXXAXGXTTTXGAXAXTCXGAXTXX,0,49
K0262940_1704,TXAGCXGXXXXXTTGGXXTXAAAXXGTXAXGAAACTACXGCXXXTACNCTATATGGAGTGXCTACCAXCXXGCTAXXXXGXACXTTXXXXAACAXAAXXXC,1,36
K0262922_1704,TXACXXGTTCXXTTGGXATAACTAXATACXGAAGCTACAGTXAATGTGCTATACAGGGAGACCTTTACTCXGCTAGCGXAXAATCTGGTXAACAAATXTTC,0,14
P0080842_1704,TXGCCXNTNTXXTNGNXNTNAANTXGTGNXGGAAGTATGGTXANTACNCNANANGGAGNNATCATCATCCXGNTAANNTGXNCTNNGNNXAGCAAATXTNC,24,12
P0020206_1704,XXGXXXXXTXXXXXXXXXXXXCXXXXXXXXXXXXGTAXAGXXXXNXXXXTXXXTNXXXXGXXXTXXAXXXXXXXXXXXXXXXXXXXXXTXCAXXXXXXXXX,2,83
P0121204_1704,XXGXXXAXTXXXXXXTXXXXAAXXXGXXAXXAGXXXXCXGXXXXCXXXXGXTAXAGAATXXXXATXAXXXXGCXXXXAXXXAXXXCXXXXXATAAATXXTX,0,65
P0060623_1704,AXGCXXGTCCXXTTXTXGTXGAANXATACXGAAAGCGCAGTXAXCGCACGATACACGAXGACNTCCTTCCXGXXXXCGTAXGCTNCGCTXAGCANGNXXTX,5,23
K0384611_1704,XXXXXXXXXXXXXXXXXXXXXXXXXXXXXXXXXXXCXXXXXXXXXXXXXXXXXXXXXXXXXXXXXXXXXXXXXXXXXXXXXXXXXXXXXXXXXXXXXXXXX,0,100
J0101103_1704,TXXXXXXXXXXXXXXXXXXXXXTXXXXAAXXXAXXXXXXXXXXXXAXGCXXXXXXXXXXXXXXXXXXXXXXXXXXXXXXXXXAXXXXXXXCXCXXXXXXXX,0,90
K0263008_1705,TXGGXXGXTXXXTCTGXXXGAXXXXGCGXXGXXXXTAXGGXXXXXXXXXTAXXXXXXATGXXCACXATCXXXGXXAXGCAXXCTXTXXXXAGTCXGAXTXX,0,56
K0262922_1705,TXACTXGTTCXXTTGGXATAACTAXATACXGAAGCTACAGTXAATGTGCTATACAGGGAGACCTTTACTCXGCXAGCGTAXAATCTGGTXAACAAATXTTC,0,13
P0020206_1705,TXGGTXATTCXXTTTXXGGGGAAAXGTAAXGAAACTATAGTXAACATACTATATGGAGAGACCTCCACTCXGCTTANNTAXGCTTCGGTXCACAAATXTTT,2,13
P0020213_1705,AXGGTXAATCXXTCGTXGGAAAATXGTGAXGGAACTACXATXAATACGCTATATAGAGAAACCTCCATTCXGGXXAAACAXACTTTCGTXAACAAATXTCC,0,15
P0080857_1705,XXXXXXXXXXXXXXXXXXXXXXXXXXXXXXXXXXXXXXXXXXXXXXXXCXXXXXXXXXXXXXXXXXXXXXXXXXXXXXXXXXXXXXXXXXCXXXXXXXXXX,0,99
P0121204_1705,TXGXXXXAXXXXTTXXXAGXAAXAXGXGAXGAGGCTGXAGXXXXCACGCGAXXTXGAATAXXXATCACCXXGCXXACAXAXAXTTCGGTXAAXAXATXCTC,0,39
P0080842_1705,TXGCXXGTCTXXTTGGXGTAAANXXGTGCXGGNGCTACAGTXANTACACGATACGGAGTAATCATCATCCXGGXAACGTNXACTNNGGTXAATAAATXTTC,6,15
P0060623_1705,TXGGTXNTTCXXTNGGXGTAAATAXACAAXGAAAGCATNGNXNATATGCTATGNNGAGNGACTATCANTCXGGTNACNNGXNCTCTCGTXAGCAAATXTTT,13,12
P0080805_1705,TXGCTXATCTXXTTGTXGTAAATTXGTGCXGGAAGTATGGTXAXTACACGATATGGAGTAATCATCATCCXGGTXACGTGXACTCCXGTXAGCAAATXTCC,0,15
K0384611_1705,XXXXXXXXXXXXTXXXXXXXXXXXXXXXXXXXXGXXXCXXXXXXXXCXXXXXXXGXXXXXXXXXXXXXXXXXXXXACXXXXXXXXXXXTXXXCXXXXXXXX,0,92
J0272813_1705,AXGGTXGTTTXXTCGTXATAGATAXGCGCXGAGACCACAGTXGATACGCTATATGGAGTGCCTTCCACTTXGGTAACACAXACTCTGGAXAGTAAATXTCC,0,12
J0282916_1705,TXGCXXAXXCXXTXGGXATXAXTXXXXXXXGXGGXTAXAGTXXXXXTACXXXGXXXGXXAXXXTCXATCXXXGXXXXAXXXAXXXXXXXXXGTAXAXXXTX,0,62
P0050519_1705,TXXCXXGTTTXXTCXGXGGXAAAXXGTACXGAXAGCACGGXXXXTATAXGAXGTGGGGNGATCACXXXCCXGGXXXCXXAXACTTXGXTXAGCAAAAXXCT,1,34
K0181810_1705,AXGGTXXTCTXXTCTGXAGGGAAAXATGAXGAAAXCGTAGTXATTXTACGATATAGGNTXACCACCATTTXGGTXGCATGXACTTTGXTXANCAAATXTTC,2,18
J0030406_1705,TXGGTXGTTTXXTTTGXGTAAATTXGTAAXGAGGCCGTAGTXAATACGCTATACAGAGTGXCCTCCATCCXAGXXGCGCAXACTTCGGTXAACAAATXTCC,0,15
P0080806_1705,XXXXXXXXXXXXXXXXXXXGXXXXXXXXXXXXXXXXXXXGXXXXXXXXXXXXXXXXXXXXXXXTXXAXXXXXXXXXXXXXXXXXXTXXXXXXXAXXXXXCX,0,94
K0262940_1703,XXXXXXXTXXXXTXXXXXTXXAXXXXXAXXXXXXXTXXXXXXXXTAXXXTXXXXGGXXXGXXXXXXXXXXXXXXXXXXXXXXXCXXXXXXXXXXXAAXXXX,0,86
P0121204_1703,XXXXXXXXTXXXXXXXXXXXAAAXXXXXXXXXXXCTXXXXXXXXCXXXXXXXXXAXXXXXXXXXXXXXXXXXXXXXXXXXXXXXXXXXXXXAXXXXXXXXX,0,92
P0060623_1703,TXGGXXGTTCXXTTGGXGTAAATAXACAAXGAAAGCATAGCXGATATGCTATGTGGAGTGACTATCATTCXGGTTACATGXACTCTCGTXAGCAAATXTTT,0,13
P0080842_1703,TXGCXXXXNTXXTXXXXNTXAATXXGTGXXXXXXNTATGGXXXXTXCXXXAXACGGAGXNATCATXXTXXXXGXXANAXGXACTXCXXTXAGCAXATXXXX,5,49
P0020206_1703,NXGGTXATNNXXTTNGXGGNNAAXXGTNAXGAANNTNTAGTXNANATACNANATNGANAGANCTNCACNCXGNXXNNNTAXNCTTCGGNXNANAAATXNNT,29,15
J0282916_1703,TXGCXXATTCXXTTXGXATXGATXXGXAAXGGXGGTACAGXXXXTANXXTAXXCNGAAAAXTTTCXXXXXXGCXXAXXXGXGATXXXXAXAATXAAAXTCX,2,42
J0272815_1703,AXGGTXGTTTXXTCGTXATAGATAXGCGCXGAGACCACAGTXGATACGCTATATGGAGTGCCTTCCACTTXGGTAACACAXACTCTGGAXAGTAAATXTCC,0,12
J0272813_1703,AXGGXXGTTTXXTCXTXATAAAAXXGCGCXGAGACCACAGTXXXTACGCTATATGGAGTGCCTTCCACTTXGGXAXCACAXGCTCTGGAXAGTAAATXTCC,0,19
J0101103_1703,XXXCXXXXTXXXXXXXXXXXGAXXXXXAXXXAXXGTXTXXXXXXXAXXXXAXXCAXXXXAXXXAXXXXXXXGCXXXXXXXXXXXXXXXXXCXCAXXXXXCX,0,80
K0171716_1703,TXGXXXXXTXXXTXXXXXXGAAXXXXXGAXXAAAGXGXAGXXXXXGTXXXXXXCGGXGTGXXXTTXACCXXGCXXXXXXGXAXTXCXXXXCXTAXAXXXXX,0,62
J0151608_1703,XXXXXXXXXXXXXXXXXXXXAXXXXXXXXXXXXXXXXXXXXXXXXXXXXXXXXXXXXXXXXXXXXXXXXXXXXXXXXXXXXXXXXXXXXXXXXAXXXXXXX,0,99
K0090903_1607,XXXXXXXXXXXXXXXXXXXXAXXXXXXXXXXXXXXXXXXXXXXXXXXXXXXXXXXXXXXXXXXXXXXXXXXXXXXXXXXXXXXXXXXXXXXXXXXXXXXXX,0,100
P0030304_1607,NXGCTXNTTCXXTTGGXGTAAANAXGTGAXGNAGGTNCAGCXXXCXCGXTATNNAGAGTAATCTTNANNXXXGXXAXATAXGATTTXXTXCATAXATXXTX,10,26
P0070710_1607,TXGGCXATTTXXTNGTXATAAAAAXGTAAXGAAACCATAGTXATCACGCGATNTGCAGNGANCATCATCXXNNTAAXNNAXACTTCGGAXANTAAAAXTCC,9,14
K0364312_1607,TXACTXATTCXXTTGGXGGANAANXGTACXGGAGCTGNGGTXATCGCGCTACATAGAGAGACCTTCATTCXGGTTACGNGXGCTXCGGTXAGCAAGTXCCC,4,13
